name,full_name,trip_count,trip_list,stop_count,stop_list,id,direction_id
Vivek_Test14,No active trips,0,[],0,[],5953,0
Vivek_Test14,No active trips,0,[],0,[],5953,1
215-NE,No active trips,0,[],0,[],2328,0
215-NE,No active trips,0,[],0,[],2328,1
223-L,No active trips,0,[],0,[],1201,0
223-L,No active trips,0,[],0,[],1201,1
D31G-NBV11,No active trips,0,[],0,[],6157,0
244-H,No active trips,0,[],0,[],6485,1
244-C VSD,No active trips,0,[],0,[],3447,0
244-C VSD,No active trips,0,[],0,[],3447,1
80-E,No active trips,0,[],0,[],4270,0
80-E,No active trips,0,[],0,[],4270,1
80-E YTTMC-KNN-2,No active trips,0,[],0,[],4943,0
271-B KMT-2KVP,No active trips,0,[],0,[],4765,0
271-B KMT-2KVP,No active trips,0,[],0,[],4765,1
271-B,No active trips,0,[],0,[],4762,0
271-B,No active trips,0,[],0,[],4762,1
D4-JBS4T,No active trips,0,[],0,[],3821,0
D4-JBS4T,No active trips,0,[],0,[],3821,1
KLN-HBR,No active trips,0,[],0,[],7041,0
KLN-HBR,No active trips,0,[],0,[],7041,1
KLNB-HBRL,No active trips,0,[],0,[],3980,1
296,No active trips,0,[],0,[],2712,0
296,No active trips,0,[],0,[],2712,1
296-B,No active trips,0,[],0,[],4821,0
296-B,No active trips,0,[],0,[],4821,1
296-D,No active trips,0,[],0,[],2809,0
296-D,No active trips,0,[],0,[],2809,1
402-D CVB-YSTF,No active trips,0,[],0,[],1189,0
D45G-YSTF,No active trips,0,[],0,[],3442,0
D45G-YSTF,No active trips,0,[],0,[],3442,1
402,No active trips,0,[],0,[],1412,0
276-F KBS-YSTF,No active trips,0,[],0,[],6656,1
402-B,No active trips,0,[],0,[],1299,0
402-B,No active trips,0,[],0,[],1299,1
402-D,No active trips,0,[],0,[],6012,0
402-D,No active trips,0,[],0,[],6012,1
402-D KBS-VSD-YSTF,No active trips,0,[],0,[],1186,1
G-9,No active trips,0,[],0,[],1307,0
G-9,No active trips,0,[],0,[],1307,1
PTH-YSTF,No active trips,0,[],0,[],1415,0
PTH-YSTF,No active trips,0,[],0,[],1415,1
PTH-YSTF5,No active trips,0,[],0,[],7796,0
PTH-YSTF5,No active trips,0,[],0,[],7796,1
KLN-80FTRD,No active trips,0,[],0,[],8098,0
BC-7C,No active trips,0,[],0,[],4673,0
BC-7CA,No active trips,0,[],0,[],4681,0
250-DD,No active trips,0,[],0,[],8574,0
8THM-D315,No active trips,0,[],0,[],7674,0
BC-7H D31G-8MYL,No active trips,0,[],0,[],5985,0
BC-7H D31G-8MYL,No active trips,0,[],0,[],5985,1
515-B,No active trips,0,[],0,[],8611,0
515-B,No active trips,0,[],0,[],8611,1
515-B 8THML-KGR,No active trips,0,[],0,[],8474,0
BC-7B PSS-NLGH-8thM,No active trips,0,[],0,[],6080,0
BC-7B PSS-NLGH-8thM,No active trips,0,[],0,[],6080,1
PSS-NLGDH-8THM,No active trips,0,[],0,[],7834,0
BSK-JNN,No active trips,0,[],0,[],7529,0
BSK-JNN,No active trips,0,[],0,[],7529,1
18,No active trips,0,[],0,[],1115,0
18,No active trips,0,[],0,[],1115,1
60A-MDP-NBC,No active trips,0,[],0,[],7608,0
60-A,No active trips,0,[],0,[],7473,0
60-A,No active trips,0,[],0,[],7473,1
300-H KBS-ADMC,No active trips,0,[],0,[],7237,0
300-H KBS-ADMC,No active trips,0,[],0,[],7237,1
600-A,No active trips,0,[],0,[],8605,0
600-A,No active trips,0,[],0,[],8605,1
347-K KRMBS-AECS,No active trips,0,[],0,[],8541,0
45-D,No active trips,0,[],0,[],1751,0
45-D,No active trips,0,[],0,[],1751,1
13-H,No active trips,0,[],0,[],1632,0
13-H,No active trips,0,[],0,[],1632,1
45-G AGSLC-KBS,No active trips,0,[],0,[],7653,0
234-F KBS-AGSLO,No active trips,0,[],0,[],4865,0
234-F KBS-AGSLO,No active trips,0,[],0,[],4865,1
285 KBS-ARMYPR,No active trips,0,[],0,[],7547,0
285 KBS-ARMYPR,No active trips,0,[],0,[],7547,1
SBS-ARMYPR,No active trips,0,[],0,[],7549,1
271-A KMT-ABG,No active trips,0,[],0,[],6909,0
271-A KMT-ABG,No active trips,0,[],0,[],6909,1
273-B KMT-ABG,No active trips,0,[],0,[],4801,0
273-B KMT-ABG,No active trips,0,[],0,[],4801,1
271-A,No active trips,0,[],0,[],3906,0
271-A,No active trips,0,[],0,[],3906,1
271-A KBS-VSD-ABG,No active trips,0,[],0,[],3908,1
273-B,No active trips,0,[],0,[],4784,0
273-B,No active trips,0,[],0,[],4784,1
270-D PSS-ABG,No active trips,0,[],0,[],4759,0
273-B PSS-ABG,No active trips,0,[],0,[],4798,0
401-AK ABG-PSS,No active trips,0,[],0,[],3907,0
270-D,No active trips,0,[],0,[],4756,0
270-D,No active trips,0,[],0,[],4756,1
248-U,No active trips,0,[],0,[],7932,0
248-U,No active trips,0,[],0,[],7932,1
MF-49,No active trips,0,[],0,[],8051,0
MF-49,No active trips,0,[],0,[],8051,1
V-250SB,No active trips,0,[],0,[],7616,0
V-KBS-AIT,No active trips,0,[],0,[],7400,0
V-KBS-AIT,No active trips,0,[],0,[],7400,1
D43-ADR,No active trips,0,[],0,[],6613,0
D43-ADR,No active trips,0,[],0,[],6613,1
342-K,No active trips,0,[],0,[],3257,0
342-K,No active trips,0,[],0,[],3257,1
342-K KBS-ADK,No active trips,0,[],0,[],8899,0
289 YHKOT-ARS,No active trips,0,[],0,[],3725,0
289 YHKOT-ARS,No active trips,0,[],0,[],3725,1
HSR FDR-1,No active trips,0,[],0,[],6438,0
HSR FDR-1A,No active trips,0,[],0,[],6437,0
212,No active trips,0,[],0,[],1882,0
212,No active trips,0,[],0,[],1882,1
212-D,No active trips,0,[],0,[],1901,0
212-D,No active trips,0,[],0,[],1901,1
291-JA KBS-ALO,No active trips,0,[],0,[],8284,1
290-T SBS-AGLO,No active trips,0,[],0,[],1331,0
290-T SBS-AGLO,No active trips,0,[],0,[],1331,1
D14G-AFG,No active trips,0,[],0,[],8630,0
278-E  SBS-AFG,No active trips,0,[],0,[],8632,1
KRMTTMC-ATO,No active trips,0,[],0,[],8785,0
359-A D38G-ABS,No active trips,0,[],0,[],8458,0
359-A D38G-ABS,No active trips,0,[],0,[],8458,1
359-A,No active trips,0,[],0,[],8041,0
359-A,No active trips,0,[],0,[],8041,1
285 PTH-AAE,No active trips,0,[],0,[],8602,0
SBS-AAE,No active trips,0,[],0,[],8603,1
284-E,No active trips,0,[],0,[],3702,0
284-E,No active trips,0,[],0,[],3702,1
284-E ALS-KBS,No active trips,0,[],0,[],3704,0
227-L,No active trips,0,[],0,[],1365,0
227-L,No active trips,0,[],0,[],1365,1
ALP-SBS,No active trips,0,[],0,[],7371,0
255-AE-ALRBDA-D40G,No active trips,0,[],0,[],8349,0
255-AC KBS-ALRBDA,No active trips,0,[],0,[],8348,0
255-AC KBS-ALRBDA,No active trips,0,[],0,[],8348,1
255-AE,No active trips,0,[],0,[],4089,0
255-AE,No active trips,0,[],0,[],4089,1
255-AE ALRB2-VSD-KBS,No active trips,0,[],0,[],4145,0
257,No active trips,0,[],0,[],2655,0
257,No active trips,0,[],0,[],2655,1
257-E DSP-ALR,No active trips,0,[],0,[],3320,0
257-E DSP-ALR,No active trips,0,[],0,[],3320,1
257-E,No active trips,0,[],0,[],3316,0
257-E,No active trips,0,[],0,[],3316,1
415-E,No active trips,0,[],0,[],3332,0
415-E,No active trips,0,[],0,[],3332,1
KLN-AJB,No active trips,0,[],0,[],7040,1
415-H,No active trips,0,[],0,[],3823,0
415-H,No active trips,0,[],0,[],3823,1
415-H KBS-VSD-AJB,No active trips,0,[],0,[],6928,1
415-H KBS-VSD-MNP-AJB,No active trips,0,[],0,[],6931,1
317-TH KMT-ABL,No active trips,0,[],0,[],8672,0
238-UA SBS-AIT,No active trips,0,[],0,[],6640,0
238-UA SBS-AIT,No active trips,0,[],0,[],6640,1
401-KB YTTMC-AIT,No active trips,0,[],0,[],7031,0
401-KB YTTMC-AIT,No active trips,0,[],0,[],7031,1
291-E,No active trips,0,[],0,[],4333,0
291-E,No active trips,0,[],0,[],4333,1
KLN-DAMC,No active trips,0,[],0,[],7097,0
291-E SBS-DAMC,No active trips,0,[],0,[],8890,1
215,No active trips,0,[],0,[],1820,0
215,No active trips,0,[],0,[],1820,1
295-B BYB-D48G-AGP,No active trips,0,[],0,[],5600,0
295-B BYB-D48G-AGP,No active trips,0,[],0,[],5600,1
294-D D48G-AGP,No active trips,0,[],0,[],4838,0
294-D D48G-AGP,No active trips,0,[],0,[],4838,1
294-D,No active trips,0,[],0,[],5383,0
294-D,No active trips,0,[],0,[],5383,1
295-B,No active trips,0,[],0,[],4836,0
295-B,No active trips,0,[],0,[],4836,1
294-D SBS-AGP,No active trips,0,[],0,[],5384,0
294-D SBS-AGP,No active trips,0,[],0,[],5384,1
295-B SBS-AGP,No active trips,0,[],0,[],7623,0
295-B SBS-AGP,No active trips,0,[],0,[],7623,1
226-S BDD-ANCP,No active trips,0,[],0,[],6868,0
226-S BDD-ANCP,No active trips,0,[],0,[],6868,1
211-R,No active trips,0,[],0,[],1883,0
211-R,No active trips,0,[],0,[],1883,1
226-S,No active trips,0,[],0,[],1318,0
226-S,No active trips,0,[],0,[],1318,1
399-G,No active trips,0,[],0,[],7864,0
399-G,No active trips,0,[],0,[],7864,1
600-CA,No active trips,0,[],0,[],2704,0
600-CA,No active trips,0,[],0,[],2704,1
MF-22D,No active trips,0,[],0,[],8673,0
MF-22D,No active trips,0,[],0,[],8673,1
600-CA ANK-CSB,No active trips,0,[],0,[],7018,0
356-Z,No active trips,0,[],0,[],5331,0
356-Z,No active trips,0,[],0,[],5331,1
365-P D27-ANK,No active trips,0,[],0,[],3749,0
365-P D27-ANK,No active trips,0,[],0,[],3749,1
365-P D34-ANK,No active trips,0,[],0,[],4390,0
356-Z D38-ANK,No active trips,0,[],0,[],3000,0
356-Z D38-ANK,No active trips,0,[],0,[],3000,1
356-Z D38G-ANKL,No active trips,0,[],0,[],5168,0
356-Z D38G-ANKL,No active trips,0,[],0,[],5168,1
D38G-HLG-ANK,No active trips,0,[],0,[],6493,0
D38G-HLG-ANK,No active trips,0,[],0,[],6493,1
328-H D41G-ANK,No active trips,0,[],0,[],8427,0
328-H D41G-ANK,No active trips,0,[],0,[],8427,1
399-D,No active trips,0,[],0,[],8502,0
399-D,No active trips,0,[],0,[],8502,1
399-F,No active trips,0,[],0,[],3707,0
399-F,No active trips,0,[],0,[],3707,1
361-C,No active trips,0,[],0,[],1004,0
361-C,No active trips,0,[],0,[],1004,1
361-C FLYOVER,No active trips,0,[],0,[],2866,0
361-C FLYOVER,No active trips,0,[],0,[],2866,1
366-Z,No active trips,0,[],0,[],2246,0
366-Z,No active trips,0,[],0,[],2246,1
399-F ANK-KDG,No active trips,0,[],0,[],8141,0
356-M,No active trips,0,[],0,[],1020,0
356-M,No active trips,0,[],0,[],1020,1
356-M KBS-ELCFLY-ANK,No active trips,0,[],0,[],4884,1
356-M KBS-SNBS-ANK,No active trips,0,[],0,[],8040,1
365-P,No active trips,0,[],0,[],1068,0
365-P,No active trips,0,[],0,[],1068,1
EXP-356KA,No active trips,0,[],0,[],8499,0
EXP-356KA,No active trips,0,[],0,[],8499,1
V-356M,No active trips,0,[],0,[],2154,0
V-356M,No active trips,0,[],0,[],2154,1
V-356M FLY,No active trips,0,[],0,[],2155,1
3F-5 ANK-KGR,No active trips,0,[],0,[],6606,0
3F-5 ANK-KGR,No active trips,0,[],0,[],6606,1
399-F OMS-ANK,No active trips,0,[],0,[],6129,0
399-F OMS-ANK,No active trips,0,[],0,[],6129,1
356-S,No active trips,0,[],0,[],8724,0
356-S,No active trips,0,[],0,[],8724,1
AJM-KMT,No active trips,0,[],0,[],7373,0
D44-ANP10,No active trips,0,[],0,[],1818,0
D44-ANP10,No active trips,0,[],0,[],1818,1
D44-ANP10BLK,No active trips,0,[],0,[],6229,0
D44-ANP10BLK,No active trips,0,[],0,[],6229,1
215-H KBS-ANJ10,No active trips,0,[],0,[],7659,0
215 KMT-D44,No active trips,0,[],0,[],1842,0
215 KMT-D44,No active trips,0,[],0,[],1842,1
215 KMT-D44G,No active trips,0,[],0,[],4363,0
215 KMT-D44G,No active trips,0,[],0,[],4363,1
367-B,No active trips,0,[],0,[],2260,0
367-B,No active trips,0,[],0,[],2260,1
215 KBS-D44G,No active trips,0,[],0,[],4362,0
215 KBS-D44G,No active trips,0,[],0,[],4362,1
215-NC,No active trips,0,[],0,[],1819,0
215-NC,No active trips,0,[],0,[],1819,1
215-KA ANP10-ANP2,No active trips,0,[],0,[],8886,0
215-BC,No active trips,0,[],0,[],2308,0
215-BC,No active trips,0,[],0,[],2308,1
215-KA,No active trips,0,[],0,[],2307,0
215-KA,No active trips,0,[],0,[],2307,1
215-BB,No active trips,0,[],0,[],6658,0
215-BB,No active trips,0,[],0,[],6658,1
215-K,No active trips,0,[],0,[],1843,0
215-K,No active trips,0,[],0,[],1843,1
215-N,No active trips,0,[],0,[],2392,0
215-N,No active trips,0,[],0,[],2392,1
215-ND,No active trips,0,[],0,[],2330,0
215-ND,No active trips,0,[],0,[],2330,1
215-U SBS-ANP,No active trips,0,[],0,[],4397,0
215-U SBS-ANP,No active trips,0,[],0,[],4397,1
201-M HMNRPC-ANKT,No active trips,0,[],0,[],8254,0
201-M HMNRPC-ANKT,No active trips,0,[],0,[],8254,1
226-VB,No active trips,0,[],0,[],1335,0
226-VB,No active trips,0,[],0,[],1335,1
226-VC KMT-ANH,No active trips,0,[],0,[],8617,1
252-RA,No active trips,0,[],0,[],2836,0
252-RA,No active trips,0,[],0,[],2836,1
246,No active trips,0,[],0,[],4749,0
246,No active trips,0,[],0,[],4749,1
MBS-12 ANP-VSD-KBS,No active trips,0,[],0,[],3836,0
MBS-12 PSS-ANP,No active trips,0,[],0,[],3831,0
MBS-12 PSS-ANP,No active trips,0,[],0,[],3831,1
304-N,No active trips,0,[],0,[],2406,0
304-N,No active trips,0,[],0,[],2406,1
329-F,No active trips,0,[],0,[],3798,0
329-F,No active trips,0,[],0,[],3798,1
25-BA,No active trips,0,[],0,[],8248,0
25-BA,No active trips,0,[],0,[],8248,1
MF-45 VTTMC-ABG,No active trips,0,[],0,[],6379,0
MF-45 VTTMC-ABG,No active trips,0,[],0,[],6379,1
213-M,No active trips,0,[],0,[],1927,0
213-M,No active trips,0,[],0,[],1927,1
242-Y D35G-AMP,No active trips,0,[],0,[],8512,0
242-Y KBS-AMP,No active trips,0,[],0,[],2898,0
242-Y KBS-AMP,No active trips,0,[],0,[],2898,1
306-P,No active trips,0,[],0,[],3065,0
306-P,No active trips,0,[],0,[],3065,1
289-CB,No active trips,0,[],0,[],4976,0
289-CB,No active trips,0,[],0,[],4976,1
304-X D41G-ARH,No active trips,0,[],0,[],2951,0
304,No active trips,0,[],0,[],2882,0
304,No active trips,0,[],0,[],2882,1
304-H,No active trips,0,[],0,[],2405,0
304-H,No active trips,0,[],0,[],2405,1
304-X,No active trips,0,[],0,[],2408,0
304-X,No active trips,0,[],0,[],2408,1
342-V,No active trips,0,[],0,[],3323,0
342-V,No active trips,0,[],0,[],3323,1
D43-ASK,No active trips,0,[],0,[],1635,1
D43G-ASK,No active trips,0,[],0,[],7724,0
KRPGH-ITC-ARMY,No active trips,0,[],0,[],5650,0
43-H ASP-PLO,No active trips,0,[],0,[],1057,0
242-CN D35G-ABDVN,No active trips,0,[],0,[],1912,0
242-CN D35G-ABDVN,No active trips,0,[],0,[],1912,1
241-CN,No active trips,0,[],0,[],1910,0
241-CN,No active trips,0,[],0,[],1910,1
600-F BEML5-ATB,No active trips,0,[],0,[],2689,0
600-F BEML5-ATB,No active trips,0,[],0,[],2689,1
600-F,No active trips,0,[],0,[],1508,0
600-F,No active trips,0,[],0,[],1508,1
600-F FLYOVER,No active trips,0,[],0,[],1509,0
600-F FLYOVER,No active trips,0,[],0,[],1509,1
EXP-600F,No active trips,0,[],0,[],8440,0
EXP-600F,No active trips,0,[],0,[],8440,1
600-F ATB-CSB,No active trips,0,[],0,[],8405,0
328-H ATB-CDH,No active trips,0,[],0,[],8863,1
398-H D27-ATB,No active trips,0,[],0,[],5143,1
360 D38G-ATB,No active trips,0,[],0,[],1495,0
360 D38G-ATB,No active trips,0,[],0,[],1495,1
D38G-HLG-ATB,No active trips,0,[],0,[],1496,0
D38G-HLG-ATB,No active trips,0,[],0,[],1496,1
328-H D41G-ATB,No active trips,0,[],0,[],1734,0
328-H D41G-ATB,No active trips,0,[],0,[],1734,1
D42G-ATB,No active trips,0,[],0,[],7642,1
328-H HSS-SJP-ATB,No active trips,0,[],0,[],4869,0
328-H HSS-SJP-ATB,No active trips,0,[],0,[],4869,1
328-H,No active trips,0,[],0,[],1732,1
360,No active trips,0,[],0,[],2687,0
360,No active trips,0,[],0,[],2687,1
328-HA,No active trips,0,[],0,[],3456,0
328-HA,No active trips,0,[],0,[],3456,1
360-K,No active trips,0,[],0,[],2709,0
360-K,No active trips,0,[],0,[],2709,1
360-K Fly KBS-VSD-ATB,No active trips,0,[],0,[],6495,1
EXP-KBS3A,No active trips,0,[],0,[],8438,0
EXP-KBS3A,No active trips,0,[],0,[],8438,1
KBS-3A,No active trips,0,[],0,[],995,0
KBS-3A,No active trips,0,[],0,[],995,1
KBS-3F,No active trips,0,[],0,[],2697,0
KBS-3F,No active trips,0,[],0,[],2697,1
V-360B,No active trips,0,[],0,[],1098,0
V-360B,No active trips,0,[],0,[],1098,1
V-360B Flyover,No active trips,0,[],0,[],6552,0
V-360B Flyover,No active trips,0,[],0,[],6552,1
KIA-8H,No active trips,0,[],0,[],8325,0
KIA-8H,No active trips,0,[],0,[],8325,1
360 KRMTTMC-ATB,No active trips,0,[],0,[],5619,0
360 KRMTTMC-ATB,No active trips,0,[],0,[],5619,1
360-K KRM-STJN-ATB,No active trips,0,[],0,[],6659,0
360-K KRM-STJN-ATB,No active trips,0,[],0,[],6659,1
KBS-3A KRM-ATB,No active trips,0,[],0,[],1499,1
V-500VA,No active trips,0,[],0,[],8566,0
V-500VA,No active trips,0,[],0,[],8566,1
360 SRN-ATB,No active trips,0,[],0,[],1498,0
360 SRN-ATB,No active trips,0,[],0,[],1498,1
KBS-3F FLY VSD-ELC-ATB,No active trips,0,[],0,[],6494,0
600-FD,No active trips,0,[],0,[],1254,0
600-FD,No active trips,0,[],0,[],1254,1
KBS-3A VVK-ATB,No active trips,0,[],0,[],3077,0
D45-ATR,No active trips,0,[],0,[],7362,0
D45-ATR,No active trips,0,[],0,[],7362,1
402-A,No active trips,0,[],0,[],1530,0
402-A,No active trips,0,[],0,[],1530,1
402-C,No active trips,0,[],0,[],3507,0
402-C,No active trips,0,[],0,[],3507,1
404-C,No active trips,0,[],0,[],1413,0
404-C,No active trips,0,[],0,[],1413,1
36-A,No active trips,0,[],0,[],2135,0
36-A,No active trips,0,[],0,[],2135,1
36-G,No active trips,0,[],0,[],1092,0
36-G,No active trips,0,[],0,[],1092,1
231-A D36G-AVG,No active trips,0,[],0,[],5635,0
227-W,No active trips,0,[],0,[],1391,0
227-W,No active trips,0,[],0,[],1391,1
245-F,No active trips,0,[],0,[],3642,0
245-F,No active trips,0,[],0,[],3642,1
245-K,No active trips,0,[],0,[],3573,0
311-E,No active trips,0,[],0,[],3894,0
311-E,No active trips,0,[],0,[],3894,1
301-T D24G-TCP-BCRB,No active trips,0,[],0,[],5866,0
301-T D24G-TCP-BCRB,No active trips,0,[],0,[],5866,1
301-T,No active trips,0,[],0,[],2825,0
301-T,No active trips,0,[],0,[],2825,1
334-B,No active trips,0,[],0,[],1265,0
334-B,No active trips,0,[],0,[],1265,1
215-BA,No active trips,0,[],0,[],2305,0
215-BA,No active trips,0,[],0,[],2305,1
215-BA KBS-BCMC,No active trips,0,[],0,[],1874,0
215-BA KBS-BCMC,No active trips,0,[],0,[],1874,1
215-BA KBS-BCMCLO,No active trips,0,[],0,[],2306,0
215-BA KBS-BCMCLO,No active trips,0,[],0,[],2306,1
D25-HSRBDA,No active trips,0,[],0,[],8713,0
D25-HSRBDA,No active trips,0,[],0,[],8713,1
235-A SNBS-NBDA,No active trips,0,[],0,[],3991,1
500-BC,No active trips,0,[],0,[],1726,0
500-BC,No active trips,0,[],0,[],1726,1
90-E KBS-YRS-BELC,No active trips,0,[],0,[],8991,0
90-E KBS-YRS-BELC,No active trips,0,[],0,[],8991,1
500-A BSK-BELF,No active trips,0,[],0,[],6230,0
500-A BSK-BELF,No active trips,0,[],0,[],6230,1
501-A BSK-BELF,No active trips,0,[],0,[],6913,0
500-DC D38G-BELF,No active trips,0,[],0,[],6252,0
500-DC D38G-BELF,No active trips,0,[],0,[],6252,1
K-2 HBL-BELF,No active trips,0,[],0,[],7941,0
500-HG HSK-BELF,No active trips,0,[],0,[],6251,0
500-HG HSK-BELF,No active trips,0,[],0,[],6251,1
MF-23B JHC-BELF,No active trips,0,[],0,[],8287,0
MF-23B JHC-BELF,No active trips,0,[],0,[],8287,1
500-QG KRPGH-BELF,No active trips,0,[],0,[],6237,0
271 KBS-BELF,No active trips,0,[],0,[],4192,0
271 KBS-BELF,No active trips,0,[],0,[],4192,1
276 KBS-BELF,No active trips,0,[],0,[],4995,0
276 KBS-BELF,No active trips,0,[],0,[],4995,1
K-2 MRBS-BEL,No active trips,0,[],0,[],7857,0
K-2 MRBS-BEL,No active trips,0,[],0,[],7857,1
258-CB NMG-GGP-BEL,No active trips,0,[],0,[],7203,0
258-CB NMG-YTTMC-BEL,No active trips,0,[],0,[],4098,0
276-A SBS-BELF,No active trips,0,[],0,[],6896,0
276-A SBS-BELF,No active trips,0,[],0,[],6896,1
255-B,No active trips,0,[],0,[],3192,0
255-B,No active trips,0,[],0,[],3192,1
255-B NLM-BELT,No active trips,0,[],0,[],4153,0
255-B NLM-BELT,No active trips,0,[],0,[],4153,1
258-CB NMG-BEL LT,No active trips,0,[],0,[],5725,0
258-CB NMG-BEL LT,No active trips,0,[],0,[],5725,1
201-R CSB-BEMLF,No active trips,0,[],0,[],6633,0
500-A D45G-BEMLF,No active trips,0,[],0,[],4323,0
KLNB-BNWD-SMVT-BEML,No active trips,0,[],0,[],6507,0
45-G KMK-KBS-BEMLF,No active trips,0,[],0,[],6509,0
KRMTTMC-MRHB-BEMLF,No active trips,0,[],0,[],5554,0
BEML5-BEMLG,No active trips,0,[],0,[],5398,0
317 HSK-BEML,No active trips,0,[],0,[],4054,0
SBS-HAL-BEMLG,No active trips,0,[],0,[],7441,0
314-H MLP-SMH,No active trips,0,[],0,[],4241,0
210-WA KBS-BEML5,No active trips,0,[],0,[],2412,0
210-WA KBS-BEML5,No active trips,0,[],0,[],2412,1
375-D KGR-BEML5,No active trips,0,[],0,[],5810,0
375-D KGR-BEML5,No active trips,0,[],0,[],5810,1
515-B BEML5-8TH MILE,No active trips,0,[],0,[],8679,0
515-B BEML5-8TH MILE,No active trips,0,[],0,[],8679,1
401-RC,No active trips,0,[],0,[],3431,0
401-RC,No active trips,0,[],0,[],3431,1
225-G BGPN-BEML5,No active trips,0,[],0,[],1292,0
225-G BGPN-BEML5,No active trips,0,[],0,[],1292,1
227-T BEML5-RRG-CKT,No active trips,0,[],0,[],8415,0
227-T BEML5-RRG-CKT,No active trips,0,[],0,[],8415,1
D21-BEML5,No active trips,0,[],0,[],1289,0
D21-BEML5,No active trips,0,[],0,[],1289,1
401-RC D45-BEML5,No active trips,0,[],0,[],3434,0
401-RC D45-BEML5,No active trips,0,[],0,[],3434,1
225-B,No active trips,0,[],0,[],1212,0
225-B,No active trips,0,[],0,[],1212,1
225-BA,No active trips,0,[],0,[],7744,0
225-BA,No active trips,0,[],0,[],7744,1
225-BA KMT-BCH-BEML5,No active trips,0,[],0,[],8352,0
225-BA KMT-BCH-BEML5,No active trips,0,[],0,[],8352,1
225-C,No active trips,0,[],0,[],1213,0
225-C,No active trips,0,[],0,[],1213,1
225-C BEMLLO-KMT-KBS,No active trips,0,[],0,[],6969,0
225-C FLY,No active trips,0,[],0,[],1286,0
225-CA,No active trips,0,[],0,[],1214,0
225-J,No active trips,0,[],0,[],4159,0
225-J,No active trips,0,[],0,[],4159,1
36-A KBS-KMT-BEML5,No active trips,0,[],0,[],8745,1
225-C BEML5-MRBS,No active trips,0,[],0,[],7749,0
MF-14A BEML5-BCH-RRMS,No active trips,0,[],0,[],8843,1
G-6B FLYOVER,No active trips,0,[],0,[],8118,1
BEML5-KHBQ,No active trips,0,[],0,[],4739,0
212-C BEML5-SHVA,No active trips,0,[],0,[],6262,0
MF-14A BEML5-TMS,No active trips,0,[],0,[],8600,0
MF-14A BEML5-TMS,No active trips,0,[],0,[],8600,1
BC-6 BEML5-UST,No active trips,0,[],0,[],8404,0
BC-6 BEML5-UST,No active trips,0,[],0,[],8404,1
225-C VSD,No active trips,0,[],0,[],1285,0
225-C VSD,No active trips,0,[],0,[],1285,1
401-RD,No active trips,0,[],0,[],7747,0
401-RD,No active trips,0,[],0,[],7747,1
225-D,No active trips,0,[],0,[],7165,0
225-D,No active trips,0,[],0,[],7165,1
225-CF,No active trips,0,[],0,[],1216,0
225-CF,No active trips,0,[],0,[],1216,1
225-K JNKLO-BHELMT,No active trips,0,[],0,[],5839,0
225-K JNKLO-BHELMT,No active trips,0,[],0,[],5839,1
225-K,No active trips,0,[],0,[],1230,0
225-K,No active trips,0,[],0,[],1230,1
225-K KBS-BHELLO,No active trips,0,[],0,[],6995,0
225-K KBS-BHELLO,No active trips,0,[],0,[],6995,1
225-CB,No active trips,0,[],0,[],1215,0
225-CB,No active trips,0,[],0,[],1215,1
285-M KBS-BMSIT,No active trips,0,[],0,[],1089,0
285-M KBS-BMSIT,No active trips,0,[],0,[],1089,1
245-DA KMT-BMTCTC,No active trips,0,[],0,[],3585,1
304-R,No active trips,0,[],0,[],8544,0
304-R,No active trips,0,[],0,[],8544,1
291-LA,No active trips,0,[],0,[],3789,0
291-LA,No active trips,0,[],0,[],3789,1
364-C,No active trips,0,[],0,[],8203,0
364-C,No active trips,0,[],0,[],8203,1
364-F,No active trips,0,[],0,[],8879,0
364-F,No active trips,0,[],0,[],8879,1
27 BTT-VSD-SBS,No active trips,0,[],0,[],7620,0
D10G-BSP 302,No active trips,0,[],0,[],6560,0
D10G-BSP 302,No active trips,0,[],0,[],6560,1
507-DY D24G-BBSP,No active trips,0,[],0,[],8949,0
507-DY D24G-BBSP,No active trips,0,[],0,[],8949,1
302-C,No active trips,0,[],0,[],4636,0
302-C,No active trips,0,[],0,[],4636,1
302-A,No active trips,0,[],0,[],2834,0
302-A,No active trips,0,[],0,[],2834,1
302-GA,No active trips,0,[],0,[],2665,0
302-GA,No active trips,0,[],0,[],2665,1
D10G-BBSP,No active trips,0,[],0,[],2830,0
D10G-BBSP,No active trips,0,[],0,[],2830,1
297-C,No active trips,0,[],0,[],7072,0
216-B,No active trips,0,[],0,[],2289,0
216-B,No active trips,0,[],0,[],2289,1
KBS-5H KBS-BSD,No active trips,0,[],0,[],8618,1
KTTMC-BDP,No active trips,0,[],0,[],3703,0
KTTMC-BDP,No active trips,0,[],0,[],3703,1
401-AK,No active trips,0,[],0,[],4620,0
401-AK,No active trips,0,[],0,[],4620,1
293-S D48G-BGLR,No active trips,0,[],0,[],4760,0
293-S D48G-BGLR,No active trips,0,[],0,[],4760,1
293 DBC-BGLR,No active trips,0,[],0,[],8368,0
293-SA,No active trips,0,[],0,[],5039,0
293-SA,No active trips,0,[],0,[],5039,1
289-S,No active trips,0,[],0,[],7863,0
289-S,No active trips,0,[],0,[],7863,1
293-S,No active trips,0,[],0,[],3947,0
293-S,No active trips,0,[],0,[],3947,1
289-AA MSP-BGR,No active trips,0,[],0,[],6905,1
G-11 SNBS-BLR,No active trips,0,[],0,[],4778,0
G-11 SNBS-BLR,No active trips,0,[],0,[],4778,1
293-SB,No active trips,0,[],0,[],8547,0
293-SB,No active trips,0,[],0,[],8547,1
293 STJHS-BGLR,No active trips,0,[],0,[],7054,0
G-11 SJHS-BLR,No active trips,0,[],0,[],8422,1
289-A,No active trips,0,[],0,[],1423,0
289-A,No active trips,0,[],0,[],1423,1
289-AK,No active trips,0,[],0,[],8020,0
289-R,No active trips,0,[],0,[],7579,0
289-R,No active trips,0,[],0,[],7579,1
289-AA,No active trips,0,[],0,[],6904,0
289-AA,No active trips,0,[],0,[],6904,1
323,No active trips,0,[],0,[],3324,0
323,No active trips,0,[],0,[],3324,1
332 D41G-BLG,No active trips,0,[],0,[],3850,0
332 D41G-BLG,No active trips,0,[],0,[],3850,1
332,No active trips,0,[],0,[],3818,0
332,No active trips,0,[],0,[],3818,1
332-A,No active trips,0,[],0,[],3852,0
332-A,No active trips,0,[],0,[],3852,1
330-P,No active trips,0,[],0,[],5234,0
330-P,No active trips,0,[],0,[],5234,1
242-LA,No active trips,0,[],0,[],2383,0
242-LA,No active trips,0,[],0,[],2383,1
360-C D38G-BLR,No active trips,0,[],0,[],7657,1
360-C,No active trips,0,[],0,[],2693,0
360-C,No active trips,0,[],0,[],2693,1
306-F D41G-BRH,No active trips,0,[],0,[],3033,0
306-F D41G-BRH,No active trips,0,[],0,[],3033,1
306-F,No active trips,0,[],0,[],3029,0
306-F,No active trips,0,[],0,[],3029,1
306-T,No active trips,0,[],0,[],2437,0
306-T,No active trips,0,[],0,[],2437,1
306-F KBS-BRH,No active trips,0,[],0,[],3032,0
306-F KBS-BRH,No active trips,0,[],0,[],3032,1
303 BEMLG-BSW,No active trips,0,[],0,[],3845,0
303 BEMLG-BSW,No active trips,0,[],0,[],3845,1
303,No active trips,0,[],0,[],3842,0
303,No active trips,0,[],0,[],3842,1
300-B,No active trips,0,[],0,[],4630,0
300-B,No active trips,0,[],0,[],4630,1
210-NB,No active trips,0,[],0,[],2506,0
210-NB,No active trips,0,[],0,[],2506,1
365-BB BSK-BNP-ANK,No active trips,0,[],0,[],8950,0
365-BB BSK-BNP-ANK,No active trips,0,[],0,[],8950,1
25-B AGL-BSK-DOWN,No active trips,0,[],0,[],7532,0
25-B AGL-BSK-DOWN,No active trips,0,[],0,[],7532,1
375-D BEML5-BSK,No active trips,0,[],0,[],6542,0
375-D BEML5-BSK,No active trips,0,[],0,[],6542,1
510,No active trips,0,[],0,[],3006,0
510-A,No active trips,0,[],0,[],3009,0
V-DIVYA DARSHANA-1A,No active trips,0,[],0,[],8433,0
215-K BWSR-BSK,No active trips,0,[],0,[],6231,0
215-K BWSR-BSK,No active trips,0,[],0,[],6231,1
213-DA,No active trips,0,[],0,[],8044,0
213-DA,No active trips,0,[],0,[],8044,1
211-AC BGM-BSK,No active trips,0,[],0,[],6902,0
211-AC BGM-BSK,No active trips,0,[],0,[],6902,1
201-G D6G-BSK,No active trips,0,[],0,[],1800,1
500-L BSK-TNF-D6G,No active trips,0,[],0,[],8533,0
D20-BSK,No active trips,0,[],0,[],1674,0
D20-BSK,No active trips,0,[],0,[],1674,1
600-FC D27-JAPC,No active trips,0,[],0,[],5132,0
600-FC D27-JAPC,No active trips,0,[],0,[],5132,1
215-H D34G-BSK,No active trips,0,[],0,[],4498,1
378-E D34-BSK,No active trips,0,[],0,[],3527,0
410-K BSK-D35G,No active trips,0,[],0,[],8209,1
600-F D38G-BSK,No active trips,0,[],0,[],5342,0
600-F D38G-BSK,No active trips,0,[],0,[],5342,1
410-FD D43G-BSK,No active trips,0,[],0,[],7915,0
215-NJ,No active trips,0,[],0,[],8965,0
215-NJ,No active trips,0,[],0,[],8965,1
600-H,No active trips,0,[],0,[],8910,0
600-H,No active trips,0,[],0,[],8910,1
JPN6-BSK,No active trips,0,[],0,[],7304,0
JPN6-BSK,No active trips,0,[],0,[],7304,1
JPMS-JP6-JBS-BSK,No active trips,0,[],0,[],8764,0
410-AB,No active trips,0,[],0,[],3663,0
410-AB,No active trips,0,[],0,[],3663,1
410-FC,No active trips,0,[],0,[],2287,0
410-FC,No active trips,0,[],0,[],2287,1
JNSVS-UTH-BSK,No active trips,0,[],0,[],7388,0
JNSVS-UTH-BSK,No active trips,0,[],0,[],7388,1
375-D JGF-BSK,No active trips,0,[],0,[],7305,0
500-C KRPGH-BSK,No active trips,0,[],0,[],7447,0
500-C KRPGH-BSK,No active trips,0,[],0,[],7447,1
412 KLN-BSK,No active trips,0,[],0,[],7583,0
412 KLN-BSK,No active trips,0,[],0,[],7583,1
12,No active trips,0,[],0,[],1015,0
12,No active trips,0,[],0,[],1015,1
375-D,No active trips,0,[],0,[],1576,0
375-D,No active trips,0,[],0,[],1576,1
401-N,No active trips,0,[],0,[],7385,0
401-N,No active trips,0,[],0,[],7385,1
410-FA MRBS-BSK,No active trips,0,[],0,[],4238,0
410-FA MRBS-BSK,No active trips,0,[],0,[],4238,1
410-K BSK-PSBS,No active trips,0,[],0,[],2526,0
410-K BSK-PSBS,No active trips,0,[],0,[],2526,1
375-D KWS-BSK,No active trips,0,[],0,[],8532,0
13 SGH-BSK,No active trips,0,[],0,[],4446,0
13 SGH-BSK,No active trips,0,[],0,[],4446,1
13,No active trips,0,[],0,[],993,0
13,No active trips,0,[],0,[],993,1
MF-5 SMVT-BSK,No active trips,0,[],0,[],7284,0
MF-5 SMVT-BSK,No active trips,0,[],0,[],7284,1
13-S,No active trips,0,[],0,[],8930,0
13-S,No active trips,0,[],0,[],8930,1
503-A VRP-BSK,No active trips,0,[],0,[],8303,0
503-A VRP-BSK,No active trips,0,[],0,[],8303,1
MF-12,No active trips,0,[],0,[],2540,0
MF-12,No active trips,0,[],0,[],2540,1
MF-45,No active trips,0,[],0,[],2531,0
MF-45,No active trips,0,[],0,[],2531,1
401-N YTTMC-MBS-BSK,No active trips,0,[],0,[],7386,0
401-N YTTMC-MBS-BSK,No active trips,0,[],0,[],7386,1
258-VH,No active trips,0,[],0,[],8749,0
258-VH,No active trips,0,[],0,[],8749,1
253-G KBS-MDR-MRS-BDP,No active trips,0,[],0,[],8140,0
253-G KBS-MDR-MRS-BDP,No active trips,0,[],0,[],8140,1
357,No active trips,0,[],0,[],4871,0
357,No active trips,0,[],0,[],4871,1
357 KBS-KMT-BDP,No active trips,0,[],0,[],4877,0
357 KBS-KMT-BDP,No active trips,0,[],0,[],4877,1
295-E,No active trips,0,[],0,[],4847,0
295-E,No active trips,0,[],0,[],4847,1
281-G HBLB-BKHP,No active trips,0,[],0,[],8304,0
281-G HBLB-BKHP,No active trips,0,[],0,[],8304,1
281-G,No active trips,0,[],0,[],3593,0
281-G,No active trips,0,[],0,[],3593,1
CLO-BMBS,No active trips,0,[],0,[],4716,0
CLO-BMBS,No active trips,0,[],0,[],4716,1
D31G-BMBS,No active trips,0,[],0,[],1479,0
D31G-BMBS,No active trips,0,[],0,[],1479,1
BMBS-JHC,No active trips,0,[],0,[],6945,0
238-C,No active trips,0,[],0,[],1478,0
238-C,No active trips,0,[],0,[],1478,1
237-C,No active trips,0,[],0,[],1476,0
237-C,No active trips,0,[],0,[],1476,1
238-UA,No active trips,0,[],0,[],1838,0
238-UA,No active trips,0,[],0,[],1838,1
221-G,No active trips,0,[],0,[],1156,0
221-G,No active trips,0,[],0,[],1156,1
79-B,No active trips,0,[],0,[],5073,0
79-B,No active trips,0,[],0,[],5073,1
79-B YTTMC-BRC,No active trips,0,[],0,[],5074,0
79-B YTTMC-BRC,No active trips,0,[],0,[],5074,1
43-M,No active trips,0,[],0,[],8156,0
43-M,No active trips,0,[],0,[],8156,1
225-P,No active trips,0,[],0,[],1231,0
225-P,No active trips,0,[],0,[],1231,1
225-P BRN-JNK-KMT,No active trips,0,[],0,[],7543,0
225-G,No active trips,0,[],0,[],1220,0
225-G,No active trips,0,[],0,[],1220,1
225-G KMT FLY,No active trips,0,[],0,[],1291,0
43-JA,No active trips,0,[],0,[],5403,0
43-JA,No active trips,0,[],0,[],5403,1
216,No active trips,0,[],0,[],2274,0
216,No active trips,0,[],0,[],2274,1
216 KBS-BJP,No active trips,0,[],0,[],8659,1
365-Z,No active trips,0,[],0,[],6328,0
365-Z,No active trips,0,[],0,[],6328,1
MF-18 BSK-BGT,No active trips,0,[],0,[],8693,0
MF-18 BSK-BGT,No active trips,0,[],0,[],8693,1
211-NB,No active trips,0,[],0,[],7156,0
211-NB,No active trips,0,[],0,[],7156,1
215-Z,No active trips,0,[],0,[],2290,0
215-Z,No active trips,0,[],0,[],2290,1
345-F SNBS-BGTC,No active trips,0,[],0,[],7091,0
345-F SNBS-BGTC,No active trips,0,[],0,[],7091,1
345-F,No active trips,0,[],0,[],3490,0
345-F,No active trips,0,[],0,[],3490,1
370-A BGT-UJPD,No active trips,0,[],0,[],7663,0
365J-BNZ-JNN,No active trips,0,[],0,[],7601,0
365-BB,No active trips,0,[],0,[],8743,0
365-BB,No active trips,0,[],0,[],8743,1
G-4,No active trips,0,[],0,[],1009,0
G-4,No active trips,0,[],0,[],1009,1
398-B CPR-BNZ,No active trips,0,[],0,[],8582,0
398-B CPR-BNZ,No active trips,0,[],0,[],8582,1
365 D34G-BNP,No active trips,0,[],0,[],2356,0
365 D34G-BNP,No active trips,0,[],0,[],2356,1
365 JBS-BNP,No active trips,0,[],0,[],7352,0
366,No active trips,0,[],0,[],3813,0
366,No active trips,0,[],0,[],3813,1
215-H KBS-JSD-BNP,No active trips,0,[],0,[],4403,0
365,No active trips,0,[],0,[],997,0
365,No active trips,0,[],0,[],997,1
V-365,No active trips,0,[],0,[],2027,0
V-365,No active trips,0,[],0,[],2027,1
365-BB SGH-BNP,No active trips,0,[],0,[],8742,0
365-BB SGH-BNP,No active trips,0,[],0,[],8742,1
368,No active trips,0,[],0,[],2373,0
368,No active trips,0,[],0,[],2373,1
G-4 SBS-BNP,No active trips,0,[],0,[],2388,0
G-4 SBS-BNP,No active trips,0,[],0,[],2388,1
213-F,No active trips,0,[],0,[],1918,0
213-F,No active trips,0,[],0,[],1918,1
231-B,No active trips,0,[],0,[],1438,0
231-B,No active trips,0,[],0,[],1438,1
231-B BNKP-KBS,No active trips,0,[],0,[],1439,0
285-MG KBS-BMG,No active trips,0,[],0,[],2467,1
75-F,No active trips,0,[],0,[],4023,0
75-F,No active trips,0,[],0,[],4023,1
227-K,No active trips,0,[],0,[],1364,0
227-K,No active trips,0,[],0,[],1364,1
227-K KMT-SLVR-BSM,No active trips,0,[],0,[],7332,0
D12G-BSVG,No active trips,0,[],0,[],5343,0
330 D6G-BSN,No active trips,0,[],0,[],5897,1
314-C,No active trips,0,[],0,[],7984,0
314-C,No active trips,0,[],0,[],7984,1
333-C,No active trips,0,[],0,[],1002,0
333-C,No active trips,0,[],0,[],1002,1
330-C,No active trips,0,[],0,[],4896,0
330-C,No active trips,0,[],0,[],4896,1
365-R,No active trips,0,[],0,[],1996,0
365-R,No active trips,0,[],0,[],1996,1
88,No active trips,0,[],0,[],3553,0
88,No active trips,0,[],0,[],3553,1
88-B,No active trips,0,[],0,[],4246,0
88-B,No active trips,0,[],0,[],4246,1
96-G SNB-BSN,No active trips,0,[],0,[],3683,0
88-B SBS-KBS-BSN,No active trips,0,[],0,[],4259,0
88-B BSNB-SRPS,No active trips,0,[],0,[],8073,0
401-BC BSN-YTTMC,No active trips,0,[],0,[],5049,0
KRPGH-BYPBC,No active trips,0,[],0,[],6578,0
KRPGH-BYPBC,No active trips,0,[],0,[],6578,1
MF-7,No active trips,0,[],0,[],4138,0
MF-7,No active trips,0,[],0,[],4138,1
316-V,No active trips,0,[],0,[],3215,0
316-V,No active trips,0,[],0,[],3215,1
317-BR,No active trips,0,[],0,[],5389,0
317-BR,No active trips,0,[],0,[],5389,1
298-MF,No active trips,0,[],0,[],5156,0
298-MF,No active trips,0,[],0,[],5156,1
298-MF YHKOT-BSR,No active trips,0,[],0,[],5179,0
298-MF YHKOT-BSR,No active trips,0,[],0,[],5179,1
343-B,No active trips,0,[],0,[],3355,0
BEML-BGR,No active trips,0,[],0,[],5534,0
293-BC,No active trips,0,[],0,[],4503,0
293-BC,No active trips,0,[],0,[],4503,1
293-BS D10G-BGLR,No active trips,0,[],0,[],4507,0
293-BS D10G-BGLR,No active trips,0,[],0,[],4507,1
D34G-BGR,No active trips,0,[],0,[],3337,0
D34G-BGR,No active trips,0,[],0,[],3337,1
317-S,No active trips,0,[],0,[],3243,0
317-S,No active trips,0,[],0,[],3243,1
343,No active trips,0,[],0,[],1011,0
343,No active trips,0,[],0,[],1011,1
289-M,No active trips,0,[],0,[],3724,0
289-M,No active trips,0,[],0,[],3724,1
343-E,No active trips,0,[],0,[],1022,0
343-E,No active trips,0,[],0,[],1022,1
KRMTTMC-BGR,No active trips,0,[],0,[],3063,0
293-BC BTM-BGR,No active trips,0,[],0,[],7409,0
293-BC BTM-BGR,No active trips,0,[],0,[],7409,1
293-BS,No active trips,0,[],0,[],4508,0
293-BS,No active trips,0,[],0,[],4508,1
362-C,No active trips,0,[],0,[],1029,0
362-C,No active trips,0,[],0,[],1029,1
317-S BGR-VRKD,No active trips,0,[],0,[],7875,0
317-S BGR-VRKD,No active trips,0,[],0,[],7875,1
342-H D42-BLH,No active trips,0,[],0,[],6166,0
342-H D42-BLH,No active trips,0,[],0,[],6166,1
329-E D41G-BLK,No active trips,0,[],0,[],3530,0
329-E D41G-BLK,No active trips,0,[],0,[],3530,1
329-E,No active trips,0,[],0,[],3529,0
329-E,No active trips,0,[],0,[],3529,1
MF-4B,No active trips,0,[],0,[],8187,0
MF-4B,No active trips,0,[],0,[],8187,1
329-H,No active trips,0,[],0,[],3805,0
329-H,No active trips,0,[],0,[],3805,1
346-J,No active trips,0,[],0,[],3516,0
346-J,No active trips,0,[],0,[],3516,1
347-F,No active trips,0,[],0,[],3517,0
347-F,No active trips,0,[],0,[],3517,1
375-D BSK-BCH,No active trips,0,[],0,[],8467,1
231-D,No active trips,0,[],0,[],1444,0
231-D,No active trips,0,[],0,[],1444,1
231-D BTN-KMT-KBS,No active trips,0,[],0,[],8176,0
231-D KBS-BTN,No active trips,0,[],0,[],7972,0
344-C,No active trips,0,[],0,[],3388,0
344-D,No active trips,0,[],0,[],3405,0
344-D,No active trips,0,[],0,[],3405,1
344-C KRMTTMC-BDP,No active trips,0,[],0,[],3402,0
344-C KRMTTMC-BDP,No active trips,0,[],0,[],3402,1
283,No active trips,0,[],0,[],3659,0
283,No active trips,0,[],0,[],3659,1
213-H,No active trips,0,[],0,[],1921,0
213-H,No active trips,0,[],0,[],1921,1
213-H KBS-BHKVL,No active trips,0,[],0,[],1922,0
213-H KBS-BHKVL,No active trips,0,[],0,[],1922,1
245-D D35G-BTH,No active trips,0,[],0,[],3584,1
245-D,No active trips,0,[],0,[],3578,0
245-D,No active trips,0,[],0,[],3578,1
245-Q,No active trips,0,[],0,[],3588,0
245-Q,No active trips,0,[],0,[],3588,1
221-H,No active trips,0,[],0,[],1157,0
221-H,No active trips,0,[],0,[],1157,1
230-A,No active trips,0,[],0,[],1432,0
230-A,No active trips,0,[],0,[],1432,1
230-B,No active trips,0,[],0,[],4064,0
230-B,No active trips,0,[],0,[],4064,1
230-B SCS-BTPL,No active trips,0,[],0,[],5344,0
230-B SCS-BTPL,No active trips,0,[],0,[],5344,1
285-KA,No active trips,0,[],0,[],2071,1
285-P,No active trips,0,[],0,[],2086,0
285-P,No active trips,0,[],0,[],2086,1
297-H,No active trips,0,[],0,[],8766,0
297-H,No active trips,0,[],0,[],8766,1
285-P KBS-BTNH,No active trips,0,[],0,[],4056,1
297-H PTH-BTH,No active trips,0,[],0,[],8777,0
305-A,No active trips,0,[],0,[],2962,0
305-A,No active trips,0,[],0,[],2962,1
241-D,No active trips,0,[],0,[],1916,0
241-D,No active trips,0,[],0,[],1916,1
V-500DB HBLB-BRTC,No active trips,0,[],0,[],8870,0
V-500DB HBLB-BRTC,No active trips,0,[],0,[],8870,1
BCC-YHKOT,No active trips,0,[],0,[],7496,0
243-J CVB-BVN,No active trips,0,[],0,[],2945,1
243-J,No active trips,0,[],0,[],2939,0
243-J,No active trips,0,[],0,[],2939,1
243-J VSD,No active trips,0,[],0,[],2940,0
317-BH,No active trips,0,[],0,[],3594,0
317-BH,No active trips,0,[],0,[],3594,1
227-C,No active trips,0,[],0,[],1354,0
227-C,No active trips,0,[],0,[],1354,1
327-E D41G-BGH,No active trips,0,[],0,[],5799,0
327-E D41G-BGH,No active trips,0,[],0,[],5799,1
500-TA,No active trips,0,[],0,[],2957,0
500-TA,No active trips,0,[],0,[],2957,1
213-E KMT-TKD-BKP,No active trips,0,[],0,[],8691,0
213-E KMT-TKD-BKP,No active trips,0,[],0,[],8691,1
213-J,No active trips,0,[],0,[],1923,0
213-J,No active trips,0,[],0,[],1923,1
297-F D52G-BVP,No active trips,0,[],0,[],8616,0
297-F,No active trips,0,[],0,[],4545,0
297-F,No active trips,0,[],0,[],4545,1
297-F YHKOT-BVP,No active trips,0,[],0,[],4549,1
45-B BSK-BVN,No active trips,0,[],0,[],3174,0
45-B BSK-BVN,No active trips,0,[],0,[],3174,1
45-B,No active trips,0,[],0,[],3172,0
45-B,No active trips,0,[],0,[],3172,1
45-B VSD-BVN,No active trips,0,[],0,[],3177,0
45-B VSD-BVN,No active trips,0,[],0,[],3177,1
415 BVSN-SBS,No active trips,0,[],0,[],6375,0
211-NA,No active trips,0,[],0,[],1880,0
211-NA,No active trips,0,[],0,[],1880,1
375-G,No active trips,0,[],0,[],3800,0
375-G,No active trips,0,[],0,[],3800,1
D49-BDD,No active trips,0,[],0,[],3390,0
D49-BDD,No active trips,0,[],0,[],3390,1
NICE-5EB ELCW-BDD,No active trips,0,[],0,[],8106,0
NICE-5EB ELCW-BDD,No active trips,0,[],0,[],8106,1
211-N,No active trips,0,[],0,[],1879,0
211-N,No active trips,0,[],0,[],1879,1
211-NA KMT-BDD,No active trips,0,[],0,[],7756,1
226-F,No active trips,0,[],0,[],1239,0
226-F,No active trips,0,[],0,[],1239,1
226-M,No active trips,0,[],0,[],1134,0
226-M,No active trips,0,[],0,[],1134,1
227-AM,No active trips,0,[],0,[],8108,0
227-AM,No active trips,0,[],0,[],8108,1
231-E BDD-KMT,No active trips,0,[],0,[],1446,0
231-K,No active trips,0,[],0,[],1436,0
231-K,No active trips,0,[],0,[],1436,1
226-N,No active trips,0,[],0,[],1133,0
226-N,No active trips,0,[],0,[],1133,1
226-Q,No active trips,0,[],0,[],7157,1
231-M,No active trips,0,[],0,[],1453,0
231-M,No active trips,0,[],0,[],1453,1
EXP-226N,No active trips,0,[],0,[],8505,0
EXP-226N,No active trips,0,[],0,[],8505,1
MF-41,No active trips,0,[],0,[],1833,0
MF-41,No active trips,0,[],0,[],1833,1
226-G,No active trips,0,[],0,[],1238,0
226-G,No active trips,0,[],0,[],1238,1
228-K SBS-KMTFLY-BDD,No active trips,0,[],0,[],6444,0
228-K SBS-KMTFLY-BDD,No active trips,0,[],0,[],6444,1
226-L BDD-WDL,No active trips,0,[],0,[],8571,0
401-Z,No active trips,0,[],0,[],3467,0
401-Z,No active trips,0,[],0,[],3467,1
316-R,No active trips,0,[],0,[],3211,0
316-R,No active trips,0,[],0,[],3211,1
360-E,No active trips,0,[],0,[],2719,0
360-E,No active trips,0,[],0,[],2719,1
D47G-BDHD,No active trips,0,[],0,[],7038,0
D47G-BDHD,No active trips,0,[],0,[],7038,1
294-EA SBS-BDHD,No active trips,0,[],0,[],7127,0
294-EA SBS-BDHD,No active trips,0,[],0,[],7127,1
MF-10B D24G-BDH,No active trips,0,[],0,[],8908,0
MF-10B D24G-BDH,No active trips,0,[],0,[],8908,1
MF-10B,No active trips,0,[],0,[],8907,0
MF-10B,No active trips,0,[],0,[],8907,1
342-G D42G-BHH,No active trips,0,[],0,[],6851,0
342-G D42G-BHH,No active trips,0,[],0,[],6851,1
342-G,No active trips,0,[],0,[],2091,0
342-G,No active trips,0,[],0,[],2091,1
366-G,No active trips,0,[],0,[],5110,0
366-G,No active trips,0,[],0,[],5110,1
365-D,No active trips,0,[],0,[],1167,0
365-D,No active trips,0,[],0,[],1167,1
294,No active trips,0,[],0,[],4863,0
294,No active trips,0,[],0,[],4863,1
294-E,No active trips,0,[],0,[],4876,0
294-E,No active trips,0,[],0,[],4876,1
226,No active trips,0,[],0,[],1232,0
226,No active trips,0,[],0,[],1232,1
201-G BSK-BNM,No active trips,0,[],0,[],4495,0
201-G BSK-BNM,No active trips,0,[],0,[],4495,1
SNBS-BMETAG,No active trips,0,[],0,[],6371,0
SNBS-BMETAG,No active trips,0,[],0,[],6371,1
305-C,No active trips,0,[],0,[],8410,0
305-C,No active trips,0,[],0,[],8410,1
KMT-BCGHS,No active trips,0,[],0,[],2335,1
13 SBS-BCGHS,No active trips,0,[],0,[],5642,0
240-K,No active trips,0,[],0,[],5357,1
305-P,No active trips,0,[],0,[],2997,0
305-P,No active trips,0,[],0,[],2997,1
317-Z,No active trips,0,[],0,[],6382,0
317-Z,No active trips,0,[],0,[],6382,1
372-J,No active trips,0,[],0,[],2519,0
372-J,No active trips,0,[],0,[],2519,1
360-B ATB-BOMC,No active trips,0,[],0,[],6320,1
600-F BSK-BOMC,No active trips,0,[],0,[],6321,0
355 D38-BMSV,No active trips,0,[],0,[],6958,0
355 D38-BMSV,No active trips,0,[],0,[],6958,1
355,No active trips,0,[],0,[],6957,0
355,No active trips,0,[],0,[],6957,1
NICE-10E DSP-BMS,No active trips,0,[],0,[],8112,0
NICE-10E DSP-BMS,No active trips,0,[],0,[],8112,1
BC-3A,No active trips,0,[],0,[],4828,0
BC-3A,No active trips,0,[],0,[],4828,1
BC-3B,No active trips,0,[],0,[],4401,0
BC-3B,No active trips,0,[],0,[],4401,1
JAPC-RKT-BMS,No active trips,0,[],0,[],7603,0
JAPC-RKT-BMS,No active trips,0,[],0,[],7603,1
350-G,No active trips,0,[],0,[],5198,0
NICE-10E,No active trips,0,[],0,[],8102,0
NICE-10E,No active trips,0,[],0,[],8102,1
258-GA,No active trips,0,[],0,[],2015,0
258-GA,No active trips,0,[],0,[],2015,1
298-MA,No active trips,0,[],0,[],5153,0
298-MA,No active trips,0,[],0,[],5153,1
318-A,No active trips,0,[],0,[],3961,0
318-A,No active trips,0,[],0,[],3961,1
318-A MDR-BMH,No active trips,0,[],0,[],3962,0
318-A MDR-BMH,No active trips,0,[],0,[],3962,1
241-N,No active trips,0,[],0,[],1954,0
241-N,No active trips,0,[],0,[],1954,1
241-D KBS-BDG,No active trips,0,[],0,[],5319,0
241-D KBS-BDG,No active trips,0,[],0,[],5319,1
241-D VSD-BDG,No active trips,0,[],0,[],5320,0
MF-20,No active trips,0,[],0,[],6940,0
MF-20,No active trips,0,[],0,[],6940,1
G-4 D27G-BGRD,No active trips,0,[],0,[],6568,0
G-4 D27G-BGRD,No active trips,0,[],0,[],6568,1
13 SNBS-BGRD,No active trips,0,[],0,[],1042,0
13 SNBS-BGRD,No active trips,0,[],0,[],1042,1
201-RB BSKTTMC-BTLQT,No active trips,0,[],0,[],6032,1
49,No active trips,0,[],0,[],4140,0
49,No active trips,0,[],0,[],4140,1
49 PPLO-BNR,No active trips,0,[],0,[],7123,0
49 PPLO-BNR,No active trips,0,[],0,[],7123,1
50,No active trips,0,[],0,[],2464,0
50,No active trips,0,[],0,[],2464,1
52E,No active trips,0,[],0,[],6208,0
52E,No active trips,0,[],0,[],6208,1
334-E BRAB-BDG,No active trips,0,[],0,[],8608,0
316,No active trips,0,[],0,[],2914,0
316,No active trips,0,[],0,[],2914,1
316-B,No active trips,0,[],0,[],2909,0
316-B,No active trips,0,[],0,[],2909,1
316 MDR-HDH-BDG,No active trips,0,[],0,[],6956,0
316 MDR-HDH-BDG,No active trips,0,[],0,[],6956,1
316-S,No active trips,0,[],0,[],3863,0
316-S,No active trips,0,[],0,[],3863,1
285-G,No active trips,0,[],0,[],2062,0
285-G,No active trips,0,[],0,[],2062,1
365-S MRD-D34G,No active trips,0,[],0,[],7838,0
366-L,No active trips,0,[],0,[],5112,0
366-L,No active trips,0,[],0,[],5112,1
BC-7B,No active trips,0,[],0,[],3886,0
BC-7B,No active trips,0,[],0,[],3886,1
293-M,No active trips,0,[],0,[],5046,0
293-M,No active trips,0,[],0,[],5046,1
289-AB,No active trips,0,[],0,[],4486,0
289-AB,No active trips,0,[],0,[],4486,1
366-M D34G-BTRD,No active trips,0,[],0,[],7694,0
366-M D34G-BTRD,No active trips,0,[],0,[],7694,1
366-M,No active trips,0,[],0,[],5113,0
366-M,No active trips,0,[],0,[],5113,1
365-DB,No active trips,0,[],0,[],8295,0
365-DB,No active trips,0,[],0,[],8295,1
365-E KBS-BTD,No active trips,0,[],0,[],4394,0
290-G HSS-BTP,No active trips,0,[],0,[],8929,0
BC-9 KLNB-BTRNP,No active trips,0,[],0,[],6151,0
BC-9 KLNB-BTRNP,No active trips,0,[],0,[],6151,1
290-G,No active trips,0,[],0,[],4269,0
290-G,No active trips,0,[],0,[],4269,1
290-G SBS-RSL-BTP,No active trips,0,[],0,[],6149,0
290-S,No active trips,0,[],0,[],6324,0
290-S,No active trips,0,[],0,[],6324,1
253-A,No active trips,0,[],0,[],2511,0
253-A,No active trips,0,[],0,[],2511,1
285-L,No active trips,0,[],0,[],8848,0
285-L,No active trips,0,[],0,[],8848,1
298-B,No active trips,0,[],0,[],5076,0
240-E D35G-BKH,No active trips,0,[],0,[],1857,0
240-E,No active trips,0,[],0,[],1865,0
240-E,No active trips,0,[],0,[],1865,1
240-E KBS-BKH,No active trips,0,[],0,[],7090,0
240-E KBS-BKH,No active trips,0,[],0,[],7090,1
380-P,No active trips,0,[],0,[],6998,0
380-P,No active trips,0,[],0,[],6998,1
211-RA,No active trips,0,[],0,[],1884,1
226-SB,No active trips,0,[],0,[],1319,0
226-SB,No active trips,0,[],0,[],1319,1
258-SD KBS-BNH,No active trips,0,[],0,[],3485,0
258-SD KBS-BNH,No active trips,0,[],0,[],3485,1
285-F,No active trips,0,[],0,[],2061,0
285-F,No active trips,0,[],0,[],2061,1
285-F KMT-AGS-BRP,No active trips,0,[],0,[],8812,1
22,No active trips,0,[],0,[],5580,0
22,No active trips,0,[],0,[],5580,1
22-A,No active trips,0,[],0,[],5579,0
216-A,No active trips,0,[],0,[],2285,0
216-A,No active trips,0,[],0,[],2285,1
D48-BYB,No active trips,0,[],0,[],6088,0
D48-BYB,No active trips,0,[],0,[],6088,1
230,No active trips,0,[],0,[],1430,1
365-K,No active trips,0,[],0,[],1993,0
365-K,No active trips,0,[],0,[],1993,1
369-J,No active trips,0,[],0,[],4407,0
369-J,No active trips,0,[],0,[],4407,1
227-T,No active trips,0,[],0,[],1375,0
227-T,No active trips,0,[],0,[],1375,1
143 KRM-NRG-CMP,No active trips,0,[],0,[],7274,0
500-DH HSRCPWD-ATB,No active trips,0,[],0,[],5150,0
K-3,No active trips,0,[],0,[],4193,0
KRM-CPWD,No active trips,0,[],0,[],6855,0
CALLBUS-2,No active trips,0,[],0,[],5708,0
ARMY-001,No active trips,0,[],0,[],7548,0
ARMY-001,No active trips,0,[],0,[],7548,1
ARMY-002,No active trips,0,[],0,[],7606,0
ARMY-002,No active trips,0,[],0,[],7606,1
ADITI-4,No active trips,0,[],0,[],8374,0
ADITI-4,No active trips,0,[],0,[],8374,1
BEMLA-14,No active trips,0,[],0,[],5536,0
BEMLA-14,No active trips,0,[],0,[],5536,1
BELGS-25,No active trips,0,[],0,[],8255,0
BELGS-25,No active trips,0,[],0,[],8255,1
HALPV-16,No active trips,0,[],0,[],4237,0
HALPV-16,No active trips,0,[],0,[],4237,1
BEML A-5,No active trips,0,[],0,[],6508,0
BEML A-5,No active trips,0,[],0,[],6508,1
ARMY-09,No active trips,0,[],0,[],7248,0
ARMY-09,No active trips,0,[],0,[],7248,1
ARMY-10,No active trips,0,[],0,[],7238,0
ARMY-10,No active trips,0,[],0,[],7238,1
ARMY-8,No active trips,0,[],0,[],4794,0
ARMY-8,No active trips,0,[],0,[],4794,1
APS-28,No active trips,0,[],0,[],7275,0
APS-28,No active trips,0,[],0,[],7275,1
ARMY-11,No active trips,0,[],0,[],7241,0
ARMY-11,No active trips,0,[],0,[],7241,1
APS-27,No active trips,0,[],0,[],7257,0
APS-27,No active trips,0,[],0,[],7257,1
APS-14,No active trips,0,[],0,[],7277,0
APS-14,No active trips,0,[],0,[],7277,1
ARMY-1,No active trips,0,[],0,[],4861,0
ARMY-1,No active trips,0,[],0,[],4861,1
APS-15,No active trips,0,[],0,[],7297,0
APS-15,No active trips,0,[],0,[],7297,1
ARMY-6A,No active trips,0,[],0,[],7630,0
ARMY-6A,No active trips,0,[],0,[],7630,1
ARMY-2,No active trips,0,[],0,[],5651,0
ARMY-2,No active trips,0,[],0,[],5651,1
APS-1,No active trips,0,[],0,[],7240,0
APS-1,No active trips,0,[],0,[],7240,1
APS-20,No active trips,0,[],0,[],7268,0
APS-20,No active trips,0,[],0,[],7268,1
APS-22,No active trips,0,[],0,[],7270,0
APS-22,No active trips,0,[],0,[],7270,1
APS-23,No active trips,0,[],0,[],7263,0
APS-23,No active trips,0,[],0,[],7263,1
APS-24,No active trips,0,[],0,[],7262,0
APS-24,No active trips,0,[],0,[],7262,1
APS-25,No active trips,0,[],0,[],7260,0
APS-25,No active trips,0,[],0,[],7260,1
APS-26,No active trips,0,[],0,[],7258,0
APS-26,No active trips,0,[],0,[],7258,1
APS-02,No active trips,0,[],0,[],7245,0
APS-02,No active trips,0,[],0,[],7245,1
APS-13,No active trips,0,[],0,[],7291,0
APS-13,No active trips,0,[],0,[],7291,1
ARMY-16,No active trips,0,[],0,[],7283,0
ARMY-16,No active trips,0,[],0,[],7283,1
ARMY-5,No active trips,0,[],0,[],4845,0
ARMY-5,No active trips,0,[],0,[],4845,1
APS-4,No active trips,0,[],0,[],7251,0
APS-4,No active trips,0,[],0,[],7251,1
APS-19,No active trips,0,[],0,[],7266,0
APS-19,No active trips,0,[],0,[],7266,1
APS-3,No active trips,0,[],0,[],7250,0
APS-3,No active trips,0,[],0,[],7250,1
Army-01,No active trips,0,[],0,[],6120,0
Army-01,No active trips,0,[],0,[],6120,1
ARMY-17,No active trips,0,[],0,[],7288,0
ARMY-17,No active trips,0,[],0,[],7288,1
ABS-4,No active trips,0,[],0,[],8443,0
ABS-4,No active trips,0,[],0,[],8443,1
ABS-2,No active trips,0,[],0,[],4547,0
ABS-2,No active trips,0,[],0,[],4547,1
ABS-03,No active trips,0,[],0,[],7640,0
ABS-03,No active trips,0,[],0,[],7640,1
ITPB-7B,No active trips,0,[],0,[],8162,0
ITPB-7B,No active trips,0,[],0,[],8162,1
AVS-1,No active trips,0,[],0,[],4853,0
AVS-1,No active trips,0,[],0,[],4853,1
KVUL-02,No active trips,0,[],0,[],7413,0
KVUL-02,No active trips,0,[],0,[],7413,1
BEL GS-26,No active trips,0,[],0,[],5211,0
BEL GS-26,No active trips,0,[],0,[],5211,1
BEL GS-16,No active trips,0,[],0,[],5491,0
BEL GS-16,No active trips,0,[],0,[],5491,1
BELGS-5,No active trips,0,[],0,[],6897,0
BELGS-5,No active trips,0,[],0,[],6897,1
BELGS-11,No active trips,0,[],0,[],3895,0
BELGS-11,No active trips,0,[],0,[],3895,1
BELGS-7,No active trips,0,[],0,[],4966,0
BELGS-7,No active trips,0,[],0,[],4966,1
BEL GS-15,No active trips,0,[],0,[],6049,0
BEL GS-15,No active trips,0,[],0,[],6049,1
BELGS-05,No active trips,0,[],0,[],5365,0
BELGS-05,No active trips,0,[],0,[],5365,1
BELGS-9,No active trips,0,[],0,[],2390,0
BELGS-9,No active trips,0,[],0,[],2390,1
BELGS-30,No active trips,0,[],0,[],2720,0
BELGS-30,No active trips,0,[],0,[],2720,1
BELGS-22,No active trips,0,[],0,[],6906,0
BELGS-22,No active trips,0,[],0,[],6906,1
BEL GS-06,No active trips,0,[],0,[],4043,0
BEL GS-06,No active trips,0,[],0,[],4043,1
BEL GS-13,No active trips,0,[],0,[],8256,0
BEL GS-13,No active trips,0,[],0,[],8256,1
BELGS-14,No active trips,0,[],0,[],4500,0
BELGS-14,No active trips,0,[],0,[],4500,1
BELGS-01,No active trips,0,[],0,[],8271,0
BELGS-01,No active trips,0,[],0,[],8271,1
BELGS-10,No active trips,0,[],0,[],8268,0
BELGS-10,No active trips,0,[],0,[],8268,1
BELGS-21,No active trips,0,[],0,[],8030,0
BELGS-21,No active trips,0,[],0,[],8030,1
BEL GS-2,No active trips,0,[],0,[],5287,0
BEL GS-2,No active trips,0,[],0,[],5287,1
BEL GS-31,No active trips,0,[],0,[],8021,0
BEL GS-31,No active trips,0,[],0,[],8021,1
BEL GS-17,No active trips,0,[],0,[],3965,0
BEL GS-17,No active trips,0,[],0,[],3965,1
BELGS-24,No active trips,0,[],0,[],4063,0
BELGS-24,No active trips,0,[],0,[],4063,1
BEL GS-29,No active trips,0,[],0,[],5691,0
BEL GS-29,No active trips,0,[],0,[],5691,1
BEMLA-29,No active trips,0,[],0,[],3982,0
BEMLA-29,No active trips,0,[],0,[],3982,1
BEML A-7,No active trips,0,[],0,[],7363,0
BEML A-7,No active trips,0,[],0,[],7363,1
BEMLA-12,No active trips,0,[],0,[],4535,0
BEMLA-12,No active trips,0,[],0,[],4535,1
BEMLA-15,No active trips,0,[],0,[],4823,0
BEMLA-15,No active trips,0,[],0,[],4823,1
BEMLJVS A-6,No active trips,0,[],0,[],3946,0
BEMLJVS A-6,No active trips,0,[],0,[],3946,1
BEMLJVS B-6,No active trips,0,[],0,[],3943,0
BEMLJVS B-6,No active trips,0,[],0,[],3943,1
BEMLA-20,No active trips,0,[],0,[],4748,0
BEMLA-20,No active trips,0,[],0,[],4748,1
BEMLB-14,No active trips,0,[],0,[],5532,0
BEMLB-14,No active trips,0,[],0,[],5532,1
BEML A-31,No active trips,0,[],0,[],6510,0
BEML A-31,No active trips,0,[],0,[],6510,1
BEMLA-2,No active trips,0,[],0,[],5182,0
BEML A-1,No active trips,0,[],0,[],2996,0
BEML A-1,No active trips,0,[],0,[],2996,1
BEMLA-4,No active trips,0,[],0,[],4052,0
BEMLA-4,No active trips,0,[],0,[],4052,1
BEML-33A,No active trips,0,[],0,[],4924,0
BEML-33A,No active trips,0,[],0,[],4924,1
BEMLA-10,No active trips,0,[],0,[],3853,0
BEMLA-10,No active trips,0,[],0,[],3853,1
BEMLA-28,No active trips,0,[],0,[],4651,0
BEMLA-28,No active trips,0,[],0,[],4651,1
BEML B-22,No active trips,0,[],0,[],4755,0
BEML B-22,No active trips,0,[],0,[],4755,1
BEMLA-11,No active trips,0,[],0,[],5134,0
BEMLA-11,No active trips,0,[],0,[],5134,1
BEMLB-9,No active trips,0,[],0,[],4239,0
BEMLB-9,No active trips,0,[],0,[],4239,1
BEML A-21,No active trips,0,[],0,[],6287,0
BEML A-21,No active trips,0,[],0,[],6287,1
BMSIT-6,No active trips,0,[],0,[],1093,0
BMSIT-6,No active trips,0,[],0,[],1093,1
Call Bus-01,No active trips,0,[],0,[],7384,0
BTP-6C,No active trips,0,[],0,[],4399,0
BTP-6C,No active trips,0,[],0,[],4399,1
BTP-1,No active trips,0,[],0,[],5427,0
BTP-1,No active trips,0,[],0,[],5427,1
BTP-3,No active trips,0,[],0,[],5862,0
BTP-3,No active trips,0,[],0,[],5862,1
BTP-4,No active trips,0,[],0,[],5426,0
BTP-4,No active trips,0,[],0,[],5426,1
BTP-5,No active trips,0,[],0,[],5424,0
BTP-5,No active trips,0,[],0,[],5424,1
SVM-1A,No active trips,0,[],0,[],4945,0
HSS-08,No active trips,0,[],0,[],7407,0
HSS-08,No active trips,0,[],0,[],7407,1
VLS-10,No active trips,0,[],0,[],8509,0
VLS-10,No active trips,0,[],0,[],8509,1
BELGS-12,No active trips,0,[],0,[],8562,0
BELGS-12,No active trips,0,[],0,[],8562,1
VNS-23,No active trips,0,[],0,[],7497,0
VNS-23,No active trips,0,[],0,[],7497,1
BEMLA-3,No active trips,0,[],0,[],3843,0
BEMLA-3,No active trips,0,[],0,[],3843,1
BCGHS-17,No active trips,0,[],0,[],6210,0
BCGHS-17,No active trips,0,[],0,[],6210,1
BCGS-13,No active trips,0,[],0,[],8407,0
BCGS-13,No active trips,0,[],0,[],8407,1
BCGHS-14,No active trips,0,[],0,[],4701,0
BCGHS-14,No active trips,0,[],0,[],4701,1
BCGHS-11,No active trips,0,[],0,[],6121,0
BCGHS-11,No active trips,0,[],0,[],6121,1
BCGS-20,No active trips,0,[],0,[],2670,0
BCGS-20,No active trips,0,[],0,[],2670,1
BCGHS-19,No active trips,0,[],0,[],5508,0
BCGHS-19,No active trips,0,[],0,[],5508,1
BCGHS-18,No active trips,0,[],0,[],4026,0
BCGHS-18,No active trips,0,[],0,[],4026,1
BELGS-18,No active trips,0,[],0,[],8564,0
BELGS-18,No active trips,0,[],0,[],8564,1
Call Bus CWS-3,No active trips,0,[],0,[],3354,1
CDS-02,No active trips,0,[],0,[],8397,0
CDS-02,No active trips,0,[],0,[],8397,1
CTHS-01,No active trips,0,[],0,[],8363,0
CTHS-01,No active trips,0,[],0,[],8363,1
CDS-03,No active trips,0,[],0,[],8400,0
CDS-03,No active trips,0,[],0,[],8400,1
CFLS-1,No active trips,0,[],0,[],4416,1
CFLF-2,No active trips,0,[],0,[],5470,1
ABS-01,No active trips,0,[],0,[],8881,0
ABS-01,No active trips,0,[],0,[],8881,1
BEMLB-10,No active trips,0,[],0,[],5006,0
CHMS-1,No active trips,0,[],0,[],5032,0
CHMS-1,No active trips,0,[],0,[],5032,1
CHM-1,No active trips,0,[],0,[],5535,0
CHM-1,No active trips,0,[],0,[],5535,1
KVUL-1,No active trips,0,[],0,[],7539,0
KVUL-1,No active trips,0,[],0,[],7539,1
CHLS-6,No active trips,0,[],0,[],5313,0
CHLS-6,No active trips,0,[],0,[],5313,1
CHLS-8,No active trips,0,[],0,[],4263,0
CHLS-8,No active trips,0,[],0,[],4263,1
CHLS-5,No active trips,0,[],0,[],4662,0
CHLS-5,No active trips,0,[],0,[],4662,1
CRST-5A,No active trips,0,[],0,[],8347,0
CRST-5A,No active trips,0,[],0,[],8347,1
CHLS-3,No active trips,0,[],0,[],4565,0
CHLS-3,No active trips,0,[],0,[],4565,1
CHLS-4,No active trips,0,[],0,[],4296,0
CHLS-4,No active trips,0,[],0,[],4296,1
CRHS-7,No active trips,0,[],0,[],5062,0
CRHS-7,No active trips,0,[],0,[],5062,1
DSIT-4,No active trips,0,[],0,[],6636,0
DSIT-4,No active trips,0,[],0,[],6636,1
DSC-4,No active trips,0,[],0,[],4435,0
DSC-4,No active trips,0,[],0,[],4435,1
DSIT-1,No active trips,0,[],0,[],7554,0
DSIT-1,No active trips,0,[],0,[],7554,1
DSIT-2A,No active trips,0,[],0,[],6603,0
DSIT-2A,No active trips,0,[],0,[],6603,1
BEML A-17,No active trips,0,[],0,[],7227,0
BEML A-17,No active trips,0,[],0,[],7227,1
STJHS-3,No active trips,0,[],0,[],5681,0
STJHS-3,No active trips,0,[],0,[],5681,1
LHIA-01,No active trips,0,[],0,[],6179,0
LHIA-01,No active trips,0,[],0,[],6179,1
SJS-03,No active trips,0,[],0,[],7395,0
SJS-03,No active trips,0,[],0,[],7395,1
SJBHS-04C,No active trips,0,[],0,[],8358,0
SJBHS-04C,No active trips,0,[],0,[],8358,1
FEATHER-1,No active trips,0,[],0,[],4093,0
FEATHER-1,No active trips,0,[],0,[],4093,1
FEATHER-2,No active trips,0,[],0,[],7962,0
FEATHER-2,No active trips,0,[],0,[],7962,1
GGS-03,No active trips,0,[],0,[],6168,0
GGS-03,No active trips,0,[],0,[],6168,1
GGS-01,No active trips,0,[],0,[],6898,0
GGS-04,No active trips,0,[],0,[],6901,0
GGS-04,No active trips,0,[],0,[],6901,1
GGS-1,No active trips,0,[],0,[],7449,1
GGS-2,No active trips,0,[],0,[],7471,0
GGS-2,No active trips,0,[],0,[],7471,1
GGS-05,No active trips,0,[],0,[],8927,0
GGS-05,No active trips,0,[],0,[],8927,1
GBN-1,No active trips,0,[],0,[],5938,0
GBN-1,No active trips,0,[],0,[],5938,1
C BUS KWS-1,No active trips,0,[],0,[],5407,0
BELGS-19,No active trips,0,[],0,[],1811,0
BELGS-19,No active trips,0,[],0,[],1811,1
BCGHS-15,No active trips,0,[],0,[],8095,0
BCGHS-15,No active trips,0,[],0,[],8095,1
BELGS-04,No active trips,0,[],0,[],8265,0
BELGS-04,No active trips,0,[],0,[],8265,1
HAL PV-3,No active trips,0,[],0,[],5517,0
HAL PV-3,No active trips,0,[],0,[],5517,1
HALPV-8,No active trips,0,[],0,[],8167,0
HALPV-8,No active trips,0,[],0,[],8167,1
HALPV-14,No active trips,0,[],0,[],5468,0
HALPV-14,No active trips,0,[],0,[],5468,1
HALHSP-1,No active trips,0,[],0,[],5142,0
HALHSP-1,No active trips,0,[],0,[],5142,1
KWS CALLBUS-8,No active trips,0,[],0,[],4909,0
HALPV-9,No active trips,0,[],0,[],4014,0
HALPV-9,No active trips,0,[],0,[],4014,1
HALNPS-4,No active trips,0,[],0,[],4950,0
HALNPS-4,No active trips,0,[],0,[],4950,1
NP-03A,No active trips,0,[],0,[],6496,0
NP-03A,No active trips,0,[],0,[],6496,1
HSC-01,No active trips,0,[],0,[],4287,0
HSC-01,No active trips,0,[],0,[],4287,1
HSC-01A,No active trips,0,[],0,[],6426,0
HSC-01A,No active trips,0,[],0,[],6426,1
HSC-01B,No active trips,0,[],0,[],7765,0
HSC-01B,No active trips,0,[],0,[],7765,1
HSS-16,No active trips,0,[],0,[],8784,0
HSS-16,No active trips,0,[],0,[],8784,1
HSS-18,No active trips,0,[],0,[],5611,0
HSS-18,No active trips,0,[],0,[],5611,1
HSS-06,No active trips,0,[],0,[],5438,0
HSS-06,No active trips,0,[],0,[],5438,1
HSS-7,No active trips,0,[],0,[],4862,0
HSS-7,No active trips,0,[],0,[],4862,1
HSS-07,No active trips,0,[],0,[],6201,0
HSS-07,No active trips,0,[],0,[],6201,1
HSS-5,No active trips,0,[],0,[],8406,0
HSS-5,No active trips,0,[],0,[],8406,1
HSS-19,No active trips,0,[],0,[],5378,0
HSS-19,No active trips,0,[],0,[],5378,1
HSS-22,No active trips,0,[],0,[],6203,0
HSS-22,No active trips,0,[],0,[],6203,1
HSS-10,No active trips,0,[],0,[],6559,0
HSS-10,No active trips,0,[],0,[],6559,1
HSS-01,No active trips,0,[],0,[],5518,0
HSS-01,No active trips,0,[],0,[],5518,1
HSS-12,No active trips,0,[],0,[],5522,0
HSS-12,No active trips,0,[],0,[],5522,1
HSS-14,No active trips,0,[],0,[],6039,0
HSS-14,No active trips,0,[],0,[],6039,1
HSS-23,No active trips,0,[],0,[],5520,0
HSS-23,No active trips,0,[],0,[],5520,1
HSS-13,No active trips,0,[],0,[],6037,0
HSS-13,No active trips,0,[],0,[],6037,1
HSS-03,No active trips,0,[],0,[],2729,0
HSS-03,No active trips,0,[],0,[],2729,1
HSS-15,No active trips,0,[],0,[],5695,0
HSS-15,No active trips,0,[],0,[],5695,1
HSS-17,No active trips,0,[],0,[],5576,0
HSS-17,No active trips,0,[],0,[],5576,1
HSS-4,No active trips,0,[],0,[],7501,0
HSS-4,No active trips,0,[],0,[],7501,1
HSS-09,No active trips,0,[],0,[],5786,0
HSS-09,No active trips,0,[],0,[],5786,1
HSS-20,No active trips,0,[],0,[],8688,0
HSS-20,No active trips,0,[],0,[],8688,1
VLS-01,No active trips,0,[],0,[],8787,1
SNCS-1A,No active trips,0,[],0,[],8366,0
SNCS-1A,No active trips,0,[],0,[],8366,1
IIHS-01,No active trips,0,[],0,[],6456,0
IIHS-02,No active trips,0,[],0,[],6457,0
IIHS-02,No active trips,0,[],0,[],6457,1
ISROKN-4,No active trips,0,[],0,[],4746,0
ISROKN-4,No active trips,0,[],0,[],4746,1
ISROM-1,No active trips,0,[],0,[],3924,0
ISROM-1,No active trips,0,[],0,[],3924,1
ITPL-2D,No active trips,0,[],0,[],5029,0
ITPL-2D,No active trips,0,[],0,[],5029,1
ITPL-8E,No active trips,0,[],0,[],3690,0
ITPL-8E,No active trips,0,[],0,[],3690,1
ITPL-4B,No active trips,0,[],0,[],4406,0
ITPL-4B,No active trips,0,[],0,[],4406,1
ITPB-9A,No active trips,0,[],0,[],5369,0
ITPB-9A,No active trips,0,[],0,[],5369,1
BEMLA-23,No active trips,0,[],0,[],5483,0
BEMLA-23,No active trips,0,[],0,[],5483,1
INFOSYS-35,No active trips,0,[],0,[],6109,0
INFOSYS-35,No active trips,0,[],0,[],6109,1
INFOSYS-34,No active trips,0,[],0,[],6108,0
INFOSYS-34,No active trips,0,[],0,[],6108,1
JNSVS-1,No active trips,0,[],0,[],6430,0
JNSVS-3,No active trips,0,[],0,[],5835,0
JNSVS-3,No active trips,0,[],0,[],5835,1
JNSVS-4,No active trips,0,[],0,[],5838,0
JNSVS-5,No active trips,0,[],0,[],5578,0
JNSVS-5,No active trips,0,[],0,[],5578,1
JNSVS-6,No active trips,0,[],0,[],5440,1
JGF-2,No active trips,0,[],0,[],4751,0
JGF-2,No active trips,0,[],0,[],4751,1
JGF-3,No active trips,0,[],0,[],8935,0
JGF-3,No active trips,0,[],0,[],8935,1
JGF-4,No active trips,0,[],0,[],4476,0
JGF-4,No active trips,0,[],0,[],4476,1
ST BEN-9,No active trips,0,[],0,[],7779,0
ST BEN-9,No active trips,0,[],0,[],7779,1
SVM-2,No active trips,0,[],0,[],8391,0
SVM-2,No active trips,0,[],0,[],8391,1
KINHT-2,No active trips,0,[],0,[],5739,0
KINHT-2,No active trips,0,[],0,[],5739,1
KPTCL-01,No active trips,0,[],0,[],8296,0
KPTCL-01,No active trips,0,[],0,[],8296,1
CHLS-9,No active trips,0,[],0,[],4266,0
CHLS-9,No active trips,0,[],0,[],4266,1
PESU-01,No active trips,0,[],0,[],8921,0
PESU-01,No active trips,0,[],0,[],8921,1
PESU-02,No active trips,0,[],0,[],8922,0
PESU-02,No active trips,0,[],0,[],8922,1
CALLBUS KWS-3,No active trips,0,[],0,[],4076,0
KVASC-01,No active trips,0,[],0,[],1056,0
KVASC-01,No active trips,0,[],0,[],1056,1
KVASC-02,No active trips,0,[],0,[],5149,0
KVASC-02,No active trips,0,[],0,[],5149,1
KVASC-04,No active trips,0,[],0,[],5684,0
KVASC-04,No active trips,0,[],0,[],5684,1
KVASC-08,No active trips,0,[],0,[],5537,0
KVASC-08,No active trips,0,[],0,[],5537,1
KVASC-09,No active trips,0,[],0,[],5495,0
KVASC-09,No active trips,0,[],0,[],5495,1
KVASC-10A,No active trips,0,[],0,[],6360,0
KVASC-10A,No active trips,0,[],0,[],6360,1
KVASC-12,No active trips,0,[],0,[],8444,0
KVASC-12,No active trips,0,[],0,[],8444,1
KVPTA-10,No active trips,0,[],0,[],4839,0
KVPTA-10,No active trips,0,[],0,[],4839,1
KVASC-11,No active trips,0,[],0,[],4409,0
KVASC-11,No active trips,0,[],0,[],4409,1
KVASC-03,No active trips,0,[],0,[],6367,0
KVASC-03,No active trips,0,[],0,[],6367,1
KVPTA-7,No active trips,0,[],0,[],5531,0
KVPTA-7,No active trips,0,[],0,[],5531,1
KVPTA-3A,No active trips,0,[],0,[],4948,0
KVPTA-3A,No active trips,0,[],0,[],4948,1
KV-2,No active trips,0,[],0,[],5252,0
KV-2,No active trips,0,[],0,[],5252,1
KVM-3,No active trips,0,[],0,[],3055,0
KVM-3,No active trips,0,[],0,[],3055,1
CALLBUS KWS-7,No active trips,0,[],0,[],4960,0
KWS-6,No active trips,0,[],0,[],2269,0
KWS-6,No active trips,0,[],0,[],2269,1
KWS-1,No active trips,0,[],0,[],4720,0
KWS CALLBUS-2,No active trips,0,[],0,[],1091,1
Call Bus-5,No active trips,0,[],0,[],4563,0
SJBHS-3,No active trips,0,[],0,[],8387,0
SJBHS-3,No active trips,0,[],0,[],8387,1
ST BEN-19,No active trips,0,[],0,[],7780,0
ST BEN-19,No active trips,0,[],0,[],7780,1
BTP-23,No active trips,0,[],0,[],5089,0
BTP-23,No active trips,0,[],0,[],5089,1
MVSM-01,No active trips,0,[],0,[],5293,0
MVSM-01,No active trips,0,[],0,[],5293,1
MVSM-2,No active trips,0,[],0,[],5455,0
MVSM-2,No active trips,0,[],0,[],5455,1
ADITI-12,No active trips,0,[],0,[],4603,0
ADITI-12,No active trips,0,[],0,[],4603,1
ADITI-9,No active trips,0,[],0,[],4588,0
ADITI-9,No active trips,0,[],0,[],4588,1
ADITI-10,No active trips,0,[],0,[],4493,0
ADITI-10,No active trips,0,[],0,[],4493,1
ADITI-5,No active trips,0,[],0,[],4562,0
ADITI-5,No active trips,0,[],0,[],4562,1
ADITI-3,No active trips,0,[],0,[],3697,0
ADITI-3,No active trips,0,[],0,[],3697,1
ADITI-13,No active trips,0,[],0,[],6215,0
ADITI-13,No active trips,0,[],0,[],6215,1
ADITI-8,No active trips,0,[],0,[],4601,0
ADITI-8,No active trips,0,[],0,[],4601,1
ADITI-2,No active trips,0,[],0,[],4572,0
ADITI-2,No active trips,0,[],0,[],4572,1
HALPV-18,No active trips,0,[],0,[],8152,0
HALPV-18,No active trips,0,[],0,[],8152,1
CALLBUS-02,No active trips,0,[],0,[],4226,0
KWS-02,No active trips,0,[],0,[],5563,0
NMC-14,No active trips,0,[],0,[],8631,0
NMC-14,No active trips,0,[],0,[],8631,1
NMC-15,No active trips,0,[],0,[],8640,0
NMC-15,No active trips,0,[],0,[],8640,1
BEL GS-28,No active trips,0,[],0,[],8966,0
BEL GS-28,No active trips,0,[],0,[],8966,1
HSC-01C,No active trips,0,[],0,[],8660,0
HSC-01C,No active trips,0,[],0,[],8660,1
NLS-01,No active trips,0,[],0,[],8835,0
NLS-02,No active trips,0,[],0,[],8836,0
NLS-4,No active trips,0,[],0,[],8799,0
NLS-4,No active trips,0,[],0,[],8799,1
BELGS-07,No active trips,0,[],0,[],8266,0
BELGS-07,No active trips,0,[],0,[],8266,1
NMC-19,No active trips,0,[],0,[],8639,0
NMC-19,No active trips,0,[],0,[],8639,1
PTPL-1R,No active trips,0,[],0,[],4442,0
PTPL-1R,No active trips,0,[],0,[],4442,1
PTPL-3R,No active trips,0,[],0,[],4467,0
PTPL-3R,No active trips,0,[],0,[],4467,1
PESCE-1,No active trips,0,[],0,[],5457,0
PESCE-1,No active trips,0,[],0,[],5457,1
PESCE-1A,No active trips,0,[],0,[],6522,1
PESCE-1D,No active trips,0,[],0,[],6524,0
PESCE-1D,No active trips,0,[],0,[],6524,1
PESCE-1H,No active trips,0,[],0,[],6529,1
PESCE-1J,No active trips,0,[],0,[],6531,0
PESCE-1J,No active trips,0,[],0,[],6531,1
PESCE-1K,No active trips,0,[],0,[],6532,0
PESCE-1K,No active trips,0,[],0,[],6532,1
PESCE-1M,No active trips,0,[],0,[],6535,0
PESCE-1M,No active trips,0,[],0,[],6535,1
PESCE-1N,No active trips,0,[],0,[],6534,0
PESCE-1N,No active trips,0,[],0,[],6534,1
PESCE-2,No active trips,0,[],0,[],5456,0
PESCE-2,No active trips,0,[],0,[],5456,1
PESCE-5,No active trips,0,[],0,[],4965,0
PESCE-5,No active trips,0,[],0,[],4965,1
ADITI-014,No active trips,0,[],0,[],8377,0
ADITI-014,No active trips,0,[],0,[],8377,1
SPHS-11,No active trips,0,[],0,[],3714,0
SPHS-11,No active trips,0,[],0,[],3714,1
ST BEN-11,No active trips,0,[],0,[],7778,0
BEL GS-20,No active trips,0,[],0,[],8062,0
BEL GS-20,No active trips,0,[],0,[],8062,1
SVM-02,No active trips,0,[],0,[],8395,0
SVM-02,No active trips,0,[],0,[],8395,1
SJS-02,No active trips,0,[],0,[],6213,0
SJS-02,No active trips,0,[],0,[],6213,1
SJS-1,No active trips,0,[],0,[],6549,0
SJS-1,No active trips,0,[],0,[],6549,1
BTP-20,No active trips,0,[],0,[],7817,0
BTP-20,No active trips,0,[],0,[],7817,1
CALLBUS-11,No active trips,0,[],0,[],7897,0
SNCS-03,No active trips,0,[],0,[],8371,0
SNCS-03,No active trips,0,[],0,[],8371,1
SPHS-12,No active trips,0,[],0,[],7067,0
SPHS-12,No active trips,0,[],0,[],7067,1
SHS-7,No active trips,0,[],0,[],5680,0
SHS-7,No active trips,0,[],0,[],5680,1
SHS-02,No active trips,0,[],0,[],8561,0
SHS-02,No active trips,0,[],0,[],8561,1
SPHS-1A,No active trips,0,[],0,[],8560,0
SPHS-1A,No active trips,0,[],0,[],8560,1
SPHS-15,No active trips,0,[],0,[],5270,0
SPHS-15,No active trips,0,[],0,[],5270,1
SPHS-10,No active trips,0,[],0,[],5612,0
SPHS-10,No active trips,0,[],0,[],5612,1
SPHS-3,No active trips,0,[],0,[],7065,0
SPHS-3,No active trips,0,[],0,[],7065,1
SPHS-01,No active trips,0,[],0,[],5269,0
SPHS-01,No active trips,0,[],0,[],5269,1
SPHS-08,No active trips,0,[],0,[],5674,0
SPHS-08,No active trips,0,[],0,[],5674,1
SHS-5,No active trips,0,[],0,[],5380,0
SHS-5,No active trips,0,[],0,[],5380,1
SHS-9,No active trips,0,[],0,[],4222,0
SHS-9,No active trips,0,[],0,[],4222,1
SPHS-14,No active trips,0,[],0,[],7070,0
SPHS-14,No active trips,0,[],0,[],7070,1
SPHS-06,No active trips,0,[],0,[],5779,0
SPHS-06,No active trips,0,[],0,[],5779,1
SPHS-13,No active trips,0,[],0,[],5473,0
SPHS-13,No active trips,0,[],0,[],5473,1
SHS-4,No active trips,0,[],0,[],5561,0
SHS-4,No active trips,0,[],0,[],5561,1
SSPC-2,No active trips,0,[],0,[],4702,0
SSPC-2,No active trips,0,[],0,[],4702,1
ST BEN-8,No active trips,0,[],0,[],4115,0
ST BEN-8,No active trips,0,[],0,[],4115,1
ST BENEDICT-10,No active trips,0,[],0,[],6219,1
ST BEN-20,No active trips,0,[],0,[],7610,0
ST BEN-20,No active trips,0,[],0,[],7610,1
ST BEN-10,No active trips,0,[],0,[],5774,0
SCS-1,No active trips,0,[],0,[],4048,0
SCS-1,No active trips,0,[],0,[],4048,1
SCS-4,No active trips,0,[],0,[],4053,0
SCS-6,No active trips,0,[],0,[],4244,0
SCS-6,No active trips,0,[],0,[],4244,1
SCS-7,No active trips,0,[],0,[],4057,0
SCS-7,No active trips,0,[],0,[],4057,1
SCS-2,No active trips,0,[],0,[],4133,0
SCS-2,No active trips,0,[],0,[],4133,1
SCS-10,No active trips,0,[],0,[],7347,0
SCS-10,No active trips,0,[],0,[],7347,1
SCS-12,No active trips,0,[],0,[],7536,0
SCS-12,No active trips,0,[],0,[],7536,1
SCS-8,No active trips,0,[],0,[],3967,0
SCS-8,No active trips,0,[],0,[],3967,1
SCS-9,No active trips,0,[],0,[],4045,0
SCS-9,No active trips,0,[],0,[],4045,1
SCS-5,No active trips,0,[],0,[],5688,0
SCS-5,No active trips,0,[],0,[],5688,1
SCS-03,No active trips,0,[],0,[],6627,0
SCS-03,No active trips,0,[],0,[],6627,1
SCS-11,No active trips,0,[],0,[],3996,0
SCS-11,No active trips,0,[],0,[],3996,1
STJHS-1,No active trips,0,[],0,[],5958,0
STJHS-1,No active trips,0,[],0,[],5958,1
STJHS-4,No active trips,0,[],0,[],2952,0
STJHS-4,No active trips,0,[],0,[],2952,1
SJBHS-8,No active trips,0,[],0,[],5825,0
SJBHS-8,No active trips,0,[],0,[],5825,1
SJBHS-4A,No active trips,0,[],0,[],6123,0
SJBHS-4A,No active trips,0,[],0,[],6123,1
SJBHS-4B,No active trips,0,[],0,[],4776,0
SJBHS-4B,No active trips,0,[],0,[],4776,1
SJBHS-07,No active trips,0,[],0,[],1617,0
SJBHS-07,No active trips,0,[],0,[],1617,1
SJBS-5,No active trips,0,[],0,[],8523,0
SJBS-5,No active trips,0,[],0,[],8523,1
SJBHS-04,No active trips,0,[],0,[],5648,0
SJBHS-04,No active trips,0,[],0,[],5648,1
SJBHS-06,No active trips,0,[],0,[],7306,0
SJBHS-06,No active trips,0,[],0,[],7306,1
SJBHS-01,No active trips,0,[],0,[],5631,0
SJBHS-01,No active trips,0,[],0,[],5631,1
SJBHS-2A,No active trips,0,[],0,[],7002,0
SJBHS-2A,No active trips,0,[],0,[],7002,1
SJBHS-2C,No active trips,0,[],0,[],5311,0
SJBHS-2C,No active trips,0,[],0,[],5311,1
BTP-6D,No active trips,0,[],0,[],5489,0
SJBHS-9,No active trips,0,[],0,[],8359,0
SJBHS-9,No active trips,0,[],0,[],8359,1
LHAI,No active trips,0,[],0,[],8872,0
LHAI,No active trips,0,[],0,[],8872,1
TEPL-1,No active trips,0,[],0,[],3952,0
TEPL-1,No active trips,0,[],0,[],3952,1
TEPL-2,No active trips,0,[],0,[],5711,0
TEPL-2,No active trips,0,[],0,[],5711,1
NMC-12,No active trips,0,[],0,[],8642,0
NMC-12,No active trips,0,[],0,[],8642,1
UBVS-2,No active trips,0,[],0,[],6415,0
UBVS-2,No active trips,0,[],0,[],6415,1
UBVS-01,No active trips,0,[],0,[],4820,0
UBVS-01,No active trips,0,[],0,[],4820,1
OASIS-2,No active trips,0,[],0,[],7584,0
OASIS-2,No active trips,0,[],0,[],7584,1
VLS-06,No active trips,0,[],0,[],8329,0
VLS-06,No active trips,0,[],0,[],8329,1
VLS-5,No active trips,0,[],0,[],8331,0
VLS-5,No active trips,0,[],0,[],8331,1
VLS-003,No active trips,0,[],0,[],7644,0
VLS-1,No active trips,0,[],0,[],3875,0
VLS-2.,No active trips,0,[],0,[],7351,0
VLS-2.,No active trips,0,[],0,[],7351,1
VLS-3,No active trips,0,[],0,[],5191,0
VLS-3,No active trips,0,[],0,[],5191,1
VLS-2,No active trips,0,[],0,[],4789,0
VLS-2,No active trips,0,[],0,[],4789,1
VLS-9,No active trips,0,[],0,[],6263,0
VLS-9,No active trips,0,[],0,[],6263,1
VNS-24,No active trips,0,[],0,[],7489,0
VNS-24,No active trips,0,[],0,[],7489,1
VNS-04,No active trips,0,[],0,[],5703,0
VNS-04,No active trips,0,[],0,[],5703,1
VNS-18,No active trips,0,[],0,[],7369,0
VNS-18,No active trips,0,[],0,[],7369,1
VNS-16,No active trips,0,[],0,[],4659,0
VNS-16,No active trips,0,[],0,[],4659,1
VNS-12,No active trips,0,[],0,[],4678,0
VNS-12,No active trips,0,[],0,[],4678,1
VNS--24,No active trips,0,[],0,[],6372,0
VNS--24,No active trips,0,[],0,[],6372,1
VNS-3,No active trips,0,[],0,[],4559,0
VNS-3,No active trips,0,[],0,[],4559,1
VNS-17,No active trips,0,[],0,[],5437,0
VNS-17,No active trips,0,[],0,[],5437,1
VNS-8,No active trips,0,[],0,[],4209,0
VNS-8,No active trips,0,[],0,[],4209,1
VNS-19,No active trips,0,[],0,[],4322,0
VNS-19,No active trips,0,[],0,[],4322,1
VNS-01,No active trips,0,[],0,[],6139,0
VNS-01,No active trips,0,[],0,[],6139,1
VNS-2,No active trips,0,[],0,[],5655,0
VNS-2,No active trips,0,[],0,[],5655,1
VNS-7,No active trips,0,[],0,[],5436,0
VNS-7,No active trips,0,[],0,[],5436,1
VNS-6,No active trips,0,[],0,[],4796,0
VNS-6,No active trips,0,[],0,[],4796,1
VNS-13,No active trips,0,[],0,[],4668,0
VNS-13,No active trips,0,[],0,[],4668,1
VNS-14,No active trips,0,[],0,[],4682,0
VNS-14,No active trips,0,[],0,[],4682,1
VNS-22,No active trips,0,[],0,[],3073,0
VNS-22,No active trips,0,[],0,[],3073,1
VNS-10,No active trips,0,[],0,[],5618,0
VNS-10,No active trips,0,[],0,[],5618,1
VNS-11,No active trips,0,[],0,[],5052,0
VNS-11,No active trips,0,[],0,[],5052,1
VNS-9,No active trips,0,[],0,[],4804,0
VNS-9,No active trips,0,[],0,[],4804,1
VNS-21,No active trips,0,[],0,[],4699,0
VNS-21,No active trips,0,[],0,[],4699,1
WPLS-1,No active trips,0,[],0,[],8732,0
WPLS-1,No active trips,0,[],0,[],8732,1
WPLS-2,No active trips,0,[],0,[],8739,0
WPLS-2,No active trips,0,[],0,[],8739,1
NLS-1,No active trips,0,[],0,[],8497,0
NLS-2,No active trips,0,[],0,[],8496,0
NLS-3,No active trips,0,[],0,[],8494,0
NLS-3,No active trips,0,[],0,[],8494,1
KBS-12HK HSK-CVRNRG,No active trips,0,[],0,[],6247,1
314-B KBS-CVRNRG,No active trips,0,[],0,[],6248,0
D6G-CVRN,No active trips,0,[],0,[],1796,1
314-B,No active trips,0,[],0,[],3856,0
314-B,No active trips,0,[],0,[],3856,1
MBS-6 YST-CVRN,No active trips,0,[],0,[],4288,0
D34G-CCDV,No active trips,0,[],0,[],8330,0
D42-CRG,No active trips,0,[],0,[],5718,0
D42-CRG,No active trips,0,[],0,[],5718,1
MF-22K,No active trips,0,[],0,[],9009,0
MF-22K,No active trips,0,[],0,[],9009,1
241-D BRTN2-MRTG-CVB,No active trips,0,[],0,[],5613,0
241-D BRTN2-MRTG-CVB,No active trips,0,[],0,[],5613,1
315-MF CVB-KHCQ-RMN-D24,No active trips,0,[],0,[],6922,0
285-MA PTML-CVB,No active trips,0,[],0,[],1260,1
285 PRU-CVB,No active trips,0,[],0,[],8239,0
89-C KMT-CVN,No active trips,0,[],0,[],8989,0
89-C KMT-CVN,No active trips,0,[],0,[],8989,1
89-A,No active trips,0,[],0,[],5017,0
89-A,No active trips,0,[],0,[],5017,1
89-C,No active trips,0,[],0,[],991,0
89-C,No active trips,0,[],0,[],991,1
89-E,No active trips,0,[],0,[],4900,0
89-E,No active trips,0,[],0,[],4900,1
89-C SNBS-CVN,No active trips,0,[],0,[],8795,0
89-E SNBS-CVN,No active trips,0,[],0,[],4913,0
89-E SNBS-CVN,No active trips,0,[],0,[],4913,1
89-A YTTMC-CVN,No active trips,0,[],0,[],1765,0
89-A YTTMC-CVN,No active trips,0,[],0,[],1765,1
410-FA BMBS-CSB,No active trips,0,[],0,[],6943,0
410-FA BMBS-CSB,No active trips,0,[],0,[],6943,1
G-3 SJSCBSE-CSB,No active trips,0,[],0,[],6214,0
V-500BC,No active trips,0,[],0,[],5480,0
V-500BC,No active trips,0,[],0,[],5480,1
500-D BELF-CSB,No active trips,0,[],0,[],6235,0
500-D BELF-CSB,No active trips,0,[],0,[],6235,1
500-D BEML-TNF-CSB,No active trips,0,[],0,[],7559,0
500 BEML-MRTB-CSB,No active trips,0,[],0,[],4754,0
V-500DB,No active trips,0,[],0,[],8869,0
V-500DB,No active trips,0,[],0,[],8869,1
500-D BSBI-CSB,No active trips,0,[],0,[],6234,0
500-D BSBI-CSB,No active trips,0,[],0,[],6234,1
V-DIVYA DARSHANA-1B,No active trips,0,[],0,[],8432,0
201-Q D6G-CSB,No active trips,0,[],0,[],6758,0
201-Q D6G-CSB,No active trips,0,[],0,[],6758,1
MF-6 D06G-CSB,No active trips,0,[],0,[],6370,0
MF-6 D06G-CSB,No active trips,0,[],0,[],6370,1
500-D D10G-CSB,No active trips,0,[],0,[],4525,0
500-D D10G-CSB,No active trips,0,[],0,[],4525,1
500-D D10G-TNF-CSB,No active trips,0,[],0,[],7985,0
500-D D10G-TNF-CSB,No active trips,0,[],0,[],7985,1
MF-22HC D34G-CSB,No active trips,0,[],0,[],8699,0
MF-22HC D34G-CSB,No active trips,0,[],0,[],8699,1
G-3 ELCW-CSB,No active trips,0,[],0,[],6264,0
500-D GKVK-CSB,No active trips,0,[],0,[],1080,0
500-D GKVK-CSB,No active trips,0,[],0,[],1080,1
500-D,No active trips,0,[],0,[],1066,0
500-D,No active trips,0,[],0,[],1066,1
MF-22HC,No active trips,0,[],0,[],8698,0
MF-22HC,No active trips,0,[],0,[],8698,1
IMD-CSB,No active trips,0,[],0,[],7760,0
IMD-CSB,No active trips,0,[],0,[],7760,1
344-J,No active trips,0,[],0,[],7980,0
344-J,No active trips,0,[],0,[],7980,1
500-DG,No active trips,0,[],0,[],2973,0
500-DG,No active trips,0,[],0,[],2973,1
500-CS SVM-CSB,No active trips,0,[],0,[],8393,0
503-A,No active trips,0,[],0,[],2717,0
503-A,No active trips,0,[],0,[],2717,1
500-BC YTTMC-MTK-CSB,No active trips,0,[],0,[],6608,0
500-BC YTTMC-MTK-CSB,No active trips,0,[],0,[],6608,1
500-DJ,No active trips,0,[],0,[],1722,0
500-DJ,No active trips,0,[],0,[],1722,1
500-QD YBS-CSB,No active trips,0,[],0,[],6146,0
500-QD YBS-CSB,No active trips,0,[],0,[],6146,1
242-ZC KBS-CFLS,No active trips,0,[],0,[],4419,0
285-R,No active trips,0,[],0,[],2037,0
285-R,No active trips,0,[],0,[],2037,1
285-R PTML-CLH,No active trips,0,[],0,[],2465,0
285-R PTML-CLH,No active trips,0,[],0,[],2465,1
378-P,No active trips,0,[],0,[],4395,0
378-P,No active trips,0,[],0,[],4395,1
600-C,No active trips,0,[],0,[],3540,0
600-C,No active trips,0,[],0,[],3540,1
399 HSS-CPR,No active trips,0,[],0,[],4504,0
399-A,No active trips,0,[],0,[],3665,0
399-A,No active trips,0,[],0,[],3665,1
356,No active trips,0,[],0,[],5177,1
KBS-3C,No active trips,0,[],0,[],1000,0
KBS-3C,No active trips,0,[],0,[],1000,1
360 CPR-KRM,No active trips,0,[],0,[],2785,0
61-J,No active trips,0,[],0,[],3670,0
61-J,No active trips,0,[],0,[],3670,1
60-A CLO-JNN,No active trips,0,[],0,[],8133,0
60-A CLO-JNN,No active trips,0,[],0,[],8133,1
D17 CLO-BCCLO,No active trips,0,[],0,[],7772,0
314 CLO-KBS-BEMLF,No active trips,0,[],0,[],7816,0
K-2 CLO-BSN,No active trips,0,[],0,[],8195,0
D17-CLO,No active trips,0,[],0,[],1378,0
D17-CLO,No active trips,0,[],0,[],1378,1
CLO-RPCLO,No active trips,0,[],0,[],1485,0
HPN-CLO,No active trips,0,[],0,[],3050,0
HPN-CLO,No active trips,0,[],0,[],3050,1
K-2 HBL-CLO,No active trips,0,[],0,[],5940,0
K-2 HBL-CLO,No active trips,0,[],0,[],5940,1
248 JHC-CLO,No active trips,0,[],0,[],8751,0
234 KMT-MRBS-CLO,No active trips,0,[],0,[],6639,0
234 KMT-MRBS-CLO,No active trips,0,[],0,[],6639,1
234-A CLO-KMT,No active trips,0,[],0,[],1424,0
55-B KPA-CLO,No active trips,0,[],0,[],7201,0
238-U KBS-CLO,No active trips,0,[],0,[],5990,0
238-U KBS-CLO,No active trips,0,[],0,[],5990,1
238-VK KBS-CLO,No active trips,0,[],0,[],8972,0
61-A,No active trips,0,[],0,[],1303,0
61-A,No active trips,0,[],0,[],1303,1
121-BA SBS-KMTFLY-CLO,No active trips,0,[],0,[],1680,0
121-BA SBS-KMTFLY-CLO,No active trips,0,[],0,[],1680,1
195,No active trips,0,[],0,[],4170,0
195,No active trips,0,[],0,[],4170,1
210-X BSK-CNDRN,No active trips,0,[],0,[],2507,0
210-X,No active trips,0,[],0,[],2397,0
210-X,No active trips,0,[],0,[],2397,1
227-RC,No active trips,0,[],0,[],1373,0
227-RC,No active trips,0,[],0,[],1373,1
227-RC CDPC-KBS-KMT,No active trips,0,[],0,[],1420,0
242-RA D35G-CMP,No active trips,0,[],0,[],8650,1
242-RA,No active trips,0,[],0,[],2736,0
242-RA,No active trips,0,[],0,[],2736,1
263-E,No active trips,0,[],0,[],3571,0
263-E,No active trips,0,[],0,[],3571,1
45-F BSK-CKA,No active trips,0,[],0,[],3196,0
45-F BSK-CKA,No active trips,0,[],0,[],3196,1
45-E,No active trips,0,[],0,[],2387,0
45-E,No active trips,0,[],0,[],2387,1
45-EA,No active trips,0,[],0,[],3890,0
45-EA,No active trips,0,[],0,[],3890,1
45-F,No active trips,0,[],0,[],2391,0
45-F,No active trips,0,[],0,[],2391,1
45-G,No active trips,0,[],0,[],2302,0
45-G,No active trips,0,[],0,[],2302,1
45-E PPLO-CKA,No active trips,0,[],0,[],3191,0
45-E PPLO-CKA,No active trips,0,[],0,[],3191,1
13-F,No active trips,0,[],0,[],1631,0
13-F,No active trips,0,[],0,[],1631,1
HSS-GJR-CNS,No active trips,0,[],0,[],4621,0
304-K KRPGH-CNS,No active trips,0,[],0,[],2256,0
304-K KRPGH-CNS,No active trips,0,[],0,[],2256,1
305-D,No active trips,0,[],0,[],1259,0
305-D,No active trips,0,[],0,[],1259,1
305-D KBS-VSD-CNS,No active trips,0,[],0,[],5500,1
MF-1C,No active trips,0,[],0,[],4916,0
MF-1C,No active trips,0,[],0,[],4916,1
304-K,No active trips,0,[],0,[],2255,0
304-K,No active trips,0,[],0,[],2255,1
226-E,No active trips,0,[],0,[],1236,0
226-E,No active trips,0,[],0,[],1236,1
226-E KBS-CGD,No active trips,0,[],0,[],8970,0
317-R,No active trips,0,[],0,[],8619,0
317-R,No active trips,0,[],0,[],8619,1
316-F,No active trips,0,[],0,[],3193,0
316-F,No active trips,0,[],0,[],3193,1
302-E,No active trips,0,[],0,[],2876,0
302-E,No active trips,0,[],0,[],2876,1
410-FG,No active trips,0,[],0,[],8086,0
410-FG,No active trips,0,[],0,[],8086,1
248 D09G-CKB,No active trips,0,[],0,[],8313,0
507-K D45G-CKB,No active trips,0,[],0,[],7668,0
401-AK-D52G-CKB,No active trips,0,[],0,[],7684,0
401-AK-D52G-CKB,No active trips,0,[],0,[],7684,1
250,No active trips,0,[],0,[],2314,0
250,No active trips,0,[],0,[],2314,1
271-F,No active trips,0,[],0,[],3884,0
271-F,No active trips,0,[],0,[],3884,1
271-F KMT-VSD-CKB,No active trips,0,[],0,[],3904,0
271-F KMT-VSD-CKB,No active trips,0,[],0,[],3904,1
507-K,No active trips,0,[],0,[],7073,0
507-K,No active trips,0,[],0,[],7073,1
250-A,No active trips,0,[],0,[],1647,0
250-A,No active trips,0,[],0,[],1647,1
250-P,No active trips,0,[],0,[],2466,0
250-P,No active trips,0,[],0,[],2466,1
271-PA,No active trips,0,[],0,[],4898,0
271-PA,No active trips,0,[],0,[],4898,1
502-HB,No active trips,0,[],0,[],1863,0
502-HB,No active trips,0,[],0,[],1863,1
248-AA,No active trips,0,[],0,[],3861,0
248-AA,No active trips,0,[],0,[],3861,1
248-N,No active trips,0,[],0,[],2286,0
248-N,No active trips,0,[],0,[],2286,1
248-AB NGSMS-CKB,No active trips,0,[],0,[],4737,0
248-AB NGSMS-CKB,No active trips,0,[],0,[],4737,1
248-AB,No active trips,0,[],0,[],3864,0
248-AB,No active trips,0,[],0,[],3864,1
MF-32 PSS-CKB,No active trips,0,[],0,[],7143,0
MF-32 PSS-CKB,No active trips,0,[],0,[],7143,1
CALL BUS-8,No active trips,0,[],0,[],4712,0
250-AC,No active trips,0,[],0,[],3859,0
250-AC,No active trips,0,[],0,[],3859,1
271-PA YTTMC-CKB,No active trips,0,[],0,[],4902,0
271-PA YTTMC-CKB,No active trips,0,[],0,[],4902,1
347-C KBS-LMG-CKBR,No active trips,0,[],0,[],6978,0
347-C KBS-LMG-CKBR,No active trips,0,[],0,[],6978,1
342-W,No active trips,0,[],0,[],3329,0
342-W,No active trips,0,[],0,[],3329,1
361-B D38G-CHD,No active trips,0,[],0,[],5979,0
361-B,No active trips,0,[],0,[],2859,1
D34-CKH,No active trips,0,[],0,[],4459,0
D34-CKH,No active trips,0,[],0,[],4459,1
369 JBS-CKMH,No active trips,0,[],0,[],8955,0
369 JBS-CKMH,No active trips,0,[],0,[],8955,1
369-E,No active trips,0,[],0,[],4378,0
369-E,No active trips,0,[],0,[],4378,1
369-G,No active trips,0,[],0,[],1166,0
369-G,No active trips,0,[],0,[],1166,1
241-CD,No active trips,0,[],0,[],1909,0
241-CD,No active trips,0,[],0,[],1909,1
228-F,No active trips,0,[],0,[],1404,0
228-F,No active trips,0,[],0,[],1404,1
258 KMT-CMDR,No active trips,0,[],0,[],1637,0
258 KMT-CMDR,No active trips,0,[],0,[],1637,1
240-J KMT-DML-CML,No active trips,0,[],0,[],8753,0
240-J KMT-DML-CML,No active trips,0,[],0,[],8753,1
346-D,No active trips,0,[],0,[],3512,0
346-D,No active trips,0,[],0,[],3512,1
258-VB,No active trips,0,[],0,[],8066,0
258-VB,No active trips,0,[],0,[],8066,1
D38G-CKTM,No active trips,0,[],0,[],8294,0
D38G-CKTM,No active trips,0,[],0,[],8294,1
399-C,No active trips,0,[],0,[],5335,0
399-C,No active trips,0,[],0,[],5335,1
500-CF,No active trips,0,[],0,[],2238,0
500-CF,No active trips,0,[],0,[],2238,1
304-VB D24G-CKT,No active trips,0,[],0,[],2916,0
304-VB D24G-CKT,No active trips,0,[],0,[],2916,1
500-CF D41G-SJP-CKT,No active trips,0,[],0,[],6989,0
D41G-CKTP,No active trips,0,[],0,[],5818,0
335-H,No active trips,0,[],0,[],2926,0
335-H,No active trips,0,[],0,[],2926,1
500-HC,No active trips,0,[],0,[],2841,0
500-HC,No active trips,0,[],0,[],2841,1
328-H HSK-SJP-CTP,No active trips,0,[],0,[],6241,0
328-H HSK-SJP-CTP,No active trips,0,[],0,[],6241,1
390,No active trips,0,[],0,[],3631,0
390,No active trips,0,[],0,[],3631,1
399-E,No active trips,0,[],0,[],5337,0
399-E,No active trips,0,[],0,[],5337,1
304-V,No active trips,0,[],0,[],2403,0
304-V,No active trips,0,[],0,[],2403,1
304-VK,No active trips,0,[],0,[],2427,0
304-VK,No active trips,0,[],0,[],2427,1
304-Z,No active trips,0,[],0,[],2384,0
304-Z,No active trips,0,[],0,[],2384,1
304-V MDR-CKT,No active trips,0,[],0,[],2905,0
304-V MDR-CKT,No active trips,0,[],0,[],2905,1
399-C SRN-CTP,No active trips,0,[],0,[],5336,0
399-C SRN-CTP,No active trips,0,[],0,[],5336,1
304-VS,No active trips,0,[],0,[],2513,0
304-VS,No active trips,0,[],0,[],2513,1
304-VB,No active trips,0,[],0,[],2426,0
304-VB,No active trips,0,[],0,[],2426,1
285-CC,No active trips,0,[],0,[],2047,0
285-CC KBS-CKTR,No active trips,0,[],0,[],3997,1
V-298MN,No active trips,0,[],0,[],5999,0
V-298MN,No active trips,0,[],0,[],5999,1
MF-49 DSP-CMS,No active trips,0,[],0,[],8052,0
MF-49 DSP-CMS,No active trips,0,[],0,[],8052,1
293-R,No active trips,0,[],0,[],4781,0
293-R,No active trips,0,[],0,[],4781,1
D20-CSBS,No active trips,0,[],0,[],6662,0
D20-CSBS,No active trips,0,[],0,[],6662,1
279-F,No active trips,0,[],0,[],2603,0
279-F,No active trips,0,[],0,[],2603,1
210-KA,No active trips,0,[],0,[],2402,0
210-KA,No active trips,0,[],0,[],2402,1
210-P,No active trips,0,[],0,[],2119,0
210-P,No active trips,0,[],0,[],2119,1
210-P PPLO-CKLS,No active trips,0,[],0,[],2674,0
210-P PPLO-CKLS,No active trips,0,[],0,[],2674,1
210-Q,No active trips,0,[],0,[],2118,0
210-Q,No active trips,0,[],0,[],2118,1
317-BC HSK-CHG,No active trips,0,[],0,[],8634,0
317-BC HSK-CHG,No active trips,0,[],0,[],8634,1
227-F,No active trips,0,[],0,[],1357,0
227-F,No active trips,0,[],0,[],1357,1
372-A,No active trips,0,[],0,[],5998,0
372-A,No active trips,0,[],0,[],5998,1
227-VA,No active trips,0,[],0,[],6885,0
227-VA,No active trips,0,[],0,[],6885,1
BEML5-CKGP,No active trips,0,[],0,[],5859,0
BEML5-CKGP,No active trips,0,[],0,[],5859,1
STJOHN-CHM,No active trips,0,[],0,[],5539,0
366-Z ANK-CNP,No active trips,0,[],0,[],5135,0
366-Z ANK-CNP,No active trips,0,[],0,[],5135,1
372-E,No active trips,0,[],0,[],2508,0
372-E,No active trips,0,[],0,[],2508,1
372-E KMT-HRG-CNP,No active trips,0,[],0,[],5107,1
372-E KBS-CNP,No active trips,0,[],0,[],5105,0
372-E KBS-CNP,No active trips,0,[],0,[],5105,1
349-E,No active trips,0,[],0,[],5180,0
349-E,No active trips,0,[],0,[],5180,1
289-E HBLB-CKH,No active trips,0,[],0,[],7465,0
286-B,No active trips,0,[],0,[],1540,0
286-B,No active trips,0,[],0,[],1540,1
289-E,No active trips,0,[],0,[],3778,0
289-E,No active trips,0,[],0,[],3778,1
286-B-CKH-KBS,No active trips,0,[],0,[],8341,0
342-C,No active trips,0,[],0,[],2082,0
342-C,No active trips,0,[],0,[],2082,1
242-E,No active trips,0,[],0,[],1599,0
242-E,No active trips,0,[],0,[],1599,1
300-H CWL-KBS,No active trips,0,[],0,[],7500,0
300 SBS-CWL,No active trips,0,[],0,[],7247,0
300 SBS-CWL,No active trips,0,[],0,[],7247,1
300-D,No active trips,0,[],0,[],2691,0
300-D,No active trips,0,[],0,[],2691,1
300-DA,No active trips,0,[],0,[],5647,0
300-DA,No active trips,0,[],0,[],5647,1
361-D,No active trips,0,[],0,[],3015,0
361-D KBS-CDH,No active trips,0,[],0,[],3021,1
MF-26,No active trips,0,[],0,[],3914,0
MF-26,No active trips,0,[],0,[],3914,1
500-QD,No active trips,0,[],0,[],1752,0
500-QD,No active trips,0,[],0,[],1752,1
500-Q,No active trips,0,[],0,[],1754,0
500-Q,No active trips,0,[],0,[],1754,1
500-QK,No active trips,0,[],0,[],2775,0
500-QK,No active trips,0,[],0,[],2775,1
99-B,No active trips,0,[],0,[],4825,0
99-B,No active trips,0,[],0,[],4825,1
500-Q MDR-CJP,No active trips,0,[],0,[],2942,0
500-Q MDR-CJP,No active trips,0,[],0,[],2942,1
94 SBS-VSD-CJP,No active trips,0,[],0,[],6153,1
500-Q VNSH-CJP,No active trips,0,[],0,[],5053,0
99-B YTTMC-CJP,No active trips,0,[],0,[],5083,0
99-B YTTMC-CJP,No active trips,0,[],0,[],5083,1
293 KMT-CHLS,No active trips,0,[],0,[],4297,0
293 KMT-CHLS,No active trips,0,[],0,[],4297,1
280 KBS-YHK-CHLS,No active trips,0,[],0,[],5063,0
280 KBS-YHK-CHLS,No active trips,0,[],0,[],5063,1
293 KBS-HNR-CHLS,No active trips,0,[],0,[],4548,1
211-P,No active trips,0,[],0,[],1870,0
211-P,No active trips,0,[],0,[],1870,1
210-B KBS-KMT-CHG,No active trips,0,[],0,[],4354,0
210-B KBS-KMT-CHG,No active trips,0,[],0,[],4354,1
CHAKRA-6,No active trips,0,[],0,[],4405,0
287-G,No active trips,0,[],0,[],4517,0
287-G,No active trips,0,[],0,[],4517,1
289 YHKOT-CHR,No active trips,0,[],0,[],6991,0
289 YHKOT-CHR,No active trips,0,[],0,[],6991,1
211-AC BSK-CNV,No active trips,0,[],0,[],6156,0
211-AC BSK-CNV,No active trips,0,[],0,[],6156,1
MF-8,No active trips,0,[],0,[],6026,0
129 KBS-CMS,No active trips,0,[],0,[],6305,1
238-US,No active trips,0,[],0,[],5663,0
238-US,No active trips,0,[],0,[],5663,1
306-K,No active trips,0,[],0,[],2440,0
306-K,No active trips,0,[],0,[],2440,1
BC-4A,No active trips,0,[],0,[],8007,0
BC-4A,No active trips,0,[],0,[],8007,1
369 KMT-DLF,No active trips,0,[],0,[],6637,0
369 KMT-DLF,No active trips,0,[],0,[],6637,1
369-K KBS-DLF,No active trips,0,[],0,[],5008,0
369-K KBS-DLF,No active trips,0,[],0,[],5008,1
369-K VSD-DLF,No active trips,0,[],0,[],4423,0
369-K VSD-DLF,No active trips,0,[],0,[],4423,1
314-A D6G-HLS-DRDO2,No active trips,0,[],0,[],8994,0
314-A,No active trips,0,[],0,[],3138,0
314-A,No active trips,0,[],0,[],3138,1
DSC HAL-CVR,No active trips,0,[],0,[],6362,0
D06G-DSC HAL,No active trips,0,[],0,[],6361,0
258-DN D43G-DSPT,No active trips,0,[],0,[],8507,0
258-DN D43G-DSPT,No active trips,0,[],0,[],8507,1
258-DN KBS-DBSP,No active trips,0,[],0,[],1970,0
258-DN KBS-DBSP,No active trips,0,[],0,[],1970,1
EXP-258DK,No active trips,0,[],0,[],8506,0
EXP-258DK,No active trips,0,[],0,[],8506,1
258-MD,No active trips,0,[],0,[],2018,0
258-MD,No active trips,0,[],0,[],2018,1
258-DN,No active trips,0,[],0,[],1968,0
258-DN,No active trips,0,[],0,[],1968,1
227-VC,No active trips,0,[],0,[],6990,0
227-VC,No active trips,0,[],0,[],6990,1
317-DP D24G-DNP,No active trips,0,[],0,[],5855,0
317-DP D24G-DNP,No active trips,0,[],0,[],5855,1
317-DP,No active trips,0,[],0,[],3557,0
317-DP,No active trips,0,[],0,[],3557,1
225-CC BEML5-DRF,No active trips,0,[],0,[],1288,0
225-CC BEML5-DRF,No active trips,0,[],0,[],1288,1
225-CC,No active trips,0,[],0,[],1287,0
225-CC,No active trips,0,[],0,[],1287,1
D40-DSP,No active trips,0,[],0,[],3389,0
D40-DSP,No active trips,0,[],0,[],3389,1
360-Q,No active trips,0,[],0,[],2833,0
360-Q,No active trips,0,[],0,[],2833,1
360-Q KBS-DSP,No active trips,0,[],0,[],5318,0
360-Q KBS-DSP,No active trips,0,[],0,[],5318,1
255-N DSP-NSP,No active trips,0,[],0,[],7034,0
293-H,No active trips,0,[],0,[],5034,0
293-H,No active trips,0,[],0,[],5034,1
287-K,No active trips,0,[],0,[],4156,0
287-K,No active trips,0,[],0,[],4156,1
317-M,No active trips,0,[],0,[],3234,0
317-M,No active trips,0,[],0,[],3234,1
CKA-DSIT,No active trips,0,[],0,[],8337,0
213-VD AJP-HRHD,No active trips,0,[],0,[],8767,0
213-VD,No active trips,0,[],0,[],8045,0
213-VD,No active trips,0,[],0,[],8045,1
213-VD KMT-HRHD,No active trips,0,[],0,[],8770,1
213-VD VSD-HRHD,No active trips,0,[],0,[],8768,0
213-VD VSD-HRHD,No active trips,0,[],0,[],8768,1
MF-12 DPJN-BSK,No active trips,0,[],0,[],7742,0
501-CD DPJN-NDH-CSB,No active trips,0,[],0,[],8088,0
501-CD DPJN-NDH-CSB,No active trips,0,[],0,[],8088,1
D16-DPJN,No active trips,0,[],0,[],1110,0
D16-DPJN,No active trips,0,[],0,[],1110,1
222-A KBS-DPJN,No active trips,0,[],0,[],5993,0
238-U KBS-DPJN,No active trips,0,[],0,[],5989,0
238-U KBS-DPJN,No active trips,0,[],0,[],5989,1
238-US KBS-VJN-DPJN,No active trips,0,[],0,[],7815,0
238-US KBS-VJN-DPJN,No active trips,0,[],0,[],7815,1
238-V KBS-DPJN,No active trips,0,[],0,[],7974,0
238-V KBS-DPJN,No active trips,0,[],0,[],7974,1
238-V KBS-DPN,No active trips,0,[],0,[],8671,0
238-V KBS-DPN,No active trips,0,[],0,[],8671,1
238-S DPJN-SGK,No active trips,0,[],0,[],7814,0
234-A DPJN-NDH-UST,No active trips,0,[],0,[],8665,0
234-A DPJN-NDH-UST,No active trips,0,[],0,[],8665,1
401-KB DPJN-YBS,No active trips,0,[],0,[],7975,0
401-KB DPJN-YBS,No active trips,0,[],0,[],7975,1
D2-SNBS,No active trips,0,[],0,[],1001,0
D2-SNBS,No active trips,0,[],0,[],1001,1
D3-SNBS,No active trips,0,[],0,[],994,0
D3-SNBS,No active trips,0,[],0,[],994,1
213-V-HRH-D4,No active trips,0,[],0,[],7600,1
D06G-ARPS,No active trips,0,[],0,[],5014,0
G-3 D6G-BGR,No active trips,0,[],0,[],2838,0
D06G-BRSQ,No active trips,0,[],0,[],5010,0
D6-D6G,No active trips,0,[],0,[],1788,0
D6-D6G,No active trips,0,[],0,[],1788,1
D6G-DMLMDA,No active trips,0,[],0,[],7255,0
D6G-HAL-JGS,No active trips,0,[],0,[],7194,0
HAL-D6G,No active trips,0,[],0,[],5145,0
SBS-1K KDG-D6G,No active trips,0,[],0,[],2485,0
314 KBS-KFC-D06G,No active trips,0,[],0,[],8249,0
314 KBS-KFC-D06G,No active trips,0,[],0,[],8249,1
138 D6G-KVASC,No active trips,0,[],0,[],7976,0
D6G-MEG,No active trips,0,[],0,[],7264,0
D6G-SOQ,No active trips,0,[],0,[],6497,0
139 SBS-KFC-D6G,No active trips,0,[],0,[],6319,0
D06G-TOC,No active trips,0,[],0,[],7404,0
D09-D09G,No active trips,0,[],0,[],8015,0
D09-D09G,No active trips,0,[],0,[],8015,1
D10-D10GATE,No active trips,0,[],0,[],7987,0
D10-D10GATE,No active trips,0,[],0,[],7987,1
D10-D10GT,No active trips,0,[],0,[],8717,0
D10-D10GT,No active trips,0,[],0,[],8717,1
D23-D10G,No active trips,0,[],0,[],8919,0
D23-D10G,No active trips,0,[],0,[],8919,1
293 KMT-D10G,No active trips,0,[],0,[],8685,0
CHAKRA-10A D10G-KLN,No active trips,0,[],0,[],7056,0
293 KBS-D10G,No active trips,0,[],0,[],8684,0
D12-BSN,No active trips,0,[],0,[],1276,1
378-D ELC-D12G,No active trips,0,[],0,[],7822,0
501-C HBLB-D12G,No active trips,0,[],0,[],1344,0
401-M YBS-D12G,No active trips,0,[],0,[],8941,0
D12G-D12,No active trips,0,[],0,[],3969,0
D12G-D12,No active trips,0,[],0,[],3969,1
D14G-ARMY PTRC,No active trips,0,[],0,[],7605,0
D14G-ALP,No active trips,0,[],0,[],7370,0
D14G-AJM,No active trips,0,[],0,[],7068,0
286-B D14G-CKH,No active trips,0,[],0,[],8340,0
300 D14G-CWL,No active trips,0,[],0,[],7545,0
D14-D14G,No active trips,0,[],0,[],7066,0
D14-D14G,No active trips,0,[],0,[],7066,1
KMT-VSD-MKC-D14G,No active trips,0,[],0,[],7709,0
279-E KBS-AGO-D14G,No active trips,0,[],0,[],4626,0
279-E KBS-AGO-D14G,No active trips,0,[],0,[],4626,1
279-E KBS-D14G,No active trips,0,[],0,[],8288,0
SBS-RTN-D14G,No active trips,0,[],0,[],7691,0
SBS-RTN-D14G,No active trips,0,[],0,[],7691,1
D14-RTN GGN,No active trips,0,[],0,[],5965,0
D20-D20G,No active trips,0,[],0,[],8695,0
D20-D20G,No active trips,0,[],0,[],8695,1
D20-KML2,No active trips,0,[],0,[],8694,0
D20-KML2,No active trips,0,[],0,[],8694,1
D22-D22G,No active trips,0,[],0,[],7808,0
D22-D22G,No active trips,0,[],0,[],7808,1
D24-D24G,No active trips,0,[],0,[],1805,0
D24-D24G,No active trips,0,[],0,[],1805,1
317-EM D24G-EMTSG,No active trips,0,[],0,[],8586,0
MF-9 MRH-D24G,No active trips,0,[],0,[],8823,0
KIA-7A D25G-KIA,No active trips,0,[],0,[],8712,0
KIA-7A D25G-KIA,No active trips,0,[],0,[],8712,1
D25-D25G,No active trips,0,[],0,[],2108,0
D25-D25G,No active trips,0,[],0,[],2108,1
D27G-ANKL,No active trips,0,[],0,[],7564,0
399-F ATB-D27G,No active trips,0,[],0,[],5141,0
D27G-RKT-BMS,No active trips,0,[],0,[],7604,0
D27-D27G,No active trips,0,[],0,[],3736,0
D27-D27G,No active trips,0,[],0,[],3736,1
366-E KMT-D27,No active trips,0,[],0,[],3738,0
366-E KMT-D27,No active trips,0,[],0,[],3738,1
355-C KBS-D27G,No active trips,0,[],0,[],3755,1
365-J KBS-D27,No active trips,0,[],0,[],3732,0
365-J KBS-D27,No active trips,0,[],0,[],3732,1
365-J KBS-NSB-D27G,No active trips,0,[],0,[],8050,0
365-J KBS-NSB-D27G,No active trips,0,[],0,[],8050,1
365-P KBS-D27G,No active trips,0,[],0,[],6917,0
365-P KBS-D27G,No active trips,0,[],0,[],6917,1
368 SBS-D27G,No active trips,0,[],0,[],7059,0
368 SBS-D27G,No active trips,0,[],0,[],7059,1
241-N D31G-BDG,No active trips,0,[],0,[],7872,0
401-K CWS-3 BMT-31,No active trips,0,[],0,[],3360,1
D31-D31G,No active trips,0,[],0,[],1111,0
D31-D31G,No active trips,0,[],0,[],1111,1
248-BA HGT-D31G,No active trips,0,[],0,[],7345,0
248 D31G-JHC,No active trips,0,[],0,[],1624,0
G-7 D31G-JPTS,No active trips,0,[],0,[],7705,0
242 D31G-KMT,No active trips,0,[],0,[],1578,0
80-A KBS-NLO-D31G,No active trips,0,[],0,[],7563,0
80-A KBS-NLO-D31G,No active trips,0,[],0,[],7563,1
374-N D31G-NMG,No active trips,0,[],0,[],7704,0
401-M PSS-D31G,No active trips,0,[],0,[],1626,0
401-M PSS-D31G,No active trips,0,[],0,[],1626,1
242-B D31G-TVK,No active trips,0,[],0,[],1124,0
242-Z D31G-TGH,No active trips,0,[],0,[],8234,0
SMH-D31,No active trips,0,[],0,[],1126,0
SMH-D31,No active trips,0,[],0,[],1126,1
600-F BSK-D32,No active trips,0,[],0,[],6117,0
600-F BSK-D32,No active trips,0,[],0,[],6117,1
356-M KBS-D32,No active trips,0,[],0,[],6118,0
356-M KBS-D32,No active trips,0,[],0,[],6118,1
365-D BVH-D34,No active trips,0,[],0,[],4386,0
365-D BVH-D34,No active trips,0,[],0,[],4386,1
215-S D34G-JBS-BCGS,No active trips,0,[],0,[],6447,0
D34-D34G,No active trips,0,[],0,[],1803,0
D34-D34G,No active trips,0,[],0,[],1803,1
366-NA D34G-PKMG,No active trips,0,[],0,[],8839,0
MF-15 JPMS-D34G,No active trips,0,[],0,[],8758,0
MF-15 JPMS-D34G,No active trips,0,[],0,[],8758,1
JLOT-D34G,No active trips,0,[],0,[],4455,0
215-C KMT-JSD-D34G,No active trips,0,[],0,[],6446,0
215-C KMT-JSD-D34G,No active trips,0,[],0,[],6446,1
366 KMT-D34G,No active trips,0,[],0,[],1958,0
366 KMT-D34G,No active trips,0,[],0,[],1958,1
215-H KBS-D34G,No active trips,0,[],0,[],1822,0
215-H KBS-D34G,No active trips,0,[],0,[],1822,1
364-G KBS-D34G,No active trips,0,[],0,[],2389,0
364-G KBS-D34G,No active trips,0,[],0,[],2389,1
365 KBS-D34G,No active trips,0,[],0,[],2359,0
365 KBS-D34G,No active trips,0,[],0,[],2359,1
MF34-KGR-D34,No active trips,0,[],0,[],8445,0
365-Z D34G-MMDH,No active trips,0,[],0,[],8771,0
368 SBS-D34G,No active trips,0,[],0,[],2382,1
214-D D34G-TRLE,No active trips,0,[],0,[],8772,1
D35-D35G,No active trips,0,[],0,[],1113,0
D35-D35G,No active trips,0,[],0,[],1113,1
242-B KBS-D35G,No active trips,0,[],0,[],1131,0
242-B KBS-D35G,No active trips,0,[],0,[],1131,1
515-KY YBS-D35G,No active trips,0,[],0,[],8514,0
D35G-BSKL,No active trips,0,[],0,[],8893,1
D36-D36G,No active trips,0,[],0,[],1296,0
D36-D36G,No active trips,0,[],0,[],1296,1
D36G-GFGC,No active trips,0,[],0,[],2538,0
231-J D36G-GDH,No active trips,0,[],0,[],1452,0
356 ANK-D38G,No active trips,0,[],0,[],5129,0
356 ANK-D38G,No active trips,0,[],0,[],5129,1
328HK ATB-D38G,No active trips,0,[],0,[],6540,0
328HK ATB-D38G,No active trips,0,[],0,[],6540,1
G-3 BRGD-D38G,No active trips,0,[],0,[],8472,0
G-3 BRGD-D38G,No active trips,0,[],0,[],8472,1
D38-D38G,No active trips,0,[],0,[],1494,0
D38-D38G,No active trips,0,[],0,[],1494,1
347-L D38G-ELC-HSP,No active trips,0,[],0,[],8425,0
340-J KMT-D38G,No active trips,0,[],0,[],3242,0
340-J KMT-D38G,No active trips,0,[],0,[],3242,1
349 D38-LMG-KBS,No active trips,0,[],0,[],3025,1
KBS-3A KBS-D38G,No active trips,0,[],0,[],5284,0
KBS-3A KBS-D38G,No active trips,0,[],0,[],5284,1
350-D D38G-SPN,No active trips,0,[],0,[],8462,1
350-D D38G-STH,No active trips,0,[],0,[],8460,0
G-3A SBS-D38G,No active trips,0,[],0,[],8473,0
G-3A SBS-D38G,No active trips,0,[],0,[],8473,1
D40-D40G,No active trips,0,[],0,[],1639,0
D40-D40G,No active trips,0,[],0,[],1639,1
328-H ATB-D41G,No active trips,0,[],0,[],5796,1
328-HF BDGC-D41,No active trips,0,[],0,[],6830,1
500-FB CSB-D41G,No active trips,0,[],0,[],7818,0
323-D D41G-CDH,No active trips,0,[],0,[],8862,0
D41-D41G,No active trips,0,[],0,[],5778,0
D41-D41G,No active trips,0,[],0,[],5778,1
328-H HSK-D41G,No active trips,0,[],0,[],5807,0
319-J KMT-D41G,No active trips,0,[],0,[],3293,0
319-J KMT-D41G,No active trips,0,[],0,[],3293,1
323 KMT-HAL-D41G,No active trips,0,[],0,[],5794,0
323 KMT-HAL-D41G,No active trips,0,[],0,[],5794,1
D41G-KMP,No active trips,0,[],0,[],7651,0
323-AK KBS-D41G,No active trips,0,[],0,[],5795,0
323-AK KBS-D41G,No active trips,0,[],0,[],5795,1
KBS-1K KBS-D41G,No active trips,0,[],0,[],5780,0
KBS-1K KBS-D41G,No active trips,0,[],0,[],5780,1
KBS-1K KBS-VSD-D41G,No active trips,0,[],0,[],5948,1
333-G NLH-D41G,No active trips,0,[],0,[],3857,0
333-G NLH-D41G,No active trips,0,[],0,[],3857,1
SBS-13K SBS-D41G,No active trips,0,[],0,[],5787,0
SBS-1K SBS-D41G,No active trips,0,[],0,[],5782,0
SBS-1K SBS-D41G,No active trips,0,[],0,[],5782,1
D42-D42G,No active trips,0,[],0,[],6824,0
D42-D42G,No active trips,0,[],0,[],6824,1
3F-1 D42G-ANK,No active trips,0,[],0,[],6834,1
MF-22K HRMS-D42,No active trips,0,[],0,[],9011,0
MF-22K HRMS-D42,No active trips,0,[],0,[],9011,1
342-F KBS-D42G,No active trips,0,[],0,[],6827,0
342-F KBS-D42G,No active trips,0,[],0,[],6827,1
D42G-NPTS,No active trips,0,[],0,[],7639,0
D43-D43G,No active trips,0,[],0,[],3393,0
D43-D43G,No active trips,0,[],0,[],3393,1
NICE-10 ELC-D43G,No active trips,0,[],0,[],7917,0
NICE-10 ELC-D43G,No active trips,0,[],0,[],7917,1
258 KMT-D43G,No active trips,0,[],0,[],7891,1
245-M KMT-D43G,No active trips,0,[],0,[],7919,0
245-M KBS-D43G,No active trips,0,[],0,[],7918,1
245-M KBS-SVNP-D43G,No active trips,0,[],0,[],8301,0
258-KBS-D43G,No active trips,0,[],0,[],7907,0
258-KBS-D43G,No active trips,0,[],0,[],7907,1
258 D43G-NMGRS,No active trips,0,[],0,[],7914,0
D45-D45G,No active trips,0,[],0,[],1544,0
D45-D45G,No active trips,0,[],0,[],1544,1
D-45G-DWN,No active trips,0,[],0,[],7356,0
288-A GPO-TDL-D45,No active trips,0,[],0,[],7699,0
276-E KMT-MTK-VRP-D45,No active trips,0,[],0,[],6308,0
276-E KMT-MTK-VRP-D45,No active trips,0,[],0,[],6308,1
503-A KRPGH-TNF-D45G,No active trips,0,[],0,[],8408,0
269-B KBS-RCP-D45,No active trips,0,[],0,[],4264,0
276 KBS-MSP-D45G,No active trips,0,[],0,[],2568,0
276 KBS-VRP-D45G,No active trips,0,[],0,[],4204,0
267-A SBS-D45G,No active trips,0,[],0,[],7075,0
267-A SBS-D45G,No active trips,0,[],0,[],7075,1
272-E SBS-D45G,No active trips,0,[],0,[],4290,0
272-E SBS-D45G,No active trips,0,[],0,[],4290,1
276-A SBS-MTK-VRP-D45G,No active trips,0,[],0,[],8409,0
276-A SBS-MTK-VRP-D45G,No active trips,0,[],0,[],8409,1
276-A SBS-VRP-D45,No active trips,0,[],0,[],2556,0
276-A SBS-VRP-D45,No active trips,0,[],0,[],2556,1
276-E SBS-D45G,No active trips,0,[],0,[],2601,0
276-E SBS-D45G,No active trips,0,[],0,[],2601,1
288-H SBS-TDL-D45,No active trips,0,[],0,[],7126,0
288-H SBS-TDL-D45,No active trips,0,[],0,[],7126,1
401 YHKOT-D45G,No active trips,0,[],0,[],2569,0
401 YHKOT-D45G,No active trips,0,[],0,[],2569,1
D47-D47G,No active trips,0,[],0,[],5803,0
D47-D47G,No active trips,0,[],0,[],5803,1
D51-D51G,No active trips,0,[],0,[],5941,0
D51-D51G,No active trips,0,[],0,[],5941,1
311-K SBS-D51G,No active trips,0,[],0,[],8704,0
311-K SBS-D51G,No active trips,0,[],0,[],8704,1
319-E SMVT-D51G,No active trips,0,[],0,[],8016,0
D52-D52G,No active trips,0,[],0,[],7456,0
D52-D52G,No active trips,0,[],0,[],7456,1
D52-BGLR-BYLHL,No active trips,0,[],0,[],7996,0
282 HBLB-VNC-D52G,No active trips,0,[],0,[],7462,0
282 HBLB-VNC-D52G,No active trips,0,[],0,[],7462,1
289 HBLB-D52G,No active trips,0,[],0,[],7461,1
282 KMT-VNC-D52G,No active trips,0,[],0,[],7629,1
282-A KMT-HSH-D52G,No active trips,0,[],0,[],7994,0
282-A KMT-HSH-D52G,No active trips,0,[],0,[],7994,1
289-E KMT-D52G,No active trips,0,[],0,[],7459,0
289-E KMT-D52G,No active trips,0,[],0,[],7459,1
289-B D52G-KDYPH,No active trips,0,[],0,[],8060,0
289-B D52G-KDYPH,No active trips,0,[],0,[],8060,1
282 KBS-VNC-D52G,No active trips,0,[],0,[],7458,0
D52G-VVC,No active trips,0,[],0,[],7995,0
293-ZA D52G-VJP,No active trips,0,[],0,[],8705,1
D52-MGH,No active trips,0,[],0,[],8183,0
D52-MGH,No active trips,0,[],0,[],8183,1
224-DA,No active trips,0,[],0,[],8903,0
224-DA,No active trips,0,[],0,[],8903,1
229-B,No active trips,0,[],0,[],1425,0
229-B,No active trips,0,[],0,[],1425,1
229-B KBS-DVG,No active trips,0,[],0,[],1426,0
229-B KBS-DVG,No active trips,0,[],0,[],1426,1
305-V D24G-DVPC,No active trips,0,[],0,[],6351,0
305-V,No active trips,0,[],0,[],3008,0
305-V,No active trips,0,[],0,[],3008,1
606,No active trips,0,[],0,[],3743,0
606,No active trips,0,[],0,[],3743,1
506,No active trips,0,[],0,[],3685,0
506,No active trips,0,[],0,[],3685,1
506-A,No active trips,0,[],0,[],3768,0
506-A,No active trips,0,[],0,[],3768,1
306,No active trips,0,[],0,[],3010,0
306,No active trips,0,[],0,[],3010,1
306-D,No active trips,0,[],0,[],2436,0
306-D,No active trips,0,[],0,[],2436,1
306-Q,No active trips,0,[],0,[],3067,0
306-Q,No active trips,0,[],0,[],3067,1
506 TNF-DVG,No active trips,0,[],0,[],3688,0
506 TNF-DVG,No active trips,0,[],0,[],3688,1
D50-DVHNBS,No active trips,0,[],0,[],2611,0
D50-DVHNBS,No active trips,0,[],0,[],2611,1
289-V D52-BLR-DVH,No active trips,0,[],0,[],7782,0
289-V D52-BLR-DVH,No active trips,0,[],0,[],7782,1
316-Y,No active trips,0,[],0,[],7316,0
316-Y,No active trips,0,[],0,[],7316,1
316-YA,No active trips,0,[],0,[],8328,0
316-YA,No active trips,0,[],0,[],8328,1
289-V,No active trips,0,[],0,[],7781,0
289-V,No active trips,0,[],0,[],7781,1
D50-DVHOBS,No active trips,0,[],0,[],3217,0
D50-DVHOBS,No active trips,0,[],0,[],3217,1
298-M HBLB-DVH,No active trips,0,[],0,[],6650,0
EXP-298M HBLB-DVHOB,No active trips,0,[],0,[],8987,0
EXP-298M HBLB-DVHOB,No active trips,0,[],0,[],8987,1
296-M,No active trips,0,[],0,[],5061,0
296-M,No active trips,0,[],0,[],5061,1
298-M KMT-DVH,No active trips,0,[],0,[],3696,1
296-MA,No active trips,0,[],0,[],5087,0
296-MA,No active trips,0,[],0,[],5087,1
298-B KBS-ANSR-DVH,No active trips,0,[],0,[],6962,0
298-B KBS-ANSR-DVH,No active trips,0,[],0,[],6962,1
298-M,No active trips,0,[],0,[],1174,0
298-M,No active trips,0,[],0,[],1174,1
298-M DVH-VSD-KBS,No active trips,0,[],0,[],5942,0
298-M VSD-DVH,No active trips,0,[],0,[],5088,0
EXP-298M,No active trips,0,[],0,[],8435,0
EXP-298M,No active trips,0,[],0,[],8435,1
298-M PTH-DVH,No active trips,0,[],0,[],1487,0
298-M PTH-DVH,No active trips,0,[],0,[],1487,1
293-SD,No active trips,0,[],0,[],7866,0
293-SD,No active trips,0,[],0,[],7866,1
296-MB,No active trips,0,[],0,[],4520,0
296-MB,No active trips,0,[],0,[],4520,1
298 SBS-DVH,No active trips,0,[],0,[],4346,1
298-MS,No active trips,0,[],0,[],5161,0
298-MS,No active trips,0,[],0,[],5161,1
293-SD YHKOT-DVH,No active trips,0,[],0,[],7867,0
293-SD YHKOT-DVH,No active trips,0,[],0,[],7867,1
298-M YHK-DVHOB,No active trips,0,[],0,[],3822,0
298-M YHK-DVHOB,No active trips,0,[],0,[],3822,1
298-MY,No active trips,0,[],0,[],7820,0
298-MY,No active trips,0,[],0,[],7820,1
298PD-KBS-DNH,No active trips,0,[],0,[],7887,0
298PD-KBS-DNH,No active trips,0,[],0,[],7887,1
245-R KBS-DJP,No active trips,0,[],0,[],4412,0
245-R KBS-DJP,No active trips,0,[],0,[],4412,1
D34G-DCH,No active trips,0,[],0,[],4374,0
D34G-DCH,No active trips,0,[],0,[],4374,1
366-A,No active trips,0,[],0,[],2243,0
366-A,No active trips,0,[],0,[],2243,1
364-B,No active trips,0,[],0,[],2298,0
364-B,No active trips,0,[],0,[],2298,1
243-M,No active trips,0,[],0,[],8236,0
243-M,No active trips,0,[],0,[],8236,1
305-G,No active trips,0,[],0,[],2974,0
305-G,No active trips,0,[],0,[],2974,1
317-DS,No active trips,0,[],0,[],3554,0
317-DS,No active trips,0,[],0,[],3554,1
223-H,No active trips,0,[],0,[],1199,0
223-H,No active trips,0,[],0,[],1199,1
223-H KGR-DNH,No active trips,0,[],0,[],1282,0
223-H KGR-DNH,No active trips,0,[],0,[],1282,1
285-W,No active trips,0,[],0,[],2052,0
285-W,No active trips,0,[],0,[],2052,1
285-X,No active trips,0,[],0,[],2080,0
285-X,No active trips,0,[],0,[],2080,1
285-X DBR-KBS,No active trips,0,[],0,[],4037,0
285-X PTML-DBR,No active trips,0,[],0,[],4033,0
285-X PTML-DBR,No active trips,0,[],0,[],4033,1
319-J D41G-DNR,No active trips,0,[],0,[],3281,0
319-J,No active trips,0,[],0,[],3280,0
319-J,No active trips,0,[],0,[],3280,1
319-J TNF-DNR,No active trips,0,[],0,[],3057,0
319-J TNF-DNR,No active trips,0,[],0,[],3057,1
223-A CLO-DBT,No active trips,0,[],0,[],4218,1
235-K BSN-DBT,No active trips,0,[],0,[],1280,1
D12G-CKH-DDB,No active trips,0,[],0,[],8315,1
D12G-DBT,No active trips,0,[],0,[],7647,1
223-D,No active trips,0,[],0,[],1196,0
223-D,No active trips,0,[],0,[],1196,1
235-K,No active trips,0,[],0,[],1283,0
235-K,No active trips,0,[],0,[],1283,1
223-D KGR-DBT,No active trips,0,[],0,[],3699,1
223-A,No active trips,0,[],0,[],1195,0
223-A,No active trips,0,[],0,[],1195,1
D45G-DBH,No active trips,0,[],0,[],2606,0
D45G-DBH,No active trips,0,[],0,[],2606,1
276-AB,No active trips,0,[],0,[],2528,0
276-AB,No active trips,0,[],0,[],2528,1
254 KBS-DBLK,No active trips,0,[],0,[],3137,0
254 KBS-DBLK,No active trips,0,[],0,[],3137,1
297-G D52G-DCH,No active trips,0,[],0,[],8614,0
297-G KBS-DCH,No active trips,0,[],0,[],1529,0
297-G KBS-DCH,No active trips,0,[],0,[],1529,1
297-G,No active trips,0,[],0,[],1527,1
305-R,No active trips,0,[],0,[],3001,0
305-R,No active trips,0,[],0,[],3001,1
295,No active trips,0,[],0,[],4827,0
295,No active trips,0,[],0,[],4827,1
295-A,No active trips,0,[],0,[],4832,0
295-A,No active trips,0,[],0,[],4832,1
295-C,No active trips,0,[],0,[],4830,0
295-G,No active trips,0,[],0,[],4858,0
295-G,No active trips,0,[],0,[],4858,1
213-WA,No active trips,0,[],0,[],1847,0
213-WA,No active trips,0,[],0,[],1847,1
213-W,No active trips,0,[],0,[],1937,0
213-W,No active trips,0,[],0,[],1937,1
240-J,No active trips,0,[],0,[],8210,0
D38G-DNMTB,No active trips,0,[],0,[],5290,0
346-B,No active trips,0,[],0,[],3500,0
346-B,No active trips,0,[],0,[],3500,1
317-DN KBS-DNH,No active trips,0,[],0,[],3612,0
D24G-DNK,No active trips,0,[],0,[],3880,1
330-G DNV-D41G,No active trips,0,[],0,[],3817,0
CHAKRA-16A,No active trips,0,[],0,[],3871,0
333-F,No active trips,0,[],0,[],2563,0
333-F,No active trips,0,[],0,[],2563,1
330-G,No active trips,0,[],0,[],3816,1
342-L,No active trips,0,[],0,[],3262,0
342-L,No active trips,0,[],0,[],3262,1
346-N D38G-DTR,No active trips,0,[],0,[],8456,0
346-N D38G-DTR,No active trips,0,[],0,[],8456,1
346-N,No active trips,0,[],0,[],5453,0
346-N,No active trips,0,[],0,[],5453,1
285-C KBS-DTMR,No active trips,0,[],0,[],4019,1
285-MC YSTF-NES-DBP,No active trips,0,[],0,[],8172,0
285 BELF-HBLB-DBP,No active trips,0,[],0,[],6062,0
285 BELF-HBLB-DBP,No active trips,0,[],0,[],6062,1
285-MA,No active trips,0,[],0,[],1261,0
285-MA,No active trips,0,[],0,[],1261,1
297-J DVH-DBP,No active trips,0,[],0,[],6748,0
297-J DVH-DBP,No active trips,0,[],0,[],6748,1
298-V,No active trips,0,[],0,[],5167,0
298-V,No active trips,0,[],0,[],5167,1
297-M,No active trips,0,[],0,[],5068,0
297-M,No active trips,0,[],0,[],5068,1
285-MP HBLB-DBP,No active trips,0,[],0,[],8813,0
285-MK,No active trips,0,[],0,[],1257,0
285-MK,No active trips,0,[],0,[],1257,1
285-M,No active trips,0,[],0,[],1173,0
285-M,No active trips,0,[],0,[],1173,1
EXP-285M,No active trips,0,[],0,[],8500,0
EXP-285M,No active trips,0,[],0,[],8500,1
V-285M,No active trips,0,[],0,[],1096,0
V-285M,No active trips,0,[],0,[],1096,1
V-EXP 285M,No active trips,0,[],0,[],8517,0
V-EXP 285M,No active trips,0,[],0,[],8517,1
285-MC,No active trips,0,[],0,[],1178,0
285-MC,No active trips,0,[],0,[],1178,1
285-M PTLM-DBP,No active trips,0,[],0,[],2334,0
285-M PTLM-DBP,No active trips,0,[],0,[],2334,1
285-MC PTML-DBP,No active trips,0,[],0,[],3989,0
285-MC PTML-DBP,No active trips,0,[],0,[],3989,1
285-MA SNBS-DBP,No active trips,0,[],0,[],2456,0
285-MA SNBS-DBP,No active trips,0,[],0,[],2456,1
285 SBS-MKC-DDP,No active trips,0,[],0,[],7570,0
285 SBS-MKC-DDP,No active trips,0,[],0,[],7570,1
293-SD SBS-DDBP,No active trips,0,[],0,[],4807,0
285-M YHK-DBP,No active trips,0,[],0,[],1555,0
285-M YHK-DBP,No active trips,0,[],0,[],1555,1
253-LB,No active trips,0,[],0,[],2558,0
253-LB,No active trips,0,[],0,[],2558,1
285-M KBS-DBPH,No active trips,0,[],0,[],7029,0
285-M KBS-DBPH,No active trips,0,[],0,[],7029,1
285-M PTLM-DBPH,No active trips,0,[],0,[],7032,0
307-C,No active trips,0,[],0,[],3084,0
307-C,No active trips,0,[],0,[],3084,1
307-C KBS-VGBDAN,No active trips,0,[],0,[],3289,1
220-D,No active trips,0,[],0,[],1147,0
220-D,No active trips,0,[],0,[],1147,1
220-E,No active trips,0,[],0,[],1148,1
253-CD,No active trips,0,[],0,[],8958,0
253-CD,No active trips,0,[],0,[],8958,1
210-TP,No active trips,0,[],0,[],8822,0
210-TP,No active trips,0,[],0,[],8822,1
215-X KMT-DKMS,No active trips,0,[],0,[],6610,0
215-X KMT-DKMS,No active trips,0,[],0,[],6610,1
228-C,No active trips,0,[],0,[],1402,0
228-C,No active trips,0,[],0,[],1402,1
228-C DKH-SBS,No active trips,0,[],0,[],1409,0
227-Q,No active trips,0,[],0,[],1370,0
227-Q,No active trips,0,[],0,[],1370,1
242-J,No active trips,0,[],0,[],2377,0
242-J,No active trips,0,[],0,[],2377,1
242-J KBS-DMH,No active trips,0,[],0,[],2376,0
242-J KBS-DMH,No active trips,0,[],0,[],2376,1
317-SA,No active trips,0,[],0,[],3244,0
317-SA,No active trips,0,[],0,[],3244,1
231,No active trips,0,[],0,[],1433,0
231,No active trips,0,[],0,[],1433,1
242-M,No active trips,0,[],0,[],2669,0
242-M,No active trips,0,[],0,[],2669,1
224-D,No active trips,0,[],0,[],1207,0
224-D,No active trips,0,[],0,[],1207,1
306-J,No active trips,0,[],0,[],3036,0
306-J,No active trips,0,[],0,[],3036,1
342,No active trips,0,[],0,[],2073,0
342,No active trips,0,[],0,[],2073,1
327-A,No active trips,0,[],0,[],3411,0
327-A,No active trips,0,[],0,[],3411,1
333-K D41G-AKN,No active trips,0,[],0,[],3885,0
333-K,No active trips,0,[],0,[],2567,0
333-K,No active trips,0,[],0,[],2567,1
315-G CNS-DML,No active trips,0,[],0,[],8345,0
201 D06G-DMR,No active trips,0,[],0,[],3503,0
201 D06G-DMR,No active trips,0,[],0,[],3503,1
315-G,No active trips,0,[],0,[],3868,0
315-G,No active trips,0,[],0,[],3868,1
412 KLN-BRAB DMLR,No active trips,0,[],0,[],7582,0
412 KLN-BRAB DMLR,No active trips,0,[],0,[],7582,1
132,No active trips,0,[],0,[],6209,1
136,No active trips,0,[],0,[],8190,0
136,No active trips,0,[],0,[],8190,1
201,No active trips,0,[],0,[],1773,0
201,No active trips,0,[],0,[],1773,1
286 KMT-DSKN,No active trips,0,[],0,[],1269,0
286 KMT-DSKN,No active trips,0,[],0,[],1269,1
285 PTH-DSKN,No active trips,0,[],0,[],1270,0
285 PTH-DSKN,No active trips,0,[],0,[],1270,1
502-H D31G-KTS-DWN,No active trips,0,[],0,[],7410,0
502-H D31G-KTS-DWN,No active trips,0,[],0,[],7410,1
502-H,No active trips,0,[],0,[],1507,0
502-H,No active trips,0,[],0,[],1507,1
231-H,No active trips,0,[],0,[],1450,0
231-H,No active trips,0,[],0,[],1450,1
285-JE PTML-DYVH,No active trips,0,[],0,[],4067,0
366-Q,No active trips,0,[],0,[],5096,0
366-Q,No active trips,0,[],0,[],5096,1
365-Q,No active trips,0,[],0,[],2002,0
365-Q,No active trips,0,[],0,[],2002,1
317-EM,No active trips,0,[],0,[],8585,0
317-EM,No active trips,0,[],0,[],8585,1
140-E,No active trips,0,[],0,[],1747,0
140-E,No active trips,0,[],0,[],1747,1
EJP-STJN,No active trips,0,[],0,[],7293,0
378-E D44G-ELC,No active trips,0,[],0,[],4402,0
378-E D44G-ELC,No active trips,0,[],0,[],4402,1
378 BEML5-ELC,No active trips,0,[],0,[],5903,1
378-E,No active trips,0,[],0,[],4400,0
378-E,No active trips,0,[],0,[],4400,1
NICE-2,No active trips,0,[],0,[],8336,0
NICE-2,No active trips,0,[],0,[],8336,1
378 D12G-ELC,No active trips,0,[],0,[],5821,1
D19-ELCT,No active trips,0,[],0,[],6254,0
D19-ELCT,No active trips,0,[],0,[],6254,1
378 D34G-ELC,No active trips,0,[],0,[],1804,0
378 D34G-ELC,No active trips,0,[],0,[],1804,1
378-C D34G-ELC,No active trips,0,[],0,[],7670,0
378-C D34G-ELC,No active trips,0,[],0,[],7670,1
378-C,No active trips,0,[],0,[],7669,0
378-C,No active trips,0,[],0,[],7669,1
378-D,No active trips,0,[],0,[],3887,0
378-D,No active trips,0,[],0,[],3887,1
NICE-5K,No active trips,0,[],0,[],8103,0
NICE-5K,No active trips,0,[],0,[],8103,1
378 PTPL-GTG-ELC,No active trips,0,[],0,[],4444,0
378 PTPL-GTG-ELC,No active trips,0,[],0,[],4444,1
378-B,No active trips,0,[],0,[],3877,0
378-B,No active trips,0,[],0,[],3877,1
378-C UTH-ELC,No active trips,0,[],0,[],7672,0
378-C UTH-ELC,No active trips,0,[],0,[],7672,1
600-QA,No active trips,0,[],0,[],2143,0
600-QA,No active trips,0,[],0,[],2143,1
356-CW,No active trips,0,[],0,[],1069,0
356-CW UFLY,No active trips,0,[],0,[],1062,0
356-CW UFLY,No active trips,0,[],0,[],1062,1
NICE-5,No active trips,0,[],0,[],2699,0
NICE-5,No active trips,0,[],0,[],2699,1
600-CF,No active trips,0,[],0,[],3463,0
600-CF,No active trips,0,[],0,[],3463,1
600-CF UFLY,No active trips,0,[],0,[],3479,0
600-CF UFLY,No active trips,0,[],0,[],3479,1
600-CK,No active trips,0,[],0,[],1790,0
600-CK,No active trips,0,[],0,[],1790,1
NICE-6,No active trips,0,[],0,[],1593,0
NICE-6,No active trips,0,[],0,[],1593,1
G-3,No active trips,0,[],0,[],1007,0
G-3,No active trips,0,[],0,[],1007,1
NICE-4A,No active trips,0,[],0,[],7931,0
NICE-4A,No active trips,0,[],0,[],7931,1
356-CW CSB-ELCW FLY,No active trips,0,[],0,[],6973,0
356-CW CSB-ELCW FLY,No active trips,0,[],0,[],6973,1
600-KB CLO-ELCW,No active trips,0,[],0,[],7728,1
NICE-7A,No active trips,0,[],0,[],1648,0
NICE-7A,No active trips,0,[],0,[],1648,1
V-500E,No active trips,0,[],0,[],5547,0
V-500E,No active trips,0,[],0,[],5547,1
KBS-3E,No active trips,0,[],0,[],1065,0
KBS-3E,No active trips,0,[],0,[],1065,1
NICE-10 MDR-ELCW,No active trips,0,[],0,[],8963,0
NICE-10 MDR-ELCW,No active trips,0,[],0,[],8963,1
NICE-8,No active trips,0,[],0,[],1649,0
NICE-8,No active trips,0,[],0,[],1649,1
G-3A,No active trips,0,[],0,[],1227,0
G-3A,No active trips,0,[],0,[],1227,1
500-EB SMVR-ELCW,No active trips,0,[],0,[],3046,0
500-EB SMVR-ELCW,No active trips,0,[],0,[],3046,1
NICE-5A,No active trips,0,[],0,[],3661,0
NICE-5A,No active trips,0,[],0,[],3661,1
NICE-5E,No active trips,0,[],0,[],8109,0
NICE-5E,No active trips,0,[],0,[],8109,1
505 VRK-ELCW,No active trips,0,[],0,[],7784,0
NICE-7,No active trips,0,[],0,[],4860,0
NICE-7,No active trips,0,[],0,[],4860,1
600-KB,No active trips,0,[],0,[],2562,0
600-KB,No active trips,0,[],0,[],2562,1
NICE-4,No active trips,0,[],0,[],3657,0
NICE-4,No active trips,0,[],0,[],3657,1
NICE-4E,No active trips,0,[],0,[],8111,0
NICE-4E,No active trips,0,[],0,[],8111,1
V-NICE4,No active trips,0,[],0,[],8875,0
V-NICE4,No active trips,0,[],0,[],8875,1
500-DM YBS-HBL-ELCW,No active trips,0,[],0,[],8200,0
600 YBS-NBC-ELCW,No active trips,0,[],0,[],7933,1
201-G BEMLG-ELC,No active trips,0,[],0,[],5397,0
D19-ELC,No active trips,0,[],0,[],1493,0
D19-ELC,No active trips,0,[],0,[],1493,1
V-MF1D ELC-KRPMS,No active trips,0,[],0,[],8656,0
V-MF1D ELC-KRPMS,No active trips,0,[],0,[],8656,1
NICE-10,No active trips,0,[],0,[],6725,0
NICE-10,No active trips,0,[],0,[],6725,1
NICE-6T,No active trips,0,[],0,[],8344,0
NICE-6T,No active trips,0,[],0,[],8344,1
215 KMT-JBS-ELO,No active trips,0,[],0,[],2345,0
215-E,No active trips,0,[],0,[],2337,0
215-E,No active trips,0,[],0,[],2337,1
D6G-GBJCG,No active trips,0,[],0,[],5144,0
502-E ANPN-GKVK,No active trips,0,[],0,[],3379,0
502-E ANPN-GKVK,No active trips,0,[],0,[],3379,1
401-K D31G-GKVK,No active trips,0,[],0,[],1562,0
285 SRN-KBS-GKVK,No active trips,0,[],0,[],1077,0
285 SRN-KBS-GKVK,No active trips,0,[],0,[],1077,1
YHKOT-GKVK,No active trips,0,[],0,[],1563,0
YHKOT-GKVK,No active trips,0,[],0,[],1563,1
CLO-GKWLO,No active trips,0,[],0,[],4190,0
61-F,No active trips,0,[],0,[],4168,1
75-E,No active trips,0,[],0,[],4034,0
75-E,No active trips,0,[],0,[],4034,1
401-K YTTMC-GKWLO,No active trips,0,[],0,[],4991,1
75-E YTTMC-MBS-GKWLO,No active trips,0,[],0,[],4989,0
88-A BSN-GPO,No active trips,0,[],0,[],4953,0
88-A BSN-GPO,No active trips,0,[],0,[],4953,1
299-E,No active trips,0,[],0,[],5176,0
299-E,No active trips,0,[],0,[],5176,1
299-E YHKOT-GDH,No active trips,0,[],0,[],5210,0
299-E YHKOT-GDH,No active trips,0,[],0,[],5210,1
227-VB,No active trips,0,[],0,[],1389,0
227-VB,No active trips,0,[],0,[],1389,1
227-VB SBS-GDGD,No active trips,0,[],0,[],5411,1
317-W,No active trips,0,[],0,[],3253,1
304-Q D24G-GNLU,No active trips,0,[],0,[],2929,0
304-Q D24G-GNLU,No active trips,0,[],0,[],2929,1
342-MA,No active trips,0,[],0,[],3268,1
242-JA D35G-GNK,No active trips,0,[],0,[],8648,0
242-JA D35G-GNK,No active trips,0,[],0,[],8648,1
231-E,No active trips,0,[],0,[],1445,0
231-E,No active trips,0,[],0,[],1445,1
144-G GPTE-NRG,No active trips,0,[],0,[],7299,0
263-B,No active trips,0,[],0,[],7806,0
263-B,No active trips,0,[],0,[],7806,1
258-C KBS-GPLY,No active trips,0,[],0,[],6137,0
263-B GNP-KBS,No active trips,0,[],0,[],7807,0
258-C KBS-GDP,No active trips,0,[],0,[],3378,0
258-C KBS-GDP,No active trips,0,[],0,[],3378,1
316-A,No active trips,0,[],0,[],3168,0
316-A,No active trips,0,[],0,[],3168,1
242-Q,No active trips,0,[],0,[],2724,0
242-Q,No active trips,0,[],0,[],2724,1
242-Q KBS-GGH,No active trips,0,[],0,[],2732,0
242-Q KBS-GGH,No active trips,0,[],0,[],2732,1
CLO-GDHL,No active trips,0,[],0,[],5925,0
CLO-GDHL,No active trips,0,[],0,[],5925,1
61-B,No active trips,0,[],0,[],8201,0
61-B,No active trips,0,[],0,[],8201,1
BC-7E,No active trips,0,[],0,[],3901,0
BC-7E,No active trips,0,[],0,[],3901,1
263 KMT-NLGH-GGNH,No active trips,0,[],0,[],3579,0
263 KMT-NLGH-GGNH,No active trips,0,[],0,[],3579,1
263-G,No active trips,0,[],0,[],2213,0
263-G,No active trips,0,[],0,[],2213,1
PSS-TGPL-GGH,No active trips,0,[],0,[],7403,0
PSS-TGPL-GGH,No active trips,0,[],0,[],7403,1
250-D,No active trips,0,[],0,[],2336,0
250-D,No active trips,0,[],0,[],2336,1
502-HA,No active trips,0,[],0,[],3386,0
502-HA,No active trips,0,[],0,[],3386,1
349-B,No active trips,0,[],0,[],5173,0
349-B,No active trips,0,[],0,[],5173,1
229,No active trips,0,[],0,[],1417,0
229,No active trips,0,[],0,[],1417,1
45-DG,No active trips,0,[],0,[],2743,0
45-DG,No active trips,0,[],0,[],2743,1
45-D PPLO-GTLO,No active trips,0,[],0,[],2740,0
45-D PPLO-GTLO,No active trips,0,[],0,[],2740,1
256-B D43G-GJH,No active trips,0,[],0,[],7909,0
256-B D43G-GJH,No active trips,0,[],0,[],7909,1
256-B,No active trips,0,[],0,[],3283,1
89-F BELC-YRS-GBE,No active trips,0,[],0,[],8979,0
89-B,No active trips,0,[],0,[],5058,0
89-B,No active trips,0,[],0,[],5058,1
89-F,No active trips,0,[],0,[],5024,0
89-F,No active trips,0,[],0,[],5024,1
79-J,No active trips,0,[],0,[],5071,0
79-J,No active trips,0,[],0,[],5071,1
89-B YTTMC-GBE,No active trips,0,[],0,[],5060,0
89-B YTTMC-GBE,No active trips,0,[],0,[],5060,1
89-F YTTMC-GBER,No active trips,0,[],0,[],5027,0
89-F YTTMC-GBER,No active trips,0,[],0,[],5027,1
250-S,No active trips,0,[],0,[],2478,0
250-S,No active trips,0,[],0,[],2478,1
250-S PSS-GLB,No active trips,0,[],0,[],2780,0
250-S PSS-GLB,No active trips,0,[],0,[],2780,1
342-H STJN-GGSK,No active trips,0,[],0,[],6903,1
285-MH,No active trips,0,[],0,[],2092,0
285-MH,No active trips,0,[],0,[],2092,1
285-MJ HBLB-GST,No active trips,0,[],0,[],6820,0
285-MJ HBLB-GST,No active trips,0,[],0,[],6820,1
285-MJ,No active trips,0,[],0,[],2094,0
285-MJ,No active trips,0,[],0,[],2094,1
243-F D35G-GKH,No active trips,0,[],0,[],2935,0
243-F D35G-GKH,No active trips,0,[],0,[],2935,1
243-F,No active trips,0,[],0,[],2933,0
243-F,No active trips,0,[],0,[],2933,1
258-DG,No active trips,0,[],0,[],8067,0
366-N D34G-JSD-GDPK,No active trips,0,[],0,[],8448,0
366-N,No active trips,0,[],0,[],8447,0
366-N,No active trips,0,[],0,[],8447,1
365-N,No active trips,0,[],0,[],8449,0
365-N,No active trips,0,[],0,[],8449,1
242-N,No active trips,0,[],0,[],2715,0
242-N,No active trips,0,[],0,[],2715,1
242-N KBS-GDH,No active trips,0,[],0,[],7089,0
242-N KBS-GDH,No active trips,0,[],0,[],7089,1
214-B,No active trips,0,[],0,[],1941,0
214-B,No active trips,0,[],0,[],1941,1
214-B KBS-GGD,No active trips,0,[],0,[],4332,1
284-H PTH-GNR2,No active trips,0,[],0,[],4610,0
284-H PTH-GNR2,No active trips,0,[],0,[],4610,1
284-H,No active trips,0,[],0,[],4607,0
284-H,No active trips,0,[],0,[],4607,1
36-B BSK-GNE,No active trips,0,[],0,[],4348,0
36-B BSK-GNE,No active trips,0,[],0,[],4348,1
36-B,No active trips,0,[],0,[],1035,0
36-B,No active trips,0,[],0,[],1035,1
36-B VSD,No active trips,0,[],0,[],4347,0
36-B VSD,No active trips,0,[],0,[],4347,1
227-RB,No active trips,0,[],0,[],1372,0
227-RB,No active trips,0,[],0,[],1372,1
346-M CSB-GLH,No active trips,0,[],0,[],3533,1
346-M,No active trips,0,[],0,[],3531,0
346-M,No active trips,0,[],0,[],3531,1
346-M KBS-GLH,No active trips,0,[],0,[],3532,0
346-M KBS-GLH,No active trips,0,[],0,[],3532,1
MF-40B,No active trips,0,[],0,[],8917,0
MF-40B,No active trips,0,[],0,[],8917,1
MF-40B KGR-GLH,No active trips,0,[],0,[],8918,0
MF-40B KGR-GLH,No active trips,0,[],0,[],8918,1
323-A,No active trips,0,[],0,[],3326,0
323-A,No active trips,0,[],0,[],3326,1
323-AK,No active trips,0,[],0,[],3334,0
323-AK,No active trips,0,[],0,[],3334,1
228,No active trips,0,[],0,[],1396,0
228,No active trips,0,[],0,[],1396,1
228-A GNP-SCS,No active trips,0,[],0,[],4110,0
D12G-GEM,No active trips,0,[],0,[],7643,0
V-500DP,No active trips,0,[],0,[],7366,0
V-500DP,No active trips,0,[],0,[],7366,1
500-DP DNK-GGP,No active trips,0,[],0,[],5854,0
500-HG,No active trips,0,[],0,[],2847,0
500-HG,No active trips,0,[],0,[],2847,1
502-C,No active trips,0,[],0,[],8083,0
502-C,No active trips,0,[],0,[],8083,1
MADT-HBLB-GGP,No active trips,0,[],0,[],7341,0
500 SNCS-GGP,No active trips,0,[],0,[],8369,0
500 SNCS-GGP,No active trips,0,[],0,[],8369,1
258-V,No active trips,0,[],0,[],2032,0
258-V,No active trips,0,[],0,[],2032,1
258-V KBS-GRH,No active trips,0,[],0,[],3515,0
258-V KBS-GRH,No active trips,0,[],0,[],3515,1
258-U,No active trips,0,[],0,[],2030,1
214-G D44-SMH-GTH,No active trips,0,[],0,[],1947,0
213-QA,No active trips,0,[],0,[],1933,0
213-QA,No active trips,0,[],0,[],1933,1
214-G,No active trips,0,[],0,[],1946,0
214-G,No active trips,0,[],0,[],1946,1
317-MA,No active trips,0,[],0,[],3235,0
317-MA,No active trips,0,[],0,[],3235,1
255-H DSP-GVDP,No active trips,0,[],0,[],6006,0
291-N,No active trips,0,[],0,[],4349,0
291-N,No active trips,0,[],0,[],4349,1
317-Y,No active trips,0,[],0,[],3256,0
317-Y,No active trips,0,[],0,[],3256,1
KLN-GNP,No active trips,0,[],0,[],7043,0
KLN-GNP,No active trips,0,[],0,[],7043,1
255-H GVP-KBS,No active trips,0,[],0,[],4131,0
291-M KBS-GNP,No active trips,0,[],0,[],4519,0
291-M KBS-GNP,No active trips,0,[],0,[],4519,1
SBS-GNP,No active trips,0,[],0,[],6546,0
SBS-GNP,No active trips,0,[],0,[],6546,1
253-HE KBS-GFTI,No active trips,0,[],0,[],4782,1
253-S SBS-GFTI,No active trips,0,[],0,[],7045,0
253-S SBS-GFTI,No active trips,0,[],0,[],7045,1
253-HE YTTMC-GFTI,No active trips,0,[],0,[],5247,0
253-HE YTTMC-GFTI,No active trips,0,[],0,[],5247,1
401-Z GFGC-YBS,No active trips,0,[],0,[],7329,0
218,No active trips,0,[],0,[],8477,0
218,No active trips,0,[],0,[],8477,1
BDD-GDHD,No active trips,0,[],0,[],5644,1
231-J,No active trips,0,[],0,[],1451,1
359,No active trips,0,[],0,[],4866,0
359,No active trips,0,[],0,[],4866,1
211-K,No active trips,0,[],0,[],1872,0
211-K,No active trips,0,[],0,[],1872,1
221-J KBS-GGH,No active trips,0,[],0,[],4811,0
221-J KBS-GGH,No active trips,0,[],0,[],4811,1
377-HG,No active trips,0,[],0,[],7831,0
377-HG,No active trips,0,[],0,[],7831,1
214-H,No active trips,0,[],0,[],1892,0
214-H,No active trips,0,[],0,[],1892,1
213-B,No active trips,0,[],0,[],1878,0
213-B,No active trips,0,[],0,[],1878,1
213-K D34G-GAT,No active trips,0,[],0,[],5706,1
213-A KMT-NTG-GAT,No active trips,0,[],0,[],7787,0
213-A KMT-NTG-GAT,No active trips,0,[],0,[],7787,1
213-K,No active trips,0,[],0,[],1841,0
213-K,No active trips,0,[],0,[],1841,1
213-K KBS-GAT,No active trips,0,[],0,[],1876,0
213-K KBS-GAT,No active trips,0,[],0,[],1876,1
308,No active trips,0,[],0,[],3087,0
308,No active trips,0,[],0,[],3087,1
342-M,No active trips,0,[],0,[],1603,0
342-M,No active trips,0,[],0,[],1603,1
296-N,No active trips,0,[],0,[],4816,0
296-N,No active trips,0,[],0,[],4816,1
266-F,No active trips,0,[],0,[],4174,0
266-F,No active trips,0,[],0,[],4174,1
266-F GNA-KBS,No active trips,0,[],0,[],4176,0
327-E,No active trips,0,[],0,[],3429,0
327-E,No active trips,0,[],0,[],3429,1
D41-GNJR,No active trips,0,[],0,[],2541,0
D41-GNJR,No active trips,0,[],0,[],2541,1
258-G KBS-GVH,No active trips,0,[],0,[],3421,1
258-G,No active trips,0,[],0,[],2014,0
258-G,No active trips,0,[],0,[],2014,1
214-DA,No active trips,0,[],0,[],1944,0
214-DA,No active trips,0,[],0,[],1944,1
43-J,No active trips,0,[],0,[],2361,0
43-J,No active trips,0,[],0,[],2361,1
43-J PPLO-HKLO,No active trips,0,[],0,[],3161,0
43-J PPLO-HKLO,No active trips,0,[],0,[],3161,1
43-J VSD-HKLO,No active trips,0,[],0,[],3165,0
43-J VSD-HKLO,No active trips,0,[],0,[],3165,1
225-CA BEML5-HAL ARDC,No active trips,0,[],0,[],8166,0
225-CA BEML5-HAL ARDC,No active trips,0,[],0,[],8166,1
327 KMT-HAL ARDC,No active trips,0,[],0,[],6056,1
335-N KGR-KMT-ARDCHAL,No active trips,0,[],0,[],5585,0
316 MDR-HAL ARDC,No active trips,0,[],0,[],6053,0
500-D JGS-CSB,No active trips,0,[],0,[],7197,0
223-A HAL-DBT,No active trips,0,[],0,[],4216,0
D06G-HALM,No active trips,0,[],0,[],6368,0
KBS-1K KBS-HALM,No active trips,0,[],0,[],6204,1
411-A CSB-MVW-HALNPS,No active trips,0,[],0,[],6031,1
335-E KBS-HAL NP,No active trips,0,[],0,[],6498,1
D24G-HRBR1,No active trips,0,[],0,[],7026,0
KLN-HRBR1,No active trips,0,[],0,[],6871,0
KLN-HRBR1,No active trips,0,[],0,[],6871,1
SBS-HRBR1,No active trips,0,[],0,[],6872,0
SBS-HRBR1,No active trips,0,[],0,[],6872,1
340-A KBS-ADG-HSR 2nd,No active trips,0,[],0,[],6036,0
340-A KBS-ADG-HSR 2nd,No active trips,0,[],0,[],6036,1
D25G-HSRKEB,No active trips,0,[],0,[],2196,0
D25G-HSRKEB,No active trips,0,[],0,[],2196,1
347-D,No active trips,0,[],0,[],5606,0
347-D,No active trips,0,[],0,[],5606,1
340-A KBS-ADG-HSRKEB,No active trips,0,[],0,[],6034,0
340-A KBS-ADG-HSRKEB,No active trips,0,[],0,[],6034,1
KIA-7,No active trips,0,[],0,[],6464,0
KIA-7,No active trips,0,[],0,[],6464,1
340-A STJN-HSRKEB,No active trips,0,[],0,[],6198,1
D38G-HDS,No active trips,0,[],0,[],5454,0
253-HC,No active trips,0,[],0,[],8174,0
253-HC HDP-KBS,No active trips,0,[],0,[],8988,0
D41G-HGR,No active trips,0,[],0,[],4639,0
371-C,No active trips,0,[],0,[],7870,0
371-C,No active trips,0,[],0,[],7870,1
226-L,No active trips,0,[],0,[],1243,0
226-L,No active trips,0,[],0,[],1243,1
226-L KBS-HPC,No active trips,0,[],0,[],7973,0
226-L KBS-HPC,No active trips,0,[],0,[],7973,1
328-G D41G-GJR-HLH,No active trips,0,[],0,[],3455,0
328-G,No active trips,0,[],0,[],3453,0
328-G,No active trips,0,[],0,[],3453,1
328-HB D41G-HLS,No active trips,0,[],0,[],3017,1
226-B,No active trips,0,[],0,[],1234,0
226-B,No active trips,0,[],0,[],1234,1
K-2 BELF-HMPNRPC,No active trips,0,[],0,[],8251,0
DPJN-RPCLO,No active trips,0,[],0,[],1572,0
DPJN-RPCLO,No active trips,0,[],0,[],1572,1
87,No active trips,0,[],0,[],1710,0
87,No active trips,0,[],0,[],1710,1
87-S,No active trips,0,[],0,[],4069,0
316-E,No active trips,0,[],0,[],3190,0
316-E,No active trips,0,[],0,[],3190,1
258-YA KMT-HCP,No active trips,0,[],0,[],3528,0
258-YA,No active trips,0,[],0,[],2049,0
258-YA,No active trips,0,[],0,[],2049,1
316-N,No active trips,0,[],0,[],7850,0
316-N,No active trips,0,[],0,[],7850,1
293-GN KBS-HND,No active trips,0,[],0,[],4514,0
293-GN KBS-HND,No active trips,0,[],0,[],4514,1
360-J CSB-HND,No active trips,0,[],0,[],8797,0
360-J CSB-HND,No active trips,0,[],0,[],8797,1
349-A D38G-HND,No active trips,0,[],0,[],6255,0
342-TA,No active trips,0,[],0,[],3313,0
342-TA,No active trips,0,[],0,[],3313,1
349-A,No active trips,0,[],0,[],5175,0
349-A,No active trips,0,[],0,[],5175,1
351-J,No active trips,0,[],0,[],5292,0
351-J,No active trips,0,[],0,[],5292,1
360-J,No active trips,0,[],0,[],2748,0
360-J,No active trips,0,[],0,[],2748,1
226-V KBS-HGH,No active trips,0,[],0,[],1473,0
285-RA,No active trips,0,[],0,[],8849,0
285-RA,No active trips,0,[],0,[],8849,1
285 PTML-HNYR,No active trips,0,[],0,[],7179,0
285-R SBS-HNYR,No active trips,0,[],0,[],7178,1
344-A,No active trips,0,[],0,[],3376,0
344-A,No active trips,0,[],0,[],3376,1
D38G-HRL,No active trips,0,[],0,[],5949,0
317-H,No active trips,0,[],0,[],3549,0
317-H,No active trips,0,[],0,[],3549,1
347-B,No active trips,0,[],0,[],5950,0
347-B,No active trips,0,[],0,[],5950,1
285-YA,No active trips,0,[],0,[],2053,0
285-YA,No active trips,0,[],0,[],2053,1
285-YA HHP-KBS,No active trips,0,[],0,[],4038,0
285-YA PTML-HHPL,No active trips,0,[],0,[],4219,0
213-V,No active trips,0,[],0,[],1399,0
213-V,No active trips,0,[],0,[],1399,1
EXP-213V,No active trips,0,[],0,[],8436,0
EXP-213V,No active trips,0,[],0,[],8436,1
377-H,No active trips,0,[],0,[],6821,0
377-H,No active trips,0,[],0,[],6821,1
325 D41G-HRHL,No active trips,0,[],0,[],3374,0
325,No active trips,0,[],0,[],3368,0
325,No active trips,0,[],0,[],3368,1
349-J,No active trips,0,[],0,[],5189,0
349-J,No active trips,0,[],0,[],5189,1
MKT-5H,No active trips,0,[],0,[],1051,0
MKT-5H,No active trips,0,[],0,[],1051,1
325 KBS-HAL-HRH,No active trips,0,[],0,[],3377,0
325 KBS-HAL-HRH,No active trips,0,[],0,[],3377,1
325-A,No active trips,0,[],0,[],3380,0
KBS-5H,No active trips,0,[],0,[],1047,0
KBS-5H,No active trips,0,[],0,[],1047,1
213-V SGH-HRH,No active trips,0,[],0,[],1935,0
213-V SGH-HRH,No active trips,0,[],0,[],1935,1
257-A HKH-KBS,No active trips,0,[],0,[],1743,0
KMT-HSC,No active trips,0,[],0,[],4289,0
KMT-HSC,No active trips,0,[],0,[],4289,1
SBS-HSC,No active trips,0,[],0,[],6422,0
SBS-HSC,No active trips,0,[],0,[],6422,1
290-T,No active trips,0,[],0,[],1545,0
290-T,No active trips,0,[],0,[],1545,1
290-T SBS-HTN,No active trips,0,[],0,[],4310,0
290-T SBS-HTN,No active trips,0,[],0,[],4310,1
500-CF BSK-HSS,No active trips,0,[],0,[],2474,0
378 D34G-ELC-HSS,No active trips,0,[],0,[],7454,0
328-H D41G-HSS,No active trips,0,[],0,[],5784,0
D42G-HSS,No active trips,0,[],0,[],7503,0
500-A,No active trips,0,[],0,[],1026,0
500-A,No active trips,0,[],0,[],1026,1
501-A,No active trips,0,[],0,[],1044,0
501-A,No active trips,0,[],0,[],1044,1
501-BH,No active trips,0,[],0,[],1781,0
501-BH,No active trips,0,[],0,[],1781,1
V-500A,No active trips,0,[],0,[],2170,0
V-500A,No active trips,0,[],0,[],2170,1
V-500D,No active trips,0,[],0,[],1705,0
V-500D,No active trips,0,[],0,[],1705,1
V-EXP 500D,No active trips,0,[],0,[],8516,0
V-EXP 500D,No active trips,0,[],0,[],8516,1
285-R HBLB-CHL,No active trips,0,[],0,[],9001,0
285-R HBLB-CHL,No active trips,0,[],0,[],9001,1
500-AD,No active trips,0,[],0,[],1715,0
501-NH DPJN-HBLB,No active trips,0,[],0,[],6141,0
501-NH DPJN-HBLB,No active trips,0,[],0,[],6141,1
500-D D10G-HBLB,No active trips,0,[],0,[],2698,0
500-D D10G-HBLB,No active trips,0,[],0,[],2698,1
500-D D10G-NGW-HBLB,No active trips,0,[],0,[],7986,0
500-D D10G-NGW-HBLB,No active trips,0,[],0,[],7986,1
D28-HBLB,No active trips,0,[],0,[],5481,0
D28-HBLB,No active trips,0,[],0,[],5481,1
501-BH D35G-HBL,No active trips,0,[],0,[],1782,0
501-BH D35G-HBL,No active trips,0,[],0,[],1782,1
506-A D41G-HBL,No active trips,0,[],0,[],3770,0
506-A D41G-HBL,No active trips,0,[],0,[],3770,1
D45-TDL-HBLB,No active trips,0,[],0,[],4513,1
501-C DBP-HBL,No active trips,0,[],0,[],5769,0
500-EB ELC-HBL,No active trips,0,[],0,[],8598,0
500-EB ELC-HBL,No active trips,0,[],0,[],8598,1
502-A GNP-HBL,No active trips,0,[],0,[],3941,0
285 HRTA-HBLB,No active trips,0,[],0,[],7842,0
500-HK,No active trips,0,[],0,[],2854,0
500-HK,No active trips,0,[],0,[],2854,1
V-500HK,No active trips,0,[],0,[],6761,0
V-500HK,No active trips,0,[],0,[],6761,1
297-A HBLB-ISNH,No active trips,0,[],0,[],8983,0
V-500DF KDG-HBLB,No active trips,0,[],0,[],6889,1
V-500A D13G-BSK-HBL,No active trips,0,[],0,[],2199,0
V-500A D13G-BSK-HBL,No active trips,0,[],0,[],2199,1
501-CH,No active trips,0,[],0,[],3246,0
501-CH,No active trips,0,[],0,[],3246,1
298-E HBLB-KND,No active trips,0,[],0,[],8242,0
501-BH BTM-BSK-HBLB,No active trips,0,[],0,[],8202,0
501-BH BTM-BSK-HBLB,No active trips,0,[],0,[],8202,1
282-B HBLB-MGH,No active trips,0,[],0,[],8182,0
282-B HBLB-MGH,No active trips,0,[],0,[],8182,1
501-NH,No active trips,0,[],0,[],6134,0
501-NH,No active trips,0,[],0,[],6134,1
500-A PPLO-HBLB,No active trips,0,[],0,[],2808,0
500-A PPLO-HBLB,No active trips,0,[],0,[],2808,1
287-A RTNPS-HBLB,No active trips,0,[],0,[],2662,0
500-CH SJP-HBL,No active trips,0,[],0,[],7162,0
500-CH SJP-HBL,No active trips,0,[],0,[],7162,1
V-500HS,No active trips,0,[],0,[],7063,0
V-500HS,No active trips,0,[],0,[],7063,1
286-K SNBS-SBS-HBLB,No active trips,0,[],0,[],1045,0
286-K SNBS-SBS-HBLB,No active trips,0,[],0,[],1045,1
500-DC D32 SRYN-HBLB,No active trips,0,[],0,[],2772,0
507 VNS-HBLB,No active trips,0,[],0,[],2984,0
507 VNS-HBLB,No active trips,0,[],0,[],2984,1
297-K HBLB-VNP,No active trips,0,[],0,[],8120,0
279-E D14G-RTNPS-BPS-HBL,No active trips,0,[],0,[],5693,0
279-E D14G-RTNPS-BPS-HBL,No active trips,0,[],0,[],5693,1
279-A,No active trips,0,[],0,[],2588,0
279-A,No active trips,0,[],0,[],2588,1
279-E,No active trips,0,[],0,[],2591,0
279-E,No active trips,0,[],0,[],2591,1
279-E KBS-VSD-HBL,No active trips,0,[],0,[],4327,0
K-2,No active trips,0,[],0,[],2802,0
K-2,No active trips,0,[],0,[],2802,1
278-E,No active trips,0,[],0,[],2547,0
278-E,No active trips,0,[],0,[],2547,1
V-287A,No active trips,0,[],0,[],6076,0
V-287A,No active trips,0,[],0,[],6076,1
401-NY YTTMC-HBL,No active trips,0,[],0,[],7135,0
401-NY YTTMC-HBL,No active trips,0,[],0,[],7135,1
240-N,No active trips,0,[],0,[],1114,0
240-N,No active trips,0,[],0,[],1114,1
258-VA,No active trips,0,[],0,[],2033,0
258-VA,No active trips,0,[],0,[],2033,1
352,No active trips,0,[],0,[],5308,0
352,No active trips,0,[],0,[],5308,1
352-A,No active trips,0,[],0,[],4931,0
352-A,No active trips,0,[],0,[],4931,1
CHAKRA-10A,No active trips,0,[],0,[],4590,0
285 SBS-MKC-HRTA,No active trips,0,[],0,[],7843,0
BC-7H,No active trips,0,[],0,[],5828,0
BC-7H,No active trips,0,[],0,[],5828,1
BC-7B PSS-ANDRH-HRHC,No active trips,0,[],0,[],7888,1
266 D45G-SVK-HSG,No active trips,0,[],0,[],6626,0
266 D45G-SVK-HSG,No active trips,0,[],0,[],6626,1
267 D45G-HSG,No active trips,0,[],0,[],8530,0
267-A D45G-HSG,No active trips,0,[],0,[],7076,0
267-A D45G-HSG,No active trips,0,[],0,[],7076,1
253-J KMT-HGT,No active trips,0,[],0,[],6297,1
266,No active trips,0,[],0,[],8723,0
266,No active trips,0,[],0,[],8723,1
266 KMT-VSD-HGV,No active trips,0,[],0,[],3678,1
271-F KMT-HGV,No active trips,0,[],0,[],4779,0
271-F KMT-HGV,No active trips,0,[],0,[],4779,1
271-H,No active trips,0,[],0,[],8610,0
271-H,No active trips,0,[],0,[],8610,1
253-J,No active trips,0,[],0,[],2548,0
253-J,No active trips,0,[],0,[],2548,1
266 KBS-HGV,No active trips,0,[],0,[],4142,0
266 KBS-HGV,No active trips,0,[],0,[],4142,1
271-H KBS-HGV,No active trips,0,[],0,[],8938,0
271-H KBS-HGV,No active trips,0,[],0,[],8938,1
502-K,No active trips,0,[],0,[],3403,0
502-K,No active trips,0,[],0,[],3403,1
248-BA,No active trips,0,[],0,[],2268,0
248-BA,No active trips,0,[],0,[],2268,1
405,No active trips,0,[],0,[],7000,0
405,No active trips,0,[],0,[],7000,1
253-L PTML-HGV,No active trips,0,[],0,[],3127,0
253-L PTML-HGV,No active trips,0,[],0,[],3127,1
253-J PSS-HGV,No active trips,0,[],0,[],3920,1
405 PTH-HSG,No active trips,0,[],0,[],7001,0
405 PTH-HSG,No active trips,0,[],0,[],7001,1
253  SBS-HSG,No active trips,0,[],0,[],6079,0
253  SBS-HSG,No active trips,0,[],0,[],6079,1
253-S,No active trips,0,[],0,[],7044,0
253-S,No active trips,0,[],0,[],7044,1
267,No active trips,0,[],0,[],6999,0
267,No active trips,0,[],0,[],6999,1
267-A,No active trips,0,[],0,[],7074,0
267-A,No active trips,0,[],0,[],7074,1
253-HE,No active trips,0,[],0,[],5001,0
253-HE,No active trips,0,[],0,[],5001,1
353-E,No active trips,0,[],0,[],8158,0
353-E,No active trips,0,[],0,[],8158,1
317-HC,No active trips,0,[],0,[],3622,0
317-HC,No active trips,0,[],0,[],3622,1
343-H,No active trips,0,[],0,[],3363,0
343-H,No active trips,0,[],0,[],3363,1
343-L,No active trips,0,[],0,[],1169,0
343-L,No active trips,0,[],0,[],1169,1
255-J,No active trips,0,[],0,[],2632,0
258-R,No active trips,0,[],0,[],2022,0
258-R,No active trips,0,[],0,[],2022,1
255-J KBS-HNS,No active trips,0,[],0,[],3208,1
289-C D52G-HNH,No active trips,0,[],0,[],7633,0
289-C D52G-HNH,No active trips,0,[],0,[],7633,1
289-C,No active trips,0,[],0,[],4972,0
289-C,No active trips,0,[],0,[],4972,1
289-C HNH-KBS,No active trips,0,[],0,[],4974,0
289-CA,No active trips,0,[],0,[],4483,0
289-CA,No active trips,0,[],0,[],4483,1
302-G KMT-HRA,No active trips,0,[],0,[],2869,0
302-G KMT-HRA,No active trips,0,[],0,[],2869,1
302-G KLN-HMA,No active trips,0,[],0,[],7928,0
302-G KLN-HMA,No active trips,0,[],0,[],7928,1
302-G,No active trips,0,[],0,[],2867,0
302-G,No active trips,0,[],0,[],2867,1
301-C,No active trips,0,[],0,[],8782,0
301-C,No active trips,0,[],0,[],8782,1
505 D41G-HSRD,No active trips,0,[],0,[],7084,1
MF-22E,No active trips,0,[],0,[],9008,0
MF-22EA,No active trips,0,[],0,[],9007,0
282-A,No active trips,0,[],0,[],3613,0
282-A,No active trips,0,[],0,[],3613,1
290 KMT-HSH,No active trips,0,[],0,[],4303,0
282-A HSHK-KBS,No active trips,0,[],0,[],3617,0
290-T SBS-HSH,No active trips,0,[],0,[],4307,0
290-T SBS-HSH,No active trips,0,[],0,[],4307,1
253-P,No active trips,0,[],0,[],2561,0
253-P,No active trips,0,[],0,[],2561,1
280-F YSTF-HSK,No active trips,0,[],0,[],1421,0
399-D HSK-CPR-ANK,No active trips,0,[],0,[],8501,0
KBS-12HK BEMLF-HSK,No active trips,0,[],0,[],7221,0
317 D24G-HSK,No active trips,0,[],0,[],2816,0
317 D24G-HSK,No active trips,0,[],0,[],2816,1
398-H D27G-HSK,No active trips,0,[],0,[],6566,0
398-H D27G-HSK,No active trips,0,[],0,[],6566,1
399-F D27G-ANK-HSK,No active trips,0,[],0,[],6010,0
399-F D27G-ANK-HSK,No active trips,0,[],0,[],6010,1
D39-HSK,No active trips,0,[],0,[],1711,0
D39-HSK,No active trips,0,[],0,[],1711,1
D39G-HSK,No active trips,0,[],0,[],5409,1
328-H D41G-HSK,No active trips,0,[],0,[],1736,0
328-H D41G-HSK,No active trips,0,[],0,[],1736,1
328-H D42G-HSK,No active trips,0,[],0,[],6835,0
328-H D42G-HSK,No active trips,0,[],0,[],6835,1
306 DVG-HSK,No active trips,0,[],0,[],3746,0
289-Y,No active trips,0,[],0,[],3783,0
289-Y,No active trips,0,[],0,[],3783,1
298-P,No active trips,0,[],0,[],1226,0
298-P,No active trips,0,[],0,[],1226,1
334-E,No active trips,0,[],0,[],1723,0
334-E,No active trips,0,[],0,[],1723,1
399,No active trips,0,[],0,[],3399,0
399,No active trips,0,[],0,[],3399,1
398-H,No active trips,0,[],0,[],3656,0
398-H,No active trips,0,[],0,[],3656,1
326-E,No active trips,0,[],0,[],1721,0
326-E,No active trips,0,[],0,[],1721,1
MKT-12HK,No active trips,0,[],0,[],2166,0
MKT-12HK,No active trips,0,[],0,[],2166,1
KRPGH-HSK,No active trips,0,[],0,[],7205,0
KRPGH-HSK,No active trips,0,[],0,[],7205,1
328-H KDG-HSK,No active trips,0,[],0,[],6648,0
317-A KBS-VSD-HSK,No active trips,0,[],0,[],2812,0
317-A KBS-VSD-HSK,No active trips,0,[],0,[],2812,1
KBS-12HK,No active trips,0,[],0,[],1709,0
KBS-12HK,No active trips,0,[],0,[],1709,1
V-317A,No active trips,0,[],0,[],2242,0
V-317A,No active trips,0,[],0,[],2242,1
280-F PTH-HSK,No active trips,0,[],0,[],2625,0
280-F PTH-HSK,No active trips,0,[],0,[],2625,1
289-F PTH-HSK,No active trips,0,[],0,[],2629,0
289-F PTH-HSK,No active trips,0,[],0,[],2629,1
12F-5,No active trips,0,[],0,[],1733,0
12F-5,No active trips,0,[],0,[],1733,1
317-SB,No active trips,0,[],0,[],7849,0
317-SB,No active trips,0,[],0,[],7849,1
294-S,No active trips,0,[],0,[],8906,0
294-S,No active trips,0,[],0,[],8906,1
301-D,No active trips,0,[],0,[],2800,0
301-D,No active trips,0,[],0,[],2800,1
317-G,No active trips,0,[],0,[],2220,0
317-G,No active trips,0,[],0,[],2220,1
334 -EA SBS-HSK,No active trips,0,[],0,[],7955,0
334 -EA SBS-HSK,No active trips,0,[],0,[],7955,1
317-G VSD-HSK,No active trips,0,[],0,[],5856,0
280-F,No active trips,0,[],0,[],1418,0
280-F,No active trips,0,[],0,[],1418,1
289-F,No active trips,0,[],0,[],2627,0
289-F,No active trips,0,[],0,[],2627,1
289-LA,No active trips,0,[],0,[],4521,0
289-LA,No active trips,0,[],0,[],4521,1
289-F YST-HSK,No active trips,0,[],0,[],7312,0
289-F YST-HSK,No active trips,0,[],0,[],7312,1
D39-HSKTTMC,No active trips,0,[],0,[],3226,0
D39-HSKTTMC,No active trips,0,[],0,[],3226,1
316 MDR-HSK TTMC,No active trips,0,[],0,[],8553,0
316 MDR-HSK TTMC,No active trips,0,[],0,[],8553,1
348-G,No active trips,0,[],0,[],1170,0
348-G,No active trips,0,[],0,[],1170,1
43-C BSK-MNKK,No active trips,0,[],0,[],3142,0
43-C,No active trips,0,[],0,[],2354,0
43-C,No active trips,0,[],0,[],2354,1
43-B,No active trips,0,[],0,[],2142,0
43-B,No active trips,0,[],0,[],2142,1
43-C MRBS-HSKH,No active trips,0,[],0,[],8063,0
43-C MRBS-HSKH,No active trips,0,[],0,[],8063,1
43-B PPLO-HSKH,No active trips,0,[],0,[],7120,0
PPLO-HKH,No active trips,0,[],0,[],3136,0
PPLO-HKH,No active trips,0,[],0,[],3136,1
13-J,No active trips,0,[],0,[],1634,0
13-J,No active trips,0,[],0,[],1634,1
34,No active trips,0,[],0,[],3872,0
34,No active trips,0,[],0,[],3872,1
MF-7 HYN-BMS,No active trips,0,[],0,[],4139,0
MF-7 HYN-BMS,No active trips,0,[],0,[],4139,1
306-MH,No active trips,0,[],0,[],2430,0
306-MH,No active trips,0,[],0,[],2430,1
378 D34G-HLM,No active trips,0,[],0,[],9004,0
378 D34G-HLM,No active trips,0,[],0,[],9004,1
345,No active trips,0,[],0,[],3413,0
345,No active trips,0,[],0,[],3413,1
345-A,No active trips,0,[],0,[],3457,0
345-A,No active trips,0,[],0,[],3457,1
346-K,No active trips,0,[],0,[],3524,0
346-K,No active trips,0,[],0,[],3524,1
345-A KRMBS-HLM,No active trips,0,[],0,[],8538,0
345-A KRMBS-HLM,No active trips,0,[],0,[],8538,1
346-K KRMBS-HLM,No active trips,0,[],0,[],8537,0
369-A D34-HLM,No active trips,0,[],0,[],7656,0
D34G-HLMV,No active trips,0,[],0,[],4457,0
D34G-HLMV,No active trips,0,[],0,[],4457,1
369,No active trips,0,[],0,[],3794,0
369,No active trips,0,[],0,[],3794,1
369-A,No active trips,0,[],0,[],7655,0
369-A,No active trips,0,[],0,[],7655,1
369-C,No active trips,0,[],0,[],3750,0
369-C,No active trips,0,[],0,[],3750,1
343-A,No active trips,0,[],0,[],3350,0
343-A,No active trips,0,[],0,[],3350,1
343-A HLH-KRMTTMC,No active trips,0,[],0,[],3353,0
227-E,No active trips,0,[],0,[],1356,0
227-E,No active trips,0,[],0,[],1356,1
242-P,No active trips,0,[],0,[],2718,0
242-P,No active trips,0,[],0,[],2718,1
242-P KBS-HVLH,No active trips,0,[],0,[],2721,0
221-F,No active trips,0,[],0,[],1155,0
221-F,No active trips,0,[],0,[],1155,1
317-HS,No active trips,0,[],0,[],3627,1
289-P D52G-HNS,No active trips,0,[],0,[],7464,0
293-F,No active trips,0,[],0,[],4772,0
293-F,No active trips,0,[],0,[],4772,1
316-D,No active trips,0,[],0,[],7118,0
316-D,No active trips,0,[],0,[],7118,1
281-F KBS-MYH-HNS,No active trips,0,[],0,[],2668,0
281-F KBS-MYH-HNS,No active trips,0,[],0,[],2668,1
293-FA,No active trips,0,[],0,[],7323,0
293-FA,No active trips,0,[],0,[],7323,1
293-KA KBS-MYLH-HNS,No active trips,0,[],0,[],8412,0
293-KA KBS-MYLH-HNS,No active trips,0,[],0,[],8412,1
401-J PTH-HNS,No active trips,0,[],0,[],3586,0
401-J PTH-HNS,No active trips,0,[],0,[],3586,1
293 SBS-MYLH-HNS,No active trips,0,[],0,[],7445,0
293 SBS-MYLH-HNS,No active trips,0,[],0,[],7445,1
281-F YHKOT-HNS,No active trips,0,[],0,[],8286,0
281-F YHKOT-HNS,No active trips,0,[],0,[],8286,1
289-P,No active trips,0,[],0,[],3684,0
289-P,No active trips,0,[],0,[],3684,1
258-Q,No active trips,0,[],0,[],2019,0
258-Q,No active trips,0,[],0,[],2019,1
227-P,No active trips,0,[],0,[],1369,0
227-P,No active trips,0,[],0,[],1369,1
227-P KBS-HNG,No active trips,0,[],0,[],1388,0
227-P KBS-HNG,No active trips,0,[],0,[],1388,1
242-T,No active trips,0,[],0,[],2917,0
242-T,No active trips,0,[],0,[],2917,1
306-A KMT-HLG,No active trips,0,[],0,[],5846,0
306-A KMT-HLG,No active trips,0,[],0,[],5846,1
255-A DSP-HKV,No active trips,0,[],0,[],3179,0
255-A DSP-HKV,No active trips,0,[],0,[],3179,1
255-A,No active trips,0,[],0,[],2624,0
255-A,No active trips,0,[],0,[],2624,1
255-D,No active trips,0,[],0,[],2626,0
255-D,No active trips,0,[],0,[],2626,1
600-CH,No active trips,0,[],0,[],1791,1
353-B,No active trips,0,[],0,[],4951,0
353-B,No active trips,0,[],0,[],4951,1
316-C,No active trips,0,[],0,[],3183,0
316-C,No active trips,0,[],0,[],3183,1
349,No active trips,0,[],0,[],2703,0
349,No active trips,0,[],0,[],2703,1
349-D,No active trips,0,[],0,[],5174,0
349-D,No active trips,0,[],0,[],5174,1
349-C,No active trips,0,[],0,[],1500,0
349-C,No active trips,0,[],0,[],1500,1
349-K,No active trips,0,[],0,[],5190,0
349-K,No active trips,0,[],0,[],5190,1
282,No active trips,0,[],0,[],3605,0
282,No active trips,0,[],0,[],3605,1
349-J KMT-IGNOUS,No active trips,0,[],0,[],7164,0
349-J KMT-IGNOUS,No active trips,0,[],0,[],7164,1
351-H KMT-IGNOUS,No active trips,0,[],0,[],7161,0
351-H KMT-IGNOUS,No active trips,0,[],0,[],7161,1
IIHS-CLO,No active trips,0,[],0,[],7678,0
MRTG-IIHS,No active trips,0,[],0,[],7677,0
210-A,No active trips,0,[],0,[],7426,0
210-A,No active trips,0,[],0,[],7426,1
210-AA,No active trips,0,[],0,[],7427,0
210-AA,No active trips,0,[],0,[],7427,1
600-G ATB-ISRLO,No active trips,0,[],0,[],3621,0
600-G,No active trips,0,[],0,[],3611,0
600-G,No active trips,0,[],0,[],3611,1
412-H HBLB-ISRO,No active trips,0,[],0,[],3304,0
412-H HBLB-ISRO,No active trips,0,[],0,[],3304,1
252-A PSS-ISROM,No active trips,0,[],0,[],6551,0
D09G-ISROOJ,No active trips,0,[],0,[],7572,0
D9-SRS-ISRQ,No active trips,0,[],0,[],6296,0
D9-SRS-ISRQ,No active trips,0,[],0,[],6296,1
D24-ITIG,No active trips,0,[],0,[],6993,0
238-Y,No active trips,0,[],0,[],1855,0
238-Y,No active trips,0,[],0,[],1855,1
501-A VNS-GGP-ITIL,No active trips,0,[],0,[],5656,0
MF-1G,No active trips,0,[],0,[],6392,0
MF-1GA,No active trips,0,[],0,[],6393,0
500-CA,No active trips,0,[],0,[],2449,0
500-CA,No active trips,0,[],0,[],2449,1
V-500CA,No active trips,0,[],0,[],1695,0
V-500CA,No active trips,0,[],0,[],1695,1
502-G D45G-ITPL,No active trips,0,[],0,[],4324,0
502-E KTP-ITPL,No active trips,0,[],0,[],8164,0
324,No active trips,0,[],0,[],3361,0
324,No active trips,0,[],0,[],3361,1
320,No active trips,0,[],0,[],1262,0
320,No active trips,0,[],0,[],1262,1
292-CA,No active trips,0,[],0,[],4357,0
292-CA,No active trips,0,[],0,[],4357,1
372,No active trips,0,[],0,[],2495,0
372,No active trips,0,[],0,[],2495,1
327-C,No active trips,0,[],0,[],1075,0
327-C,No active trips,0,[],0,[],1075,1
297-A PTH-ISNH,No active trips,0,[],0,[],8980,0
D21G-ITM,No active trips,0,[],0,[],4802,0
D21G-ITM,No active trips,0,[],0,[],4802,1
89-D YTTMC-JCN,No active trips,0,[],0,[],5020,0
89-D YTTMC-JCN,No active trips,0,[],0,[],5020,1
89-D KMT-JCN,No active trips,0,[],0,[],8904,0
89-D KMT-JCN,No active trips,0,[],0,[],8904,1
89-D,No active trips,0,[],0,[],1104,0
89-D,No active trips,0,[],0,[],1104,1
89-D SMH-JCN,No active trips,0,[],0,[],1125,0
89-D SMH-JCN,No active trips,0,[],0,[],1125,1
266-R D45-JKBN,No active trips,0,[],0,[],6601,0
266-R D45-JKBN,No active trips,0,[],0,[],6601,1
266-RA,No active trips,0,[],0,[],8570,0
266-RA,No active trips,0,[],0,[],8570,1
2-A,No active trips,0,[],0,[],3493,0
2-A,No active trips,0,[],0,[],3493,1
25-E,No active trips,0,[],0,[],2203,0
25-E,No active trips,0,[],0,[],2203,1
80-A NLO-JP3,No active trips,0,[],0,[],3608,0
80-A NLO-JP3,No active trips,0,[],0,[],3608,1
2-E,No active trips,0,[],0,[],2228,0
2-E,No active trips,0,[],0,[],2228,1
291-R,No active trips,0,[],0,[],4352,0
291-R,No active trips,0,[],0,[],4352,1
155,No active trips,0,[],0,[],1677,0
155,No active trips,0,[],0,[],1677,1
60-A JJN-VJNT,No active trips,0,[],0,[],8193,0
354-C BSK-JBR,No active trips,0,[],0,[],8577,1
354-C CSB-AJBN,No active trips,0,[],0,[],8283,1
354-C D38G-JBR,No active trips,0,[],0,[],8576,0
356-F,No active trips,0,[],0,[],5330,0
356-F,No active trips,0,[],0,[],5330,1
168-E,No active trips,0,[],0,[],8150,0
168-E,No active trips,0,[],0,[],8150,1
168-E KBS-VSD-JBN,No active trips,0,[],0,[],1763,1
161-B,No active trips,0,[],0,[],8149,0
161-B,No active trips,0,[],0,[],8149,1
60-L,No active trips,0,[],0,[],2894,0
60-L,No active trips,0,[],0,[],2894,1
80-F,No active trips,0,[],0,[],4934,0
80-F,No active trips,0,[],0,[],4934,1
79-F,No active trips,0,[],0,[],4978,0
79-F,No active trips,0,[],0,[],4978,1
D31G-JMN,No active trips,0,[],0,[],3603,0
D31G-JMN,No active trips,0,[],0,[],3603,1
80-B,No active trips,0,[],0,[],4191,0
80-B,No active trips,0,[],0,[],4191,1
EXP-213VJ,No active trips,0,[],0,[],8931,0
EXP-213VJ,No active trips,0,[],0,[],8931,1
MF-28 JKLO-YBS-LGR,No active trips,0,[],0,[],8568,0
500 YTTMC-HBLB-JKLO,No active trips,0,[],0,[],8211,0
286-A,No active trips,0,[],0,[],1534,0
286-A,No active trips,0,[],0,[],1534,1
500-A MRH-JKLO,No active trips,0,[],0,[],5824,0
286-AA,No active trips,0,[],0,[],1535,0
286-AA,No active trips,0,[],0,[],1535,1
500-J,No active trips,0,[],0,[],2103,0
500-J,No active trips,0,[],0,[],2103,1
285 PTH-JKLO,No active trips,0,[],0,[],1521,0
285 PTH-JKLO,No active trips,0,[],0,[],1521,1
286-H,No active trips,0,[],0,[],1520,0
286-H,No active trips,0,[],0,[],1520,1
285-MJ GST-JKR,No active trips,0,[],0,[],6353,0
285-MJ GST-JKR,No active trips,0,[],0,[],6353,1
286,No active trips,0,[],0,[],1268,0
286,No active trips,0,[],0,[],1268,1
286-G KMT-KBS-JKR,No active trips,0,[],0,[],1519,0
286-G KMT-KBS-JKR,No active trips,0,[],0,[],1519,1
286-G,No active trips,0,[],0,[],1518,0
286-G,No active trips,0,[],0,[],1518,1
285-MJ  D46G-JKR,No active trips,0,[],0,[],6354,1
D45G-JHMS,No active trips,0,[],0,[],4276,0
D45G-JHMS,No active trips,0,[],0,[],4276,1
MF-23E D45-JHMS,No active trips,0,[],0,[],6663,0
MF-23E D45-JHMS,No active trips,0,[],0,[],6663,1
502-H JHMS-HJLC,No active trips,0,[],0,[],7961,0
502-H JHMS-HJLC,No active trips,0,[],0,[],7961,1
CHAKRA-2A,No active trips,0,[],0,[],8701,0
MF-23A,No active trips,0,[],0,[],4301,0
MF-30,No active trips,0,[],0,[],6878,0
MF-31,No active trips,0,[],0,[],6879,0
MF-23E,No active trips,0,[],0,[],6660,0
MF-23E,No active trips,0,[],0,[],6660,1
JHMS-PSS,No active trips,0,[],0,[],7296,0
MF-25 TPH-JHMS,No active trips,0,[],0,[],7833,0
MF-25 TPH-JHMS,No active trips,0,[],0,[],7833,1
MF-23B VNS-JHCMS,No active trips,0,[],0,[],6955,0
MF-23B VNS-JHCMS,No active trips,0,[],0,[],6955,1
MF-23B,No active trips,0,[],0,[],6558,0
MF-23B,No active trips,0,[],0,[],6558,1
401-BJ,No active trips,0,[],0,[],3092,0
401-BJ,No active trips,0,[],0,[],3092,1
410-K,No active trips,0,[],0,[],2523,0
410-K,No active trips,0,[],0,[],2523,1
410-FC JHC-GGP-CLO,No active trips,0,[],0,[],7346,0
410-K JJHC-CDSN,No active trips,0,[],0,[],7348,0
248 JHC-DPJN,No active trips,0,[],0,[],8018,0
D09G-JHC,No active trips,0,[],0,[],8017,0
D09G-JHC,No active trips,0,[],0,[],8017,1
515 JHC-KGR-D12G,No active trips,0,[],0,[],8257,0
D22G-JHC,No active trips,0,[],0,[],8356,0
D22G-JHC,No active trips,0,[],0,[],8356,1
D45G-CKB-JHC,No active trips,0,[],0,[],6723,0
250-DA,No active trips,0,[],0,[],4696,0
CHAKRA-2,No active trips,0,[],0,[],8700,0
MF-23,No active trips,0,[],0,[],4127,0
MF-23C,No active trips,0,[],0,[],8840,0
MF-23D,No active trips,0,[],0,[],8841,0
248,No active trips,0,[],0,[],1387,0
248,No active trips,0,[],0,[],1387,1
500-QG,No active trips,0,[],0,[],5610,0
500-QG,No active trips,0,[],0,[],5610,1
273-C,No active trips,0,[],0,[],2566,0
273-C,No active trips,0,[],0,[],2566,1
273-H KBS-VSD-JHC,No active trips,0,[],0,[],4818,1
502-F,No active trips,0,[],0,[],2501,0
502-F,No active trips,0,[],0,[],2501,1
515,No active trips,0,[],0,[],3020,0
515,No active trips,0,[],0,[],3020,1
515-A,No active trips,0,[],0,[],8084,0
515-A,No active trips,0,[],0,[],8084,1
248-G,No active trips,0,[],0,[],4692,0
248-G,No active trips,0,[],0,[],4692,1
410-FC NLS-JHC,No active trips,0,[],0,[],8464,0
410-FC NLS-JHC,No active trips,0,[],0,[],8464,1
MF-26 PSS-JHMS,No active trips,0,[],0,[],3935,0
MF-26 PSS-JHMS,No active trips,0,[],0,[],3935,1
410-AB SGH-JHC,No active trips,0,[],0,[],8816,0
410-AB SGH-JHC,No active trips,0,[],0,[],8816,1
MF-23B YBS-BEL-JHC,No active trips,0,[],0,[],8641,0
MF-23B YBS-BEL-JHC,No active trips,0,[],0,[],8641,1
2KVP-JHE,No active trips,0,[],0,[],4767,0
2KVP-JHE,No active trips,0,[],0,[],4767,1
MF-15 BSK-JSD,No active trips,0,[],0,[],7360,0
MF-15 BSK-JSD,No active trips,0,[],0,[],7360,1
362 BMH-BGR-JSD,No active trips,0,[],0,[],7764,0
362 BMH-BGR-JSD,No active trips,0,[],0,[],7764,1
D34-JSD,No active trips,0,[],0,[],7530,0
D34-JSD,No active trips,0,[],0,[],7530,1
MF-15,No active trips,0,[],0,[],7614,0
MF-15,No active trips,0,[],0,[],7614,1
215-CA,No active trips,0,[],0,[],4440,0
215-CA,No active trips,0,[],0,[],4440,1
215-CA JMS-JSD,No active trips,0,[],0,[],2351,0
215-CA JMS-JSD,No active trips,0,[],0,[],2351,1
215-C,No active trips,0,[],0,[],2332,0
215-C,No active trips,0,[],0,[],2332,1
215-H,No active trips,0,[],0,[],1821,0
215-H,No active trips,0,[],0,[],1821,1
215-S,No active trips,0,[],0,[],6339,0
215-S,No active trips,0,[],0,[],6339,1
215-S SJBS-JSD,No active trips,0,[],0,[],8524,0
215-S SJBS-JSD,No active trips,0,[],0,[],8524,1
369-N JSD-GTG-YLH,No active trips,0,[],0,[],7533,0
369-N JSD-GTG-YLH,No active trips,0,[],0,[],7533,1
271-T D45-JGA,No active trips,0,[],0,[],4308,0
271-T D45-JGA,No active trips,0,[],0,[],4308,1
271-T,No active trips,0,[],0,[],4304,0
271-T,No active trips,0,[],0,[],4304,1
271-T SNBS-JGA,No active trips,0,[],0,[],5765,0
271-T SNBS-JGA,No active trips,0,[],0,[],5765,1
D35G-JPT,No active trips,0,[],0,[],5827,0
D35G-JPT,No active trips,0,[],0,[],5827,1
G-7,No active trips,0,[],0,[],1706,0
G-7,No active trips,0,[],0,[],1706,1
V-G7,No active trips,0,[],0,[],2157,0
V-G7,No active trips,0,[],0,[],2157,1
227-R,No active trips,0,[],0,[],1371,0
227-R,No active trips,0,[],0,[],1371,1
227-G KMT-JMP,No active trips,0,[],0,[],3966,1
329-B,No active trips,0,[],0,[],3474,0
329-B,No active trips,0,[],0,[],3474,1
342-P,No active trips,0,[],0,[],8674,0
342-P KMT-GNGP-JGH,No active trips,0,[],0,[],8909,0
342-P KMT-GNGP-JGH,No active trips,0,[],0,[],8909,1
323-AB,No active trips,0,[],0,[],3328,0
323-AB,No active trips,0,[],0,[],3328,1
306-MA D24G-JYM,No active trips,0,[],0,[],3024,0
306-MA,No active trips,0,[],0,[],3052,0
375 JBS-BEML5,No active trips,0,[],0,[],5352,0
364-B CCDV-JBS,No active trips,0,[],0,[],8332,0
375-H,No active trips,0,[],0,[],1974,0
375-H,No active trips,0,[],0,[],1974,1
170,No active trips,0,[],0,[],7472,0
170,No active trips,0,[],0,[],7472,1
215-C D34G-JNMS,No active trips,0,[],0,[],4473,0
215-C D34G-JNMS,No active trips,0,[],0,[],4473,1
215-CA D44-JNMS,No active trips,0,[],0,[],4381,0
215-CA D44-JNMS,No active trips,0,[],0,[],4381,1
365 KBS-JRML,No active trips,0,[],0,[],4454,0
365 KBS-JRML,No active trips,0,[],0,[],4454,1
284-KA,No active trips,0,[],0,[],1295,0
284-KA,No active trips,0,[],0,[],1295,1
284-KA KBS-VSD-JSNL,No active trips,0,[],0,[],1297,1
PTH-JSNL,No active trips,0,[],0,[],1308,0
PTH-JSNL,No active trips,0,[],0,[],1308,1
126,No active trips,0,[],0,[],1758,0
126,No active trips,0,[],0,[],1758,1
127,No active trips,0,[],0,[],1249,0
127,No active trips,0,[],0,[],1249,1
201-G,No active trips,0,[],0,[],1787,0
201-G,No active trips,0,[],0,[],1787,1
201-Q,No active trips,0,[],0,[],1741,0
201-Q,No active trips,0,[],0,[],1741,1
138 D6G-JBN,No active trips,0,[],0,[],1742,0
138 D6G-JBN,No active trips,0,[],0,[],1742,1
139 D6G-HLS-JBN,No active trips,0,[],0,[],6759,0
138 JBN-HALNP,No active trips,0,[],0,[],8944,0
138,No active trips,0,[],0,[],1738,0
138,No active trips,0,[],0,[],1738,1
138 KBS-VSD-JBN,No active trips,0,[],0,[],1740,1
201-G SGH-JBN,No active trips,0,[],0,[],7302,1
139,No active trips,0,[],0,[],1739,0
139,No active trips,0,[],0,[],1739,1
600-FC,No active trips,0,[],0,[],2710,0
600-FC,No active trips,0,[],0,[],2710,1
D27-JAPC,No active trips,0,[],0,[],2795,0
D27-JAPC,No active trips,0,[],0,[],2795,1
D34G-JSD-JAPC,No active trips,0,[],0,[],7671,0
D34G-JSD-JAPC,No active trips,0,[],0,[],7671,1
BC-3A D38G-JAPC,No active trips,0,[],0,[],8426,0
BC-3A D38G-JAPC,No active trips,0,[],0,[],8426,1
366-E,No active trips,0,[],0,[],2257,0
365-J,No active trips,0,[],0,[],1070,0
365-J,No active trips,0,[],0,[],1070,1
KIA-14A,No active trips,0,[],0,[],8612,0
KIA-14A,No active trips,0,[],0,[],8612,1
378-A,No active trips,0,[],0,[],4079,0
378-A,No active trips,0,[],0,[],4079,1
344-J KRMBS-JAPC,No active trips,0,[],0,[],8540,0
344-J KRMBS-JAPC,No active trips,0,[],0,[],8540,1
365J-JAPC-JNN,No active trips,0,[],0,[],7602,0
353-C,No active trips,0,[],0,[],4938,0
365-H D34G-JDLF,No active trips,0,[],0,[],7998,0
365-H D34G-JDLF,No active trips,0,[],0,[],7998,1
365-H,No active trips,0,[],0,[],8000,0
365-H,No active trips,0,[],0,[],8000,1
365-JA,No active trips,0,[],0,[],7999,0
365-JA,No active trips,0,[],0,[],7999,1
285-CA,No active trips,0,[],0,[],2045,0
285-CA,No active trips,0,[],0,[],2045,1
317-T,No active trips,0,[],0,[],3245,1
222-N JBWH-D12G,No active trips,0,[],0,[],1279,0
222-N,No active trips,0,[],0,[],1145,0
222-N,No active trips,0,[],0,[],1145,1
225-C BEML5-JNKLO,No active trips,0,[],0,[],5399,0
225-C BEML5-JNKLO,No active trips,0,[],0,[],5399,1
225-C BEML5-JNSVS,No active trips,0,[],0,[],6429,0
225-C BEML5-JNSVS,No active trips,0,[],0,[],6429,1
234-E UST-JNSVS,No active trips,0,[],0,[],6431,0
234-E UST-JNSVS,No active trips,0,[],0,[],6431,1
242-B KBS-JSN,No active trips,0,[],0,[],1730,0
242-B KBS-JSN,No active trips,0,[],0,[],1730,1
258-WA,No active trips,0,[],0,[],2069,0
258-WA,No active trips,0,[],0,[],2069,1
242-R,No active trips,0,[],0,[],2734,0
242-R,No active trips,0,[],0,[],2734,1
284-C JLO 26M-VSD-CORP-KBS,No active trips,0,[],0,[],9002,0
211UB,No active trips,0,[],0,[],1889,0
284-C JLO-ALSLK-KBS,No active trips,0,[],0,[],9003,0
284-C JLOW-VSD-KBS,No active trips,0,[],0,[],4546,0
284-C KBS-JLOW,No active trips,0,[],0,[],4543,0
284-C KBS-JLOW,No active trips,0,[],0,[],4543,1
PTH-JLOW,No active trips,0,[],0,[],1328,0
PTH-JLOW,No active trips,0,[],0,[],1328,1
402-D JLOW-VSD-SBS,No active trips,0,[],0,[],1330,0
284-C CVB-JDLO,No active trips,0,[],0,[],2451,0
284-C,No active trips,0,[],0,[],2441,0
284-C,No active trips,0,[],0,[],2441,1
D42G-JRB,No active trips,0,[],0,[],8389,0
342-A KMT-JRB,No active trips,0,[],0,[],8388,1
285-JC,No active trips,0,[],0,[],2067,0
285-JC,No active trips,0,[],0,[],2067,1
318,No active trips,0,[],0,[],3264,0
318,No active trips,0,[],0,[],3264,1
318 KBS-JTP,No active trips,0,[],0,[],3266,0
318 KBS-JTP,No active trips,0,[],0,[],3266,1
302-K,No active trips,0,[],0,[],7353,0
302-K,No active trips,0,[],0,[],7353,1
286-F D48G-KNP,No active trips,0,[],0,[],4729,0
286-F D48G-KNP,No active trips,0,[],0,[],4729,1
293-C,No active trips,0,[],0,[],4764,0
293-C,No active trips,0,[],0,[],4764,1
286-F,No active trips,0,[],0,[],3918,0
286-F,No active trips,0,[],0,[],3918,1
286-F KBS-VSD-KNP,No active trips,0,[],0,[],6267,1
292-C,No active trips,0,[],0,[],2840,0
292-C,No active trips,0,[],0,[],2840,1
286-K,No active trips,0,[],0,[],3923,0
286-K,No active trips,0,[],0,[],3923,1
293-N,No active trips,0,[],0,[],5047,0
293-N,No active trips,0,[],0,[],5047,1
247,No active trips,0,[],0,[],3892,0
247,No active trips,0,[],0,[],3892,1
KBS-KPTCL,No active trips,0,[],0,[],8298,0
KBS-KPTCL,No active trips,0,[],0,[],8298,1
BC-7B 8thM-KMT,No active trips,0,[],0,[],6968,0
347-K,No active trips,0,[],0,[],3569,0
347-K,No active trips,0,[],0,[],3569,1
215-B,No active trips,0,[],0,[],8790,0
215-B,No active trips,0,[],0,[],8790,1
KMT-MMI-BSK,No active trips,0,[],0,[],1116,0
KMT-BSKL,No active trips,0,[],0,[],8895,0
226-C BNKP-KMT,No active trips,0,[],0,[],1471,0
226-C BNKP-KMT,No active trips,0,[],0,[],1471,1
227,No active trips,0,[],0,[],7881,1
347-C KMT-CKBR,No active trips,0,[],0,[],3552,0
347-C KMT-CKBR,No active trips,0,[],0,[],3552,1
248 D09G-KMT,No active trips,0,[],0,[],8308,0
248 D09G-KMT,No active trips,0,[],0,[],8308,1
77 KMT-D31G,No active trips,0,[],0,[],6655,0
215 D34G-KKC-KMT,No active trips,0,[],0,[],2357,0
215 D34G-KKC-KMT,No active trips,0,[],0,[],2357,1
215-C D34G-KMT,No active trips,0,[],0,[],1823,0
215-C D34G-KMT,No active trips,0,[],0,[],1823,1
366-N D34G-KMT,No active trips,0,[],0,[],7592,0
366-N D34G-KMT,No active trips,0,[],0,[],7592,1
D34G-EAST-KMT,No active trips,0,[],0,[],8434,0
242 D35G-KMT,No active trips,0,[],0,[],1112,0
242 D35G-KMT,No active trips,0,[],0,[],1112,1
342-A D42G-KMT,No active trips,0,[],0,[],7448,1
342-Q KMT-D42G,No active trips,0,[],0,[],3097,0
342-Q KMT-D42G,No active trips,0,[],0,[],3097,1
240-J DML-CML-KMT,No active trips,0,[],0,[],8306,0
226-VC,No active trips,0,[],0,[],8065,0
59-D,No active trips,0,[],0,[],5370,0
59-D,No active trips,0,[],0,[],5370,1
210-CA KMT-GBL,No active trips,0,[],0,[],8645,0
210-CA KMT-GBL,No active trips,0,[],0,[],8645,1
341-A,No active trips,0,[],0,[],3147,0
341-A,No active trips,0,[],0,[],3147,1
342-A KMT HRH,No active trips,0,[],0,[],3197,0
342-A KMT HRH,No active trips,0,[],0,[],3197,1
348-C KMT-HSPK,No active trips,0,[],0,[],3597,1
77-F,No active trips,0,[],0,[],8184,0
77-F,No active trips,0,[],0,[],8184,1
248 KMT-D22G-JHC,No active trips,0,[],0,[],8177,0
225-B KMT-JNSVS,No active trips,0,[],0,[],8132,0
225-B KMT-JNSVS,No active trips,0,[],0,[],8132,1
212-B KMT-KRH,No active trips,0,[],0,[],7766,1
341-C,No active trips,0,[],0,[],3162,0
341-C,No active trips,0,[],0,[],3162,1
342-Q,No active trips,0,[],0,[],3094,0
342-Q,No active trips,0,[],0,[],3094,1
230-C KMT-BBC-KBDA,No active trips,0,[],0,[],8837,0
KMT-LMG-KRMTTMC,No active trips,0,[],0,[],3151,0
KMT-LMG-KRMTTMC,No active trips,0,[],0,[],3151,1
KMT-STJH-KRMTTMC,No active trips,0,[],0,[],3166,0
KMT-STJH-KRMTTMC,No active trips,0,[],0,[],3166,1
366-T KMT-HRGS-LGP,No active trips,0,[],0,[],9006,0
366-T KMT-HRGS-LGP,No active trips,0,[],0,[],9006,1
341-B PESK-KMT,No active trips,0,[],0,[],8774,0
341-B PESK-KMT,No active trips,0,[],0,[],8774,1
251E PSS-KMT,No active trips,0,[],0,[],6979,0
251E PSS-KMT,No active trips,0,[],0,[],6979,1
210 PPLO-KMT,No active trips,0,[],0,[],3891,0
210 PPLO-KMT,No active trips,0,[],0,[],3891,1
366-NA,No active trips,0,[],0,[],8838,0
366-NA,No active trips,0,[],0,[],8838,1
220-F KMT-PSW,No active trips,0,[],0,[],8346,1
SNBS-LBGM-KMT,No active trips,0,[],0,[],1064,0
SNBS-LBGM-KMT,No active trips,0,[],0,[],1064,1
340-K,No active trips,0,[],0,[],3088,0
340-K,No active trips,0,[],0,[],3088,1
211-A VLS-BSK-KMT,No active trips,0,[],0,[],5670,0
211-A VLS-BSK-KMT,No active trips,0,[],0,[],5670,1
291-JA,No active trips,0,[],0,[],3793,0
291-JA,No active trips,0,[],0,[],3793,1
315 ARMY-KMT,No active trips,0,[],0,[],5652,0
315 ARMY-KMT,No active trips,0,[],0,[],5652,1
15E-KMT-BSK,No active trips,0,[],0,[],7542,0
323 D41G-HAL-KMT,No active trips,0,[],0,[],3315,0
323 D41G-HAL-KMT,No active trips,0,[],0,[],3315,1
266 D45G-MSP-KMT,No active trips,0,[],0,[],2610,0
266 D45G-MSP-KMT,No active trips,0,[],0,[],2610,1
288 D45-TDL-KMT,No active trips,0,[],0,[],6620,0
288 D45-TDL-KMT,No active trips,0,[],0,[],6620,1
293-SA D52G-KMT,No active trips,0,[],0,[],7825,0
293-SA D52G-KMT,No active trips,0,[],0,[],7825,1
299-E KMT-GDH,No active trips,0,[],0,[],7712,0
304-Q,No active trips,0,[],0,[],2404,0
304-Q,No active trips,0,[],0,[],2404,1
279-A HBL-VSD-KMT,No active trips,0,[],0,[],7701,0
305-J HSKTTMC-KMT,No active trips,0,[],0,[],7937,1
308 KMS-KMT,No active trips,0,[],0,[],2904,0
308 KMS-KMT,No active trips,0,[],0,[],2904,1
298-C KMT-AGO-KLP,No active trips,0,[],0,[],6271,0
271-N,No active trips,0,[],0,[],8535,0
271-N,No active trips,0,[],0,[],8535,1
319 MDR-KDG-KMT,No active trips,0,[],0,[],8206,0
293-K KMT-ANKC-SBS-MYH,No active trips,0,[],0,[],6994,0
285-MA KMT-CVB-PTML,No active trips,0,[],0,[],7187,0
252 PSS-KMT,No active trips,0,[],0,[],2764,1
210-NP PPLO-KMT,No active trips,0,[],0,[],3401,0
290-E PTH-KMT,No active trips,0,[],0,[],1547,0
290-E PTH-KMT,No active trips,0,[],0,[],1547,1
G-10 PTH-KMT,No active trips,0,[],0,[],6600,0
G-10 PTH-KMT,No active trips,0,[],0,[],6600,1
285-B,No active trips,0,[],0,[],1333,0
285-B,No active trips,0,[],0,[],1333,1
SBNS-KMT,No active trips,0,[],0,[],2899,0
SBNS-KMT,No active trips,0,[],0,[],2899,1
SNBS-CORP-KMT,No active trips,0,[],0,[],1036,0
SNBS-CORP-KMT,No active trips,0,[],0,[],1036,1
150,No active trips,0,[],0,[],998,0
150,No active trips,0,[],0,[],998,1
285-JB,No active trips,0,[],0,[],2066,0
285-JB,No active trips,0,[],0,[],2066,1
D24-KRPE,No active trips,0,[],0,[],6895,1
507-D,No active trips,0,[],0,[],2967,0
507-D,No active trips,0,[],0,[],2967,1
300-E ADMC-KRPGH,No active trips,0,[],0,[],7281,0
300-E ADMC-KRPGH,No active trips,0,[],0,[],7281,1
300-E ARMY-SBS-KRPGH,No active trips,0,[],0,[],7280,0
293-Y,No active trips,0,[],0,[],8024,0
293-Y,No active trips,0,[],0,[],8024,1
293-YA,No active trips,0,[],0,[],8025,0
293-YA,No active trips,0,[],0,[],8025,1
410-FC BSK-NBC-RMN-KRPGH,No active trips,0,[],0,[],8977,0
500-L BSK-KRPGH,No active trips,0,[],0,[],2482,0
500-L BSK-KRPGH,No active trips,0,[],0,[],2482,1
500-L BSK-TNF-KRPGH,No active trips,0,[],0,[],6469,0
500-L BSK-TNF-KRPGH,No active trips,0,[],0,[],6469,1
500-C,No active trips,0,[],0,[],1713,0
500-C,No active trips,0,[],0,[],1713,1
500-Q D10G-TNF-KRPGH,No active trips,0,[],0,[],6458,0
500-Q D10G-TNF-KRPGH,No active trips,0,[],0,[],6458,1
507 D10G-RMN-KRPGH,No active trips,0,[],0,[],7990,1
507-DY D10G-KRPGH,No active trips,0,[],0,[],5852,0
D24G-KRPGH,No active trips,0,[],0,[],2751,1
D24G-KRPGH1,No active trips,0,[],0,[],5420,0
D24G-KRPGH1,No active trips,0,[],0,[],5420,1
D24-KRPGH,No active trips,0,[],0,[],2684,0
D24-KRPGH,No active trips,0,[],0,[],2684,1
D29-KRPGH,No active trips,0,[],0,[],2271,0
D29-KRPGH,No active trips,0,[],0,[],2271,1
507-C D45G-KRP,No active trips,0,[],0,[],3440,1
507-C,No active trips,0,[],0,[],3433,0
507-C,No active trips,0,[],0,[],3433,1
502-C GGP-KRPGH,No active trips,0,[],0,[],2844,1
502-CA,No active trips,0,[],0,[],8107,0
502-CA,No active trips,0,[],0,[],8107,1
400-A,No active trips,0,[],0,[],3948,0
400-A,No active trips,0,[],0,[],3948,1
500-QP,No active trips,0,[],0,[],1728,0
500-QP,No active trips,0,[],0,[],1728,1
502-D JGF-SMH-GGP-KRPGH,No active trips,0,[],0,[],5244,0
300-HA,No active trips,0,[],0,[],2716,0
300-HA,No active trips,0,[],0,[],2716,1
KMT-TNF-KRPGH,No active trips,0,[],0,[],7204,0
KMT-TNF-KRPGH,No active trips,0,[],0,[],7204,1
MF-11 KRPGH-TNF-KDGM,No active trips,0,[],0,[],7419,0
507 D23G-KPRGH,No active trips,0,[],0,[],4086,0
300-C,No active trips,0,[],0,[],2683,0
300-H,No active trips,0,[],0,[],1757,0
300-H,No active trips,0,[],0,[],1757,1
315,No active trips,0,[],0,[],7752,0
315,No active trips,0,[],0,[],7752,1
315-MF,No active trips,0,[],0,[],3164,0
315-MF,No active trips,0,[],0,[],3164,1
317 KVUL-TNF-KRPGH,No active trips,0,[],0,[],7381,1
502-L,No active trips,0,[],0,[],3364,0
502-L,No active trips,0,[],0,[],3364,1
500-QG PSB-GGP-KRP,No active trips,0,[],0,[],4117,1
500-QG PTH-HBL-KRPGH,No active trips,0,[],0,[],6216,1
500CH SJR-KRP,No active trips,0,[],0,[],7786,0
500CH SJR-KRP,No active trips,0,[],0,[],7786,1
315 SNBS-KRPGH,No active trips,0,[],0,[],2421,0
315 SNBS-KRPGH,No active trips,0,[],0,[],2421,1
300-E,No active trips,0,[],0,[],2254,0
300-E,No active trips,0,[],0,[],2254,1
301-E SBS-TCP-KRPGH,No active trips,0,[],0,[],2788,0
301-E SBS-TCP-KRPGH,No active trips,0,[],0,[],2788,1
300-E KRPGH-SMVR,No active trips,0,[],0,[],7028,0
310 SMVR-KRPGH,No active trips,0,[],0,[],3992,0
500-Q VNS-TNF-KRPGH,No active trips,0,[],0,[],5512,0
500-Q VNS-TNF-KRPGH,No active trips,0,[],0,[],5512,1
507-DY,No active trips,0,[],0,[],2590,0
507-DY,No active trips,0,[],0,[],2590,1
500-BA YTTMC-MTK-KRPGH,No active trips,0,[],0,[],2701,0
500-BA YTTMC-MTK-KRPGH,No active trips,0,[],0,[],2701,1
500-QA YTTMC-GGP-KRPGH,No active trips,0,[],0,[],6279,1
D24-KRPM,No active trips,0,[],0,[],3882,1
D29-KRPM,No active trips,0,[],0,[],6846,0
310,No active trips,0,[],0,[],2820,0
310,No active trips,0,[],0,[],2820,1
V-MF1C BSK-KRPMS,No active trips,0,[],0,[],6741,0
V-MF1C,No active trips,0,[],0,[],6575,0
V-MF1C,No active trips,0,[],0,[],6575,1
500-QA,No active trips,0,[],0,[],6281,0
500-QA,No active trips,0,[],0,[],6281,1
500CD SJP-KRPMS,No active trips,0,[],0,[],8925,0
500CD SJP-KRPMS,No active trips,0,[],0,[],8925,1
V-MF1D,No active trips,0,[],0,[],8518,0
V-MF1D,No active trips,0,[],0,[],8518,1
502-CT YTTMC-GGP-KRPMS,No active trips,0,[],0,[],2874,0
502-CT YTTMC-GGP-KRPMS,No active trips,0,[],0,[],2874,1
500-QB,No active trips,0,[],0,[],4577,0
500-QB,No active trips,0,[],0,[],4577,1
507-A,No active trips,0,[],0,[],3422,0
507-A,No active trips,0,[],0,[],3422,1
501-L,No active trips,0,[],0,[],2281,0
501-L,No active trips,0,[],0,[],2281,1
501-CH KMG-KRPRS,No active trips,0,[],0,[],3258,0
500-LA,No active trips,0,[],0,[],2872,0
500-LA,No active trips,0,[],0,[],2872,1
507-E,No active trips,0,[],0,[],4518,0
507-E,No active trips,0,[],0,[],4518,1
317-J,No active trips,0,[],0,[],4062,0
317-J,No active trips,0,[],0,[],4062,1
317-J KCH-HSK-VRKD,No active trips,0,[],0,[],7877,0
317-J KCH-HSK-VRKD,No active trips,0,[],0,[],7877,1
BC-7K,No active trips,0,[],0,[],6553,0
BC-7K,No active trips,0,[],0,[],6553,1
240-C D35G-KCH,No active trips,0,[],0,[],1862,0
240-C D35G-KCH,No active trips,0,[],0,[],1862,1
240-C,No active trips,0,[],0,[],1861,0
240-C,No active trips,0,[],0,[],1861,1
240-R,No active trips,0,[],0,[],1893,0
240-R,No active trips,0,[],0,[],1893,1
293-B,No active trips,0,[],0,[],5019,0
293-B,No active trips,0,[],0,[],5019,1
342-X,No active trips,0,[],0,[],2083,0
342-X,No active trips,0,[],0,[],2083,1
293-B SBS-KAH,No active trips,0,[],0,[],5023,0
MF-51 DSP-KDBC,No active trips,0,[],0,[],8055,0
MF-51 DSP-KDBC,No active trips,0,[],0,[],8055,1
BC-7A,No active trips,0,[],0,[],1708,0
BC-7A,No active trips,0,[],0,[],1708,1
MF-51,No active trips,0,[],0,[],8054,0
MF-51,No active trips,0,[],0,[],8054,1
245-C D35G-KDBG,No active trips,0,[],0,[],3575,0
245-C D35G-KDBG,No active trips,0,[],0,[],3575,1
245-C,No active trips,0,[],0,[],3570,0
245-C,No active trips,0,[],0,[],3570,1
245-GA,No active trips,0,[],0,[],3645,0
245-GA,No active trips,0,[],0,[],3645,1
289-K,No active trips,0,[],0,[],4990,0
289-K,No active trips,0,[],0,[],4990,1
289-B YHK-KDYPH,No active trips,0,[],0,[],4496,0
289-B YHK-KDYPH,No active trips,0,[],0,[],4496,1
263-C D43G-KDH,No active trips,0,[],0,[],7922,1
263-C,No active trips,0,[],0,[],3564,0
263-C,No active trips,0,[],0,[],3564,1
214-L,No active trips,0,[],0,[],1950,0
214-L,No active trips,0,[],0,[],1950,1
D51G-KDGB,No active trips,0,[],0,[],7800,0
D51G-KDGB,No active trips,0,[],0,[],7800,1
326-C,No active trips,0,[],0,[],3382,0
326-C,No active trips,0,[],0,[],3382,1
319 SVM-KDGB,No active trips,0,[],0,[],7801,0
319 SVM-KDGB,No active trips,0,[],0,[],7801,1
399 ABS-DMSC-KDG,No active trips,0,[],0,[],4552,0
399 ABS-DMSC-KDG,No active trips,0,[],0,[],4552,1
328-H ATB-KDG,No active trips,0,[],0,[],7819,0
328-H ATB-KDG,No active trips,0,[],0,[],7819,1
328-HK,No active trips,0,[],0,[],5285,0
328-HK,No active trips,0,[],0,[],5285,1
V-500QK,No active trips,0,[],0,[],5506,0
V-500QK,No active trips,0,[],0,[],5506,1
KBS-1K BEML-HAL-KDG,No active trips,0,[],0,[],7761,0
KBS-1K BEML-HAL-KDG,No active trips,0,[],0,[],7761,1
500-CK,No active trips,0,[],0,[],1021,0
500-CK,No active trips,0,[],0,[],1021,1
V-500CK,No active trips,0,[],0,[],1696,0
V-500CK,No active trips,0,[],0,[],1696,1
500-QK BBD-KDG,No active trips,0,[],0,[],5484,0
500-QK BBD-KDG,No active trips,0,[],0,[],5484,1
500-F,No active trips,0,[],0,[],1024,0
500-F,No active trips,0,[],0,[],1024,1
500-FB,No active trips,0,[],0,[],2814,0
500-FB,No active trips,0,[],0,[],2814,1
V-500F,No active trips,0,[],0,[],2261,0
V-500F,No active trips,0,[],0,[],2261,1
399-A CPR-KDG,No active trips,0,[],0,[],6240,0
399-A CPR-KDG,No active trips,0,[],0,[],6240,1
KBS-1I D06G-LIDO-KDG,No active trips,0,[],0,[],7660,1
319 D24G-KDG,No active trips,0,[],0,[],3074,0
319 D24G-KDG,No active trips,0,[],0,[],3074,1
319-C D24G-KDG,No active trips,0,[],0,[],2810,1
335-G D31G-KDG,No active trips,0,[],0,[],8954,0
328-H D41G-KDG,No active trips,0,[],0,[],3188,0
328-H D41G-KDG,No active trips,0,[],0,[],3188,1
D51-KDG,No active trips,0,[],0,[],5907,0
D51-KDG,No active trips,0,[],0,[],5907,1
D51G-KDG,No active trips,0,[],0,[],5928,0
D51G-KDG,No active trips,0,[],0,[],5928,1
334-E DBS-KDG,No active trips,0,[],0,[],6478,0
334-E DBS-KDG,No active trips,0,[],0,[],6478,1
399 ELC-KDG,No active trips,0,[],0,[],3763,0
500-EB ELCW-WTF-KDG,No active trips,0,[],0,[],8661,0
500-EB ELCW-WTF-KDG,No active trips,0,[],0,[],8661,1
V-505 ELCW-KDG FLY,No active trips,0,[],0,[],8868,0
V-505 ELCW-KDG FLY,No active trips,0,[],0,[],8868,1
328-H HSS-KDG,No active trips,0,[],0,[],2479,0
319 KMT-KDG,No active trips,0,[],0,[],6772,0
319 KMT-KDG,No active trips,0,[],0,[],6772,1
326-E KMT-KDG,No active trips,0,[],0,[],8946,1
MF-3A,No active trips,0,[],0,[],6924,0
MF-4A,No active trips,0,[],0,[],6925,0
333-E,No active trips,0,[],0,[],992,0
333-E,No active trips,0,[],0,[],992,1
335-E,No active trips,0,[],0,[],1014,0
335-E,No active trips,0,[],0,[],1014,1
KBS-13K,No active trips,0,[],0,[],1724,0
KBS-13K,No active trips,0,[],0,[],1724,1
KBS-1I,No active trips,0,[],0,[],1019,0
KBS-1I,No active trips,0,[],0,[],1019,1
KBS-1K,No active trips,0,[],0,[],1023,0
KBS-1K,No active trips,0,[],0,[],1023,1
V-333E,No active trips,0,[],0,[],2248,0
V-335E,No active trips,0,[],0,[],1097,0
V-335E,No active trips,0,[],0,[],1097,1
V-500F KBS-CSB-KDG,No active trips,0,[],0,[],8887,0
335-E KDG-KVDRDO,No active trips,0,[],0,[],7196,0
V-500FA,No active trips,0,[],0,[],8343,0
V-500FA,No active trips,0,[],0,[],8343,1
MF-3,No active trips,0,[],0,[],6572,0
MF-3,No active trips,0,[],0,[],6572,1
MF-4,No active trips,0,[],0,[],6574,0
MF-4,No active trips,0,[],0,[],6574,1
507-B,No active trips,0,[],0,[],3430,0
507-B,No active trips,0,[],0,[],3430,1
335-E SNBS-KDG,No active trips,0,[],0,[],1031,1
331,No active trips,0,[],0,[],1016,0
331,No active trips,0,[],0,[],1016,1
SBS-13K,No active trips,0,[],0,[],5966,0
SBS-13K,No active trips,0,[],0,[],5966,1
SBS-1K,No active trips,0,[],0,[],1018,0
SBS-1K,No active trips,0,[],0,[],1018,1
V-331A,No active trips,0,[],0,[],6075,0
V-331A,No active trips,0,[],0,[],6075,1
319-E,No active trips,0,[],0,[],8014,0
319-E,No active trips,0,[],0,[],8014,1
V-500DE,No active trips,0,[],0,[],8620,0
MF-1K HSK-KDGMS,No active trips,0,[],0,[],7936,1
319 KRPGH-TNF-KDG,No active trips,0,[],0,[],7418,1
MF-11 KVUL-TNF-KDGMS,No active trips,0,[],0,[],7750,0
MF-11 KVUL-TNF-KDGMS,No active trips,0,[],0,[],7750,1
MF-10A,No active trips,0,[],0,[],8683,0
MF-10A,No active trips,0,[],0,[],8683,1
MF-1K MDR-KDGMS,No active trips,0,[],0,[],6398,0
MF-1K MDR-KDGMS,No active trips,0,[],0,[],6398,1
MF-10,No active trips,0,[],0,[],6981,0
MF-10,No active trips,0,[],0,[],6981,1
MF-11,No active trips,0,[],0,[],7171,0
MF-11,No active trips,0,[],0,[],7171,1
294-A,No active trips,0,[],0,[],4867,0
294-A,No active trips,0,[],0,[],4867,1
294-A SBS-KSHH,No active trips,0,[],0,[],4883,0
294-A SBS-KSHH,No active trips,0,[],0,[],4883,1
289-N,No active trips,0,[],0,[],4996,0
289-N,No active trips,0,[],0,[],4996,1
316-K,No active trips,0,[],0,[],3203,0
316-K,No active trips,0,[],0,[],3203,1
316-Q,No active trips,0,[],0,[],3210,0
316-Q,No active trips,0,[],0,[],3210,1
227-ZA KMT-KGLHL,No active trips,0,[],0,[],6975,0
227-ZA KMT-KGLHL,No active trips,0,[],0,[],6975,1
398-B ATB-KGP,No active trips,0,[],0,[],3647,0
211-AC,No active trips,0,[],0,[],4418,0
211-AC,No active trips,0,[],0,[],4418,1
398-B,No active trips,0,[],0,[],3636,0
398-B,No active trips,0,[],0,[],3636,1
398-B D27G-KGP,No active trips,0,[],0,[],8652,0
398-B D27G-KGP,No active trips,0,[],0,[],8652,1
229-D,No active trips,0,[],0,[],1429,0
229-D,No active trips,0,[],0,[],1429,1
349-M,No active trips,0,[],0,[],5195,0
349-M,No active trips,0,[],0,[],5195,1
371-A,No active trips,0,[],0,[],2487,0
371-A,No active trips,0,[],0,[],2487,1
229-D KBS-KGP,No active trips,0,[],0,[],8428,0
229-D KBS-KGP,No active trips,0,[],0,[],8428,1
371-D,No active trips,0,[],0,[],2494,0
371-D,No active trips,0,[],0,[],2494,1
KBS-5H SNBSTTMC-KGP,No active trips,0,[],0,[],4431,0
401-L,No active trips,0,[],0,[],3391,0
401-L,No active trips,0,[],0,[],3391,1
231-F,No active trips,0,[],0,[],1447,0
231-F,No active trips,0,[],0,[],1447,1
285-CB KKH-KBS,No active trips,0,[],0,[],4106,0
285-E,No active trips,0,[],0,[],2060,0
285-E,No active trips,0,[],0,[],2060,1
285-E KBS-KKLV,No active trips,0,[],0,[],7185,1
266-C D45G-KKL,No active trips,0,[],0,[],4160,0
266-C D45G-KKL,No active trips,0,[],0,[],4160,1
266-C KKL-KBS,No active trips,0,[],0,[],4162,0
36-F,No active trips,0,[],0,[],4452,0
36-F,No active trips,0,[],0,[],4452,1
301-A,No active trips,0,[],0,[],2799,0
301-A,No active trips,0,[],0,[],2799,1
KLK-NGWJN,No active trips,0,[],0,[],7631,0
301-B,No active trips,0,[],0,[],8481,0
301-B,No active trips,0,[],0,[],8481,1
304-E,No active trips,0,[],0,[],2415,0
304-E,No active trips,0,[],0,[],2415,1
304-J,No active trips,0,[],0,[],2418,0
304-J,No active trips,0,[],0,[],2418,1
253-F,No active trips,0,[],0,[],2532,1
242-ZB,No active trips,0,[],0,[],2908,0
242-ZB,No active trips,0,[],0,[],2908,1
242-ZD,No active trips,0,[],0,[],2920,0
242-ZD,No active trips,0,[],0,[],2920,1
D10G-KLN 302,No active trips,0,[],0,[],6562,0
D10G-KLN 302,No active trips,0,[],0,[],6562,1
302-D,No active trips,0,[],0,[],1258,0
302-D,No active trips,0,[],0,[],1258,1
302-B,No active trips,0,[],0,[],2892,0
302-B,No active trips,0,[],0,[],2892,1
302,No active trips,0,[],0,[],2587,0
302,No active trips,0,[],0,[],2587,1
KLN-BCC,No active trips,0,[],0,[],7495,0
412,No active trips,0,[],0,[],7581,0
412,No active trips,0,[],0,[],7581,1
293 KMT-KLN,No active trips,0,[],0,[],7021,0
293 KMT-KLN,No active trips,0,[],0,[],7021,1
293 KBS-LGP-KLN,No active trips,0,[],0,[],5645,0
293 KBS-LGP-KLN,No active trips,0,[],0,[],5645,1
301-C RMPC-KLN,No active trips,0,[],0,[],8783,0
293 SBS-LGP-KLN,No active trips,0,[],0,[],2696,0
293 SBS-LGP-KLN,No active trips,0,[],0,[],2696,1
302 KLN-SBS,No active trips,0,[],0,[],6211,0
302 SBS-KLN,No active trips,0,[],0,[],6442,0
293 KLN-SPHS,No active trips,0,[],0,[],7048,0
D23-KLN,No active trips,0,[],0,[],1717,0
D23-KLN,No active trips,0,[],0,[],1717,1
290-E KLN-RKH,No active trips,0,[],0,[],3933,0
290-E KLN-RKH,No active trips,0,[],0,[],3933,1
KLN-SBH,No active trips,0,[],0,[],7055,0
D13-KMK,No active trips,0,[],0,[],2101,0
D13-KMK,No active trips,0,[],0,[],2101,1
210-NA PPLO-KMK,No active trips,0,[],0,[],3896,0
D31G-KML,No active trips,0,[],0,[],4245,0
335-G,No active trips,0,[],0,[],2592,0
335-G,No active trips,0,[],0,[],2592,1
96-B,No active trips,0,[],0,[],1034,0
96-B,No active trips,0,[],0,[],1034,1
96-E,No active trips,0,[],0,[],4857,0
96-E,No active trips,0,[],0,[],4857,1
95,No active trips,0,[],0,[],1602,0
95,No active trips,0,[],0,[],1602,1
96-B BEMLK-YTTMC,No active trips,0,[],0,[],3944,0
96-B YTTMC-BEMLKN,No active trips,0,[],0,[],4850,0
96-B YTTMC-BEMLKN,No active trips,0,[],0,[],4850,1
96-E KMT-KNR,No active trips,0,[],0,[],4852,0
96-E KMT-KNR,No active trips,0,[],0,[],4852,1
323-M,No active trips,0,[],0,[],3352,0
323-M,No active trips,0,[],0,[],3352,1
317-N,No active trips,0,[],0,[],3238,0
317-N,No active trips,0,[],0,[],3238,1
360-D KMT-ATB-KMLP,No active trips,0,[],0,[],2706,0
360-D KMT-ATB-KMLP,No active trips,0,[],0,[],2706,1
BEML5-KMB,No active trips,0,[],0,[],2375,0
218-A,No active trips,0,[],0,[],2266,0
218-A,No active trips,0,[],0,[],2266,1
D47G-KMSD,No active trips,0,[],0,[],5419,0
D47G-KMSD,No active trips,0,[],0,[],5419,1
D47-KMS,No active trips,0,[],0,[],6845,0
D47-KMS,No active trips,0,[],0,[],6845,1
D47-KMSD,No active trips,0,[],0,[],2895,0
D47-KMSD,No active trips,0,[],0,[],2895,1
263,No active trips,0,[],0,[],2195,0
263,No active trips,0,[],0,[],2195,1
263-R KMT-KDRH-KMS,No active trips,0,[],0,[],6987,0
263-R KMT-KDRH-KMS,No active trips,0,[],0,[],6987,1
245-DA,No active trips,0,[],0,[],6635,0
245-DA,No active trips,0,[],0,[],6635,1
245-MA,No active trips,0,[],0,[],4393,0
245-MA,No active trips,0,[],0,[],4393,1
263 KBS-KMS,No active trips,0,[],0,[],6986,1
263-R,No active trips,0,[],0,[],3525,0
263-R,No active trips,0,[],0,[],3525,1
313-F KBS-KLK-KMS,No active trips,0,[],0,[],5538,1
308 SBS-KMS,No active trips,0,[],0,[],2901,0
263 VNC-KMS,No active trips,0,[],0,[],7885,0
263 VNC-KMS,No active trips,0,[],0,[],7885,1
MF-7 KLN-KNG,No active trips,0,[],0,[],5851,0
MF-7 KLN-KNG,No active trips,0,[],0,[],5851,1
V-EXP KNP-1,No active trips,0,[],0,[],8995,0
V-EXP KNP-1,No active trips,0,[],0,[],8995,1
285-ME,No active trips,0,[],0,[],2084,0
285-ME,No active trips,0,[],0,[],2084,1
253-G KMT-KNW,No active trips,0,[],0,[],2321,0
253-G KMT-KNW,No active trips,0,[],0,[],2321,1
285-RB,No active trips,0,[],0,[],2057,0
285-RB,No active trips,0,[],0,[],2057,1
248-Z KMT-KNW,No active trips,0,[],0,[],2323,1
253-G,No active trips,0,[],0,[],1554,0
253-G,No active trips,0,[],0,[],1554,1
285-RB KBS-KKL-KNW,No active trips,0,[],0,[],8850,0
285-RB KBS-KNW,No active trips,0,[],0,[],7188,1
248-Z,No active trips,0,[],0,[],2317,0
248-Z,No active trips,0,[],0,[],2317,1
374-NM,No active trips,0,[],0,[],8510,0
374-NM,No active trips,0,[],0,[],8510,1
253-C,No active trips,0,[],0,[],7762,0
253-C,No active trips,0,[],0,[],7762,1
258-P D43G-KGN,No active trips,0,[],0,[],7921,1
258-P,No active trips,0,[],0,[],2003,0
258-P,No active trips,0,[],0,[],2003,1
306-C,No active trips,0,[],0,[],2438,0
306-C,No active trips,0,[],0,[],2438,1
258-VD,No active trips,0,[],0,[],6067,0
238-VK CLO-KNL,No active trips,0,[],0,[],8829,0
241-P,No active trips,0,[],0,[],1955,0
241-P,No active trips,0,[],0,[],1955,1
238-VK,No active trips,0,[],0,[],8827,0
238-VK,No active trips,0,[],0,[],8827,1
238-VK SBS-KNL,No active trips,0,[],0,[],8830,0
238-VK SBS-KNL,No active trips,0,[],0,[],8830,1
258-TA,No active trips,0,[],0,[],2026,0
258-TA,No active trips,0,[],0,[],2026,1
MF-1K,No active trips,0,[],0,[],6391,0
MF-1K,No active trips,0,[],0,[],6391,1
317-P,No active trips,0,[],0,[],3239,0
317-P,No active trips,0,[],0,[],3239,1
317-D,No active trips,0,[],0,[],3227,0
317-D,No active trips,0,[],0,[],3227,1
280,No active trips,0,[],0,[],3580,0
280,No active trips,0,[],0,[],3580,1
280-E,No active trips,0,[],0,[],2607,1
290-KN,No active trips,0,[],0,[],3721,0
290-KN,No active trips,0,[],0,[],3721,1
296-Q,No active trips,0,[],0,[],4813,0
296-Q,No active trips,0,[],0,[],4813,1
266-Q,No active trips,0,[],0,[],2204,0
266-Q,No active trips,0,[],0,[],2204,1
242-TB D35G-KVH,No active trips,0,[],0,[],8651,0
242-TB,No active trips,0,[],0,[],2857,0
242-TB,No active trips,0,[],0,[],2857,1
226-N KRBL-BDD,No active trips,0,[],0,[],1284,0
224 D12-KRBL,No active trips,0,[],0,[],5694,1
224,No active trips,0,[],0,[],1204,0
224,No active trips,0,[],0,[],1204,1
224-C,No active trips,0,[],0,[],1206,0
224-C,No active trips,0,[],0,[],1206,1
298-MH,No active trips,0,[],0,[],5158,0
298-MH,No active trips,0,[],0,[],5158,1
242-JK,No active trips,0,[],0,[],2379,0
242-JK,No active trips,0,[],0,[],2379,1
211-E,No active trips,0,[],0,[],1851,0
211-E,No active trips,0,[],0,[],1851,1
226-K KMT-KRNHL,No active trips,0,[],0,[],1832,0
226-K KMT-KRNHL,No active trips,0,[],0,[],1832,1
210-W,No active trips,0,[],0,[],1255,0
210-W,No active trips,0,[],0,[],1255,1
251-M,No active trips,0,[],0,[],2509,0
251-M,No active trips,0,[],0,[],2509,1
251-M KLP-KBS,No active trips,0,[],0,[],2804,1
346-CK,No active trips,0,[],0,[],5452,0
346-CK,No active trips,0,[],0,[],5452,1
356-B,No active trips,0,[],0,[],4897,0
356-B,No active trips,0,[],0,[],4897,1
254-A,No active trips,0,[],0,[],2619,1
254-A KGT-KBS,No active trips,0,[],0,[],8728,0
365-EA,No active trips,0,[],0,[],1071,0
365-EA,No active trips,0,[],0,[],1071,1
226-Y,No active trips,0,[],0,[],1337,0
226-Y,No active trips,0,[],0,[],1337,1
381-E HSK-HSKH-KRMT,No active trips,0,[],0,[],7874,0
381-E HSK-HSKH-KRMT,No active trips,0,[],0,[],7874,1
381-F,No active trips,0,[],0,[],7823,0
381-F,No active trips,0,[],0,[],7823,1
317-KH,No active trips,0,[],0,[],7879,0
317-KH,No active trips,0,[],0,[],7879,1
381-E TNF-HSK-KRMT,No active trips,0,[],0,[],7873,0
381-E TNF-HSK-KRMT,No active trips,0,[],0,[],7873,1
323-N,No active trips,0,[],0,[],3356,0
323-N,No active trips,0,[],0,[],3356,1
211-Q,No active trips,0,[],0,[],1881,0
211-Q,No active trips,0,[],0,[],1881,1
317-YK HSK-KGH,No active trips,0,[],0,[],6381,0
305-N,No active trips,0,[],0,[],2994,0
305-N,No active trips,0,[],0,[],2994,1
317-YA,No active trips,0,[],0,[],3259,0
317-YA,No active trips,0,[],0,[],3259,1
305-K,No active trips,0,[],0,[],2977,0
305-K,No active trips,0,[],0,[],2977,1
258-T,No active trips,0,[],0,[],8291,0
258-T,No active trips,0,[],0,[],8291,1
316-J,No active trips,0,[],0,[],3200,0
316-J,No active trips,0,[],0,[],3200,1
176-E,No active trips,0,[],0,[],1768,0
176-E,No active trips,0,[],0,[],1768,1
KBR-BELF,No active trips,0,[],0,[],7938,0
176 CLO-KVB,No active trips,0,[],0,[],1571,1
290 CHLS-HBL-KVB,No active trips,0,[],0,[],4663,0
290 CHLS-HBL-KVB,No active trips,0,[],0,[],4663,1
111 CMS-KBR,No active trips,0,[],0,[],6306,1
112 CMS-KBR,No active trips,0,[],0,[],6307,0
112 CMS-KBR,No active trips,0,[],0,[],6307,1
176,No active trips,0,[],0,[],1567,0
176,No active trips,0,[],0,[],1567,1
279-E HBL-KBR,No active trips,0,[],0,[],8594,0
111,No active trips,0,[],0,[],1489,0
111,No active trips,0,[],0,[],1489,1
111-C,No active trips,0,[],0,[],1490,0
111-C,No active trips,0,[],0,[],1490,1
144-K,No active trips,0,[],0,[],1055,0
144-K,No active trips,0,[],0,[],1055,1
112,No active trips,0,[],0,[],1052,0
112,No active trips,0,[],0,[],1052,1
112-A,No active trips,0,[],0,[],1491,0
112-A,No active trips,0,[],0,[],1491,1
231-G,No active trips,0,[],0,[],1448,0
231-G,No active trips,0,[],0,[],1448,1
213-D,No active trips,0,[],0,[],1911,0
213-D,No active trips,0,[],0,[],1911,1
226-NA,No active trips,0,[],0,[],1246,0
226-NA,No active trips,0,[],0,[],1246,1
298-C,No active trips,0,[],0,[],5079,1
55-B,No active trips,0,[],0,[],3753,0
55-B,No active trips,0,[],0,[],3753,1
254-D DSP-KMBRH-KMP,No active trips,0,[],0,[],6763,1
336-A,No active trips,0,[],0,[],7650,0
336-A,No active trips,0,[],0,[],7650,1
254-D,No active trips,0,[],0,[],2621,0
254-D,No active trips,0,[],0,[],2621,1
254-E,No active trips,0,[],0,[],2622,0
254-E,No active trips,0,[],0,[],2622,1
KMP-KDG,No active trips,0,[],0,[],7652,0
254-D KBS-KMP,No active trips,0,[],0,[],3153,0
254-D KBS-KMP,No active trips,0,[],0,[],3153,1
254-E KBS-KMP,No active trips,0,[],0,[],7035,0
254-E KBS-KMP,No active trips,0,[],0,[],7035,1
254-E PSS-KMP,No active trips,0,[],0,[],3158,0
347-N,No active trips,0,[],0,[],3582,0
347-N,No active trips,0,[],0,[],3582,1
250-SA ASK-SDN-KBS,No active trips,0,[],0,[],7905,0
ARMY-SBS-KBS,No active trips,0,[],0,[],7239,0
ARMY-SBS-KBS,No active trips,0,[],0,[],7239,1
327-FA,No active trips,0,[],0,[],8897,0
327-FA,No active trips,0,[],0,[],8897,1
276 BELF-KBS,No active trips,0,[],0,[],6915,0
333 KBS-HALM-BEMLF,No active trips,0,[],0,[],8006,0
333 KBS-HALM-BEMLF,No active trips,0,[],0,[],8006,1
210-N BEML5TS-KBS,No active trips,0,[],0,[],6541,0
210-N BEML5TS-KBS,No active trips,0,[],0,[],6541,1
2 KBS-JPMS-BSK,No active trips,0,[],0,[],8765,1
347-H,No active trips,0,[],0,[],3567,0
347-H,No active trips,0,[],0,[],3567,1
298-M KBS-EHSR-BRS,No active trips,0,[],0,[],7350,0
298-M KBS-EHSR-BRS,No active trips,0,[],0,[],7350,1
KBS-BCGHS,No active trips,0,[],0,[],2671,1
KBS-CDS,No active trips,0,[],0,[],8399,0
KBS-CVB,No active trips,0,[],0,[],1190,0
36-A CLO-NDH-AVLH-KBS,No active trips,0,[],0,[],8351,0
36-A CLO-NDH-AVLH-KBS,No active trips,0,[],0,[],8351,1
347-C,No active trips,0,[],0,[],3550,0
347-C,No active trips,0,[],0,[],3550,1
KBS-CCC,No active trips,0,[],0,[],8042,0
KBS-DPJN,No active trips,0,[],0,[],1138,0
D7-KBS,No active trips,0,[],0,[],1099,0
D7-KBS,No active trips,0,[],0,[],1099,1
284 D14G-RTNPS-KBS,No active trips,0,[],0,[],4657,0
252 D22G-KBS,No active trips,0,[],0,[],8357,0
V-342F D25G-KBS,No active trips,0,[],0,[],2211,0
V-342F D25G-KBS,No active trips,0,[],0,[],2211,1
238-U D31G-KBS,No active trips,0,[],0,[],1486,0
242-B D31G-KBS,No active trips,0,[],0,[],1118,0
242-B D31G-KBS,No active trips,0,[],0,[],1118,1
80-A D31G-KBS,No active trips,0,[],0,[],4224,0
80-A D31G-KBS,No active trips,0,[],0,[],4224,1
D34G- PTH-KBS,No active trips,0,[],0,[],8439,0
256-B D43G-GJH-KBS,No active trips,0,[],0,[],8310,0
258-C KBS-D43G,No active trips,0,[],0,[],7894,0
271-C D45G-SGP-KBS,No active trips,0,[],0,[],8092,0
271-C D45G-SGP-KBS,No active trips,0,[],0,[],8092,1
276 D45G-VRP-KBS,No active trips,0,[],0,[],2107,0
276 D45G-VRP-KBS,No active trips,0,[],0,[],2107,1
288-H D45-TDL-KBS,No active trips,0,[],0,[],6576,0
288-H D45-TDL-KBS,No active trips,0,[],0,[],6576,1
D45G-MKC-RMG-VSD KBS,No active trips,0,[],0,[],7693,0
315-E D51-KBS,No active trips,0,[],0,[],8216,0
315-E D51-KBS,No active trips,0,[],0,[],8216,1
289-CB D52G-BLR-KBS,No active trips,0,[],0,[],7828,0
289-CB D52G-BLR-KBS,No active trips,0,[],0,[],7828,1
293-S D52G-KBS,No active trips,0,[],0,[],7824,0
293-S D52G-KBS,No active trips,0,[],0,[],7824,1
297-B,No active trips,0,[],0,[],4050,0
297-B,No active trips,0,[],0,[],4050,1
333-F KBS-MRHB-DDNK,No active trips,0,[],0,[],6097,0
285-MA -DBP-KBS,No active trips,0,[],0,[],4030,0
285-MA -DBP-KBS,No active trips,0,[],0,[],4030,1
285-JE DYVH-KBS,No active trips,0,[],0,[],4066,0
285-JE DYVH-KBS,No active trips,0,[],0,[],4066,1
250-S GBL-VSD-KBS,No active trips,0,[],0,[],2781,0
250-S GBL-VSD-KBS,No active trips,0,[],0,[],2781,1
210-CA,No active trips,0,[],0,[],8644,0
210-CA,No active trips,0,[],0,[],8644,1
286-F KBS-KNP-DGC,No active trips,0,[],0,[],8825,0
286-F KBS-KNP-DGC,No active trips,0,[],0,[],8825,1
349-A KBS-HDH,No active trips,0,[],0,[],8844,0
349-A KBS-HDH,No active trips,0,[],0,[],8844,1
V-HBLB-KBS,No active trips,0,[],0,[],7337,0
V-HBLB-KBS,No active trips,0,[],0,[],7337,1
253-J HGV-VSD-KBS,No active trips,0,[],0,[],3919,0
353-E KBS-HNK,No active trips,0,[],0,[],8160,0
347-L,No active trips,0,[],0,[],3574,0
347-L,No active trips,0,[],0,[],3574,1
348,No active trips,0,[],0,[],3587,0
348,No active trips,0,[],0,[],3587,1
297-A KBS-ISNH,No active trips,0,[],0,[],8982,1
258-MA JKNH-KBS,No active trips,0,[],0,[],3537,0
258-MA JKNH-KBS,No active trips,0,[],0,[],3537,1
365-JA KBS-VSD-JDLF,No active trips,0,[],0,[],8001,1
284-C JLO 26M-KBS,No active trips,0,[],0,[],7969,1
315 KRPGH-RMB-HLS LAKE-KBS,No active trips,0,[],0,[],7878,0
KRPGH-RMB-BMS-VSD-KBS,No active trips,0,[],0,[],5464,0
V-300H,No active trips,0,[],0,[],8871,0
V-300H,No active trips,0,[],0,[],8871,1
12 KBS-BSK-KDHC,No active trips,0,[],0,[],8973,1
253-F KBS-KLD,No active trips,0,[],0,[],3080,0
V-45G D13G-KBS,No active trips,0,[],0,[],8664,0
V-45G D13G-KBS,No active trips,0,[],0,[],8664,1
96-E BEMLK-VSD-KBS,No active trips,0,[],0,[],4868,0
308 KMS-KBS,No active trips,0,[],0,[],2893,0
308 KMS-KBS,No active trips,0,[],0,[],2893,1
253-G KBS-KNMG,No active trips,0,[],0,[],8853,0
253-G KBS-KNMG,No active trips,0,[],0,[],8853,1
264-A,No active trips,0,[],0,[],3604,0
265,No active trips,0,[],0,[],1607,0
265-A,No active trips,0,[],0,[],2191,0
82,No active trips,0,[],0,[],5012,0
82-A,No active trips,0,[],0,[],5237,0
96,No active trips,0,[],0,[],1963,0
96-A,No active trips,0,[],0,[],1313,0
V-DIVYA DARSHANA-1,No active trips,0,[],0,[],7309,0
V-DIVYA DHARSHANA-5A,No active trips,0,[],0,[],8798,0
KBS-1I KBS-KVASC,No active trips,0,[],0,[],6376,0
271-N KBS-KGH,No active trips,0,[],0,[],8536,0
271-N KBS-KGH,No active trips,0,[],0,[],8536,1
341-C KBS-KDRM,No active trips,0,[],0,[],3169,0
341-C KBS-KDRM,No active trips,0,[],0,[],3169,1
210-B KBS-KMT-KTNR,No active trips,0,[],0,[],6974,0
257-D KDG-KBS,No active trips,0,[],0,[],8669,0
257-D KDG-KBS,No active trips,0,[],0,[],8669,1
253-J KBS-MLS,No active trips,0,[],0,[],8071,0
253-J KBS-MLS,No active trips,0,[],0,[],8071,1
282-B KBS-MGH,No active trips,0,[],0,[],8181,0
282-B KBS-MGH,No active trips,0,[],0,[],8181,1
211-H KBS-MKD,No active trips,0,[],0,[],8773,1
297 NGH-KBS,No active trips,0,[],0,[],3709,0
297 NGH-KBS,No active trips,0,[],0,[],3709,1
210-NP PPLO-KML-KBS,No active trips,0,[],0,[],3412,1
276 PTH-VRP-KBS,No active trips,0,[],0,[],2835,0
276 PTH-VRP-KBS,No active trips,0,[],0,[],2835,1
KBS-YST-PTH,No active trips,0,[],0,[],1416,0
291-H,No active trips,0,[],0,[],3728,0
291-H,No active trips,0,[],0,[],3728,1
222-A KWS-KBS,No active trips,0,[],0,[],1136,0
222-A KWS-KBS,No active trips,0,[],0,[],1136,1
258-C KBS-TVHA,No active trips,0,[],0,[],8857,1
221-J TVK-KMT-KBS,No active trips,0,[],0,[],7014,0
221-J TVK-KMT-KBS,No active trips,0,[],0,[],7014,1
285-N KBS-THS,No active trips,0,[],0,[],8852,0
285-N KBS-THS,No active trips,0,[],0,[],8852,1
234-E KMT FLY,No active trips,0,[],0,[],1462,0
343-K VPL-VSD-KBS,No active trips,0,[],0,[],8542,0
226-N KBS-WDL,No active trips,0,[],0,[],8572,1
271-C YHKOT-SGP-KBS,No active trips,0,[],0,[],8093,1
82-A YTTMC-VSD-KBS,No active trips,0,[],0,[],6093,0
82-A YTTMC-VSD-KBS,No active trips,0,[],0,[],6093,1
96 YTTMC-KBS,No active trips,0,[],0,[],8419,0
PPL-KINHT,No active trips,0,[],0,[],5738,0
PPL-KINHT,No active trips,0,[],0,[],5738,1
KIA-5D,No active trips,0,[],0,[],8468,0
KIA-5D,No active trips,0,[],0,[],8468,1
KIA-7A,No active trips,0,[],0,[],2193,0
KIA-7A,No active trips,0,[],0,[],2193,1
KIA-5,No active trips,0,[],0,[],2164,0
KIA-5,No active trips,0,[],0,[],2164,1
KIA-8C,No active trips,0,[],0,[],2136,0
KIA-8C,No active trips,0,[],0,[],2136,1
KIA-8,No active trips,0,[],0,[],2200,0
KIA-8,No active trips,0,[],0,[],2200,1
KIA-8E,No active trips,0,[],0,[],2431,0
KIA-8E,No active trips,0,[],0,[],2431,1
KIA-8EW,No active trips,0,[],0,[],6283,1
KIA-4,No active trips,0,[],0,[],1697,0
KIA-4,No active trips,0,[],0,[],1697,1
281-AP,No active trips,0,[],0,[],2656,0
281-AP,No active trips,0,[],0,[],2656,1
KIA-9H,No active trips,0,[],0,[],6250,0
KIA-9H,No active trips,0,[],0,[],6250,1
KIA-6,No active trips,0,[],0,[],1699,0
KIA-6,No active trips,0,[],0,[],1699,1
KIA-6A,No active trips,0,[],0,[],1701,0
KIA-6A,No active trips,0,[],0,[],1701,1
KIA-5 D13G-KIA,No active trips,0,[],0,[],8736,0
KIA-5 D13G-KIA,No active trips,0,[],0,[],8736,1
281-AP KBS-KIA,No active trips,0,[],0,[],5890,0
281-AP KBS-KIA,No active trips,0,[],0,[],5890,1
293-AP KBS-KIA,No active trips,0,[],0,[],8471,0
293-AP KBS-KIA,No active trips,0,[],0,[],8471,1
KIA-9,No active trips,0,[],0,[],1101,0
KIA-9,No active trips,0,[],0,[],1101,1
KIA-8A,No active trips,0,[],0,[],2223,0
KIA-8A,No active trips,0,[],0,[],2223,1
KIA-10,No active trips,0,[],0,[],2124,0
KIA-10,No active trips,0,[],0,[],2124,1
281-AP YST5NA-KIA,No active trips,0,[],0,[],8638,0
281-AP PTH-KIAS,No active trips,0,[],0,[],2666,0
281-AP PTH-KIAS,No active trips,0,[],0,[],2666,1
KIA-8D,No active trips,0,[],0,[],7064,0
KIA-8D,No active trips,0,[],0,[],7064,1
293-AP,No active trips,0,[],0,[],8470,0
293-AP,No active trips,0,[],0,[],8470,1
298-AP,No active trips,0,[],0,[],7087,0
298-AP,No active trips,0,[],0,[],7087,1
KIA-15,No active trips,0,[],0,[],1702,0
KIA-15,No active trips,0,[],0,[],1702,1
KIA-15A,No active trips,0,[],0,[],1703,1
KIA-4A,No active trips,0,[],0,[],1698,0
KIA-4A,No active trips,0,[],0,[],1698,1
KIA-6W,No active trips,0,[],0,[],1700,0
201 BSK-KSP,No active trips,0,[],0,[],6315,0
201 BSK-KSP,No active trips,0,[],0,[],6315,1
35,No active trips,0,[],0,[],2125,0
35,No active trips,0,[],0,[],2125,1
35 VSD-KMT-KSGP,No active trips,0,[],0,[],2133,0
35 VSD-KMT-KSGP,No active trips,0,[],0,[],2133,1
356-ZA D38G-KDMS,No active trips,0,[],0,[],6136,0
356-ZA D38G-KDMS,No active trips,0,[],0,[],6136,1
D36G-KNGP,No active trips,0,[],0,[],1401,0
226-U,No active trips,0,[],0,[],1321,0
226-U,No active trips,0,[],0,[],1321,1
228-G,No active trips,0,[],0,[],1405,0
228-G,No active trips,0,[],0,[],1405,1
228-G KCP-KBS,No active trips,0,[],0,[],1437,0
241-B D35G-KCP,No active trips,0,[],0,[],5348,0
241-B D35G-KCP,No active trips,0,[],0,[],5348,1
241,No active trips,0,[],0,[],1894,0
241,No active trips,0,[],0,[],1894,1
241-B,No active trips,0,[],0,[],1898,0
241-B,No active trips,0,[],0,[],1898,1
201 BSK-KVASC,No active trips,0,[],0,[],5717,0
BRGD-KVASC,No active trips,0,[],0,[],6365,0
BRGD-KVASC,No active trips,0,[],0,[],6365,1
342-F SJP-KVS,No active trips,0,[],0,[],5499,0
342-F SJP-KVS,No active trips,0,[],0,[],5499,1
KVS-SBS,No active trips,0,[],0,[],1059,0
SBS-KVASC,No active trips,0,[],0,[],1060,0
330-G KVDRDO-SBS,No active trips,0,[],0,[],7198,0
Chakra-16A KVUL-DNK,No active trips,0,[],0,[],7540,0
284 KMT-KVRY,No active trips,0,[],0,[],5976,1
284 KBS-KVRY,No active trips,0,[],0,[],4490,0
PTH-KVRY,No active trips,0,[],0,[],1194,0
PTH-KVRY,No active trips,0,[],0,[],1194,1
404-A,No active trips,0,[],0,[],3511,0
404-A,No active trips,0,[],0,[],3511,1
VLO1-KGR,No active trips,0,[],0,[],1345,1
212-M,No active trips,0,[],0,[],1903,0
212-M,No active trips,0,[],0,[],1903,1
401K-CWS-3-KGRTTMC,No active trips,0,[],0,[],3358,0
401K-CWS-3-KGRTTMC,No active trips,0,[],0,[],3358,1
401- KC DPJN-KGR,No active trips,0,[],0,[],8721,0
401- KC DPJN-KGR,No active trips,0,[],0,[],8721,1
401-KB DPJN-KGR,No active trips,0,[],0,[],7754,0
401-KB DPJN-KGR,No active trips,0,[],0,[],7754,1
D12-KGR,No active trips,0,[],0,[],7571,1
501-C D14G-HBLB-KGR,No active trips,0,[],0,[],4752,1
378 D34G-KGR,No active trips,0,[],0,[],1777,0
378 D34G-KGR,No active trips,0,[],0,[],1777,1
374-M D35G-TVK-KGR,No active trips,0,[],0,[],8511,0
D37-KGR,No active trips,0,[],0,[],1119,0
D37-KGR,No active trips,0,[],0,[],1119,1
378 D38G-KGR,No active trips,0,[],0,[],8475,0
378,No active trips,0,[],0,[],1100,0
378,No active trips,0,[],0,[],1100,1
378 KGR-ELCW,No active trips,0,[],0,[],8114,0
501-C,No active trips,0,[],0,[],1304,0
501-C,No active trips,0,[],0,[],1304,1
210-KN,No active trips,0,[],0,[],1074,1
502-D,No active trips,0,[],0,[],3979,0
502-D,No active trips,0,[],0,[],3979,1
222-A KMT FLY,No active trips,0,[],0,[],6623,0
MF-46,No active trips,0,[],0,[],6980,0
502-M,No active trips,0,[],0,[],8113,0
502-M,No active trips,0,[],0,[],8113,1
502-A,No active trips,0,[],0,[],2288,0
502-A,No active trips,0,[],0,[],2288,1
255-N,No active trips,0,[],0,[],2636,0
255-N,No active trips,0,[],0,[],2636,1
516,No active trips,0,[],0,[],7723,0
516,No active trips,0,[],0,[],7723,1
375-H SGH-KGR,No active trips,0,[],0,[],1676,0
375-H SGH-KGR,No active trips,0,[],0,[],1676,1
MF-36 SIMS-KTTMC,No active trips,0,[],0,[],5423,0
MF-36 SIMS-KTTMC,No active trips,0,[],0,[],5423,1
STBEN-KGR,No active trips,0,[],0,[],7612,1
222 SCS-KGR,No active trips,0,[],0,[],3998,0
222 SCS-KGR,No active trips,0,[],0,[],3998,1
401-Z SGH-KGR,No active trips,0,[],0,[],6621,0
401-KB KGR-VJN,No active trips,0,[],0,[],7136,0
401-KB,No active trips,0,[],0,[],1652,0
401-KB,No active trips,0,[],0,[],1652,1
222-A,No active trips,0,[],0,[],1144,0
222-A,No active trips,0,[],0,[],1144,1
222-A KST-KMT FLY-KBS,No active trips,0,[],0,[],6722,0
MF-11 D24G-KSH,No active trips,0,[],0,[],8884,0
MF-11 D24G-KSH,No active trips,0,[],0,[],8884,1
319,No active trips,0,[],0,[],3267,0
319,No active trips,0,[],0,[],3267,1
MF-1KA,No active trips,0,[],0,[],8205,0
MF-1KA,No active trips,0,[],0,[],8205,1
248-T,No active trips,0,[],0,[],2294,0
248-T,No active trips,0,[],0,[],2294,1
312 D24G-KTGP,No active trips,0,[],0,[],8818,0
310-E D24G-KNG,No active trips,0,[],0,[],2818,0
310-E D24G-KNG,No active trips,0,[],0,[],2818,1
310-E,No active trips,0,[],0,[],2822,0
310-E,No active trips,0,[],0,[],2822,1
D35G-KTH,No active trips,0,[],0,[],7687,0
D35G-KTH,No active trips,0,[],0,[],7687,1
245-E,No active trips,0,[],0,[],3641,0
245-E,No active trips,0,[],0,[],3641,1
245-J,No active trips,0,[],0,[],4371,0
245-J,No active trips,0,[],0,[],4371,1
245-R,No active trips,0,[],0,[],4404,0
245-R,No active trips,0,[],0,[],4404,1
257-C KBS-YBS-KTN,No active trips,0,[],0,[],7929,1
282-G HBLB-KDLH,No active trips,0,[],0,[],7466,0
282-G HBLB-KDLH,No active trips,0,[],0,[],7466,1
282-G,No active trips,0,[],0,[],3654,0
282-G,No active trips,0,[],0,[],3654,1
258-MC,No active trips,0,[],0,[],2017,1
360-H,No active trips,0,[],0,[],2731,0
360-H,No active trips,0,[],0,[],2731,1
342 D42-KDT,No active trips,0,[],0,[],8926,0
MF-22,No active trips,0,[],0,[],8625,0
MF-22,No active trips,0,[],0,[],8625,1
D34G-KCH,No active trips,0,[],0,[],4451,0
D34G-KCH,No active trips,0,[],0,[],4451,1
364-G,No active trips,0,[],0,[],2348,0
364-G,No active trips,0,[],0,[],2348,1
288-G D45G-KDCB,No active trips,0,[],0,[],7394,0
288-G D45G-KDCB,No active trips,0,[],0,[],7394,1
288-G,No active trips,0,[],0,[],1273,0
288-G,No active trips,0,[],0,[],1273,1
288-G KBS-VSD-KDHCBC,No active trips,0,[],0,[],5973,1
288-J MGRMS-CBL,No active trips,0,[],0,[],7479,0
288-J MGRMS-CBL,No active trips,0,[],0,[],7479,1
288-J,No active trips,0,[],0,[],4527,0
288-J,No active trips,0,[],0,[],4527,1
287-A ARMY-KDHG,No active trips,0,[],0,[],7289,0
287-A,No active trips,0,[],0,[],6358,0
287-A,No active trips,0,[],0,[],6358,1
288-A GPO-KDH,No active trips,0,[],0,[],6357,1
288-C,No active trips,0,[],0,[],1411,0
288-C,No active trips,0,[],0,[],1411,1
285-MF,No active trips,0,[],0,[],2087,0
285-MF,No active trips,0,[],0,[],2087,1
288-D,No active trips,0,[],0,[],1271,0
288-D,No active trips,0,[],0,[],1271,1
288-A,No active trips,0,[],0,[],1272,0
288-A,No active trips,0,[],0,[],1272,1
285-MF YHKOT-KDH,No active trips,0,[],0,[],8123,1
258-MK,No active trips,0,[],0,[],8273,0
258-MK,No active trips,0,[],0,[],8273,1
213-FA,No active trips,0,[],0,[],5957,0
213-FA,No active trips,0,[],0,[],5957,1
211-G,No active trips,0,[],0,[],1853,0
211-G,No active trips,0,[],0,[],1853,1
306-M KMT-KDR,No active trips,0,[],0,[],5516,0
306-M KMT-KDR,No active trips,0,[],0,[],5516,1
317-KT,No active trips,0,[],0,[],3544,0
317-KT,No active trips,0,[],0,[],3544,1
MF-18,No active trips,0,[],0,[],7791,0
MF-18,No active trips,0,[],0,[],7791,1
D36G-KGH,No active trips,0,[],0,[],6169,0
226-V KMT-KGH,No active trips,0,[],0,[],6385,0
226-V KMT-KGH,No active trips,0,[],0,[],6385,1
285-H,No active trips,0,[],0,[],2063,0
285-H,No active trips,0,[],0,[],2063,1
285-H KBS-KLRH,No active trips,0,[],0,[],4003,0
285-H KBS-KLRH,No active trips,0,[],0,[],4003,1
285 PTML-DBRC-KLRH,No active trips,0,[],0,[],6746,1
230-C,No active trips,0,[],0,[],8119,0
230-C KBS-BBC-KBDA,No active trips,0,[],0,[],8804,0
230-C KBS-KMT-BBC-KBDA,No active trips,0,[],0,[],8802,1
230-C KBS-KMT-KBDA,No active trips,0,[],0,[],8803,1
230-C KBS-KMTFLY-BBC-KBDA,No active trips,0,[],0,[],8702,1
342-N KBS-KMS,No active trips,0,[],0,[],7804,0
342-N KBS-KMS,No active trips,0,[],0,[],7804,1
MF-43,No active trips,0,[],0,[],7555,0
MF-43A,No active trips,0,[],0,[],7556,0
372-B,No active trips,0,[],0,[],2502,0
372-B,No active trips,0,[],0,[],2502,1
266-M D45-KDSH,No active trips,0,[],0,[],4217,0
266-M D45-KDSH,No active trips,0,[],0,[],4217,1
266-M,No active trips,0,[],0,[],4215,0
266-M,No active trips,0,[],0,[],4215,1
227-P KMT-KSP,No active trips,0,[],0,[],7588,0
227-P KMT-KSP,No active trips,0,[],0,[],7588,1
227-P KBS-KSP,No active trips,0,[],0,[],7587,0
227-P KBS-KSP,No active trips,0,[],0,[],7587,1
304-B,No active trips,0,[],0,[],2422,0
304-B,No active trips,0,[],0,[],2422,1
G-3 CDS-KRM,No active trips,0,[],0,[],8398,0
171,No active trips,0,[],0,[],1037,0
171,No active trips,0,[],0,[],1037,1
171-G,No active trips,0,[],0,[],1008,0
171-G,No active trips,0,[],0,[],1008,1
KRM1-KVS,No active trips,0,[],0,[],5628,0
141-K,No active trips,0,[],0,[],1666,0
141-K,No active trips,0,[],0,[],1666,1
KRM-BEMLG,No active trips,0,[],0,[],5138,0
D15-KRM,No active trips,0,[],0,[],1551,0
D15-KRM,No active trips,0,[],0,[],1551,1
KRM-GPTE,No active trips,0,[],0,[],7300,0
MF-22E KRMTTMC-HRMS,No active trips,0,[],0,[],9010,0
143 KMT-NSR-KRM,No active trips,0,[],0,[],1663,0
143 KMT-NSR-KRM,No active trips,0,[],0,[],1663,1
146-F,No active trips,0,[],0,[],1670,1
171 KBS-NGV-KRMTTCMC,No active trips,0,[],0,[],8420,1
KRM-NTVB5,No active trips,0,[],0,[],7272,0
344-F POD-KRMBS,No active trips,0,[],0,[],8539,0
KRM-RHAC,No active trips,0,[],0,[],5496,0
KRM-RHAC,No active trips,0,[],0,[],5496,1
342-A KRMTTMC-SJP,No active trips,0,[],0,[],3186,0
342-A KRMTTMC-SJP,No active trips,0,[],0,[],3186,1
141-E SBS-KRM,No active trips,0,[],0,[],5021,0
141-E SBS-KRM,No active trips,0,[],0,[],5021,1
144-E SBS-NLS-KRM,No active trips,0,[],0,[],1746,0
144-E SBS-NLS-KRM,No active trips,0,[],0,[],1746,1
144-E SBS-NRG-D15,No active trips,0,[],0,[],1665,0
144-E SBS-NRG-D15,No active trips,0,[],0,[],1665,1
SJH-KRMTTMC,No active trips,0,[],0,[],2752,0
370-B D34G-KRTD,No active trips,0,[],0,[],7594,0
370-B,No active trips,0,[],0,[],2483,0
370-B,No active trips,0,[],0,[],2483,1
242-ZC,No active trips,0,[],0,[],2910,0
242-ZC,No active trips,0,[],0,[],2910,1
215-A,No active trips,0,[],0,[],2259,0
215-A,No active trips,0,[],0,[],2259,1
215-R,No active trips,0,[],0,[],2322,0
215-R,No active trips,0,[],0,[],2322,1
215-U,No active trips,0,[],0,[],2316,0
215-U,No active trips,0,[],0,[],2316,1
501-CD,No active trips,0,[],0,[],8087,0
501-CD,No active trips,0,[],0,[],8087,1
502-E,No active trips,0,[],0,[],3375,0
502-E,No active trips,0,[],0,[],3375,1
329-C D41G-KTR,No active trips,0,[],0,[],3480,0
329-C D41G-KTR,No active trips,0,[],0,[],3480,1
329-C,No active trips,0,[],0,[],3478,0
329-C,No active trips,0,[],0,[],3478,1
329-G,No active trips,0,[],0,[],3802,0
329-G,No active trips,0,[],0,[],3802,1
DVH-KDGK-KHR,No active trips,0,[],0,[],7019,0
DVH-KDGK-KHR,No active trips,0,[],0,[],7019,1
298-MK,No active trips,0,[],0,[],1347,0
298-MK,No active trips,0,[],0,[],1347,1
360-K KSR-ATB,No active trips,0,[],0,[],3041,0
347,No active trips,0,[],0,[],3538,0
347,No active trips,0,[],0,[],3538,1
347 KRMTTMC-KDL,No active trips,0,[],0,[],3543,0
283-B HBLB-KDGC,No active trips,0,[],0,[],7636,0
283-B HBLB-KDGC,No active trips,0,[],0,[],7636,1
283-B,No active trips,0,[],0,[],4487,0
283-B,No active trips,0,[],0,[],4487,1
283-B KBS-KDGC,No active trips,0,[],0,[],8139,1
283-D PTML-KDGC,No active trips,0,[],0,[],4071,1
250-DT D45G-KDGC,No active trips,0,[],0,[],2576,0
250-DT D45G-KDGC,No active trips,0,[],0,[],2576,1
250-SA KMT-KDGM,No active trips,0,[],0,[],6985,1
257-D,No active trips,0,[],0,[],2783,0
257-D,No active trips,0,[],0,[],2783,1
250-DT,No active trips,0,[],0,[],2331,0
250-DT,No active trips,0,[],0,[],2331,1
250-SA,No active trips,0,[],0,[],2480,0
250-SA,No active trips,0,[],0,[],2480,1
250-SA KBS-SDN-KDG,No active trips,0,[],0,[],7906,0
323-B D41G-KGR,No active trips,0,[],0,[],3333,1
323-B,No active trips,0,[],0,[],3330,0
323-B,No active trips,0,[],0,[],3330,1
215-Z D44-KMP,No active trips,0,[],0,[],8737,1
15-G,No active trips,0,[],0,[],1687,0
15-G,No active trips,0,[],0,[],1687,1
13-A,No active trips,0,[],0,[],1161,0
13-A,No active trips,0,[],0,[],1161,1
BEML5-KSLOW,No active trips,0,[],0,[],2419,1
210-U,No active trips,0,[],0,[],2399,0
210-U,No active trips,0,[],0,[],2399,1
D20-KML,No active trips,0,[],0,[],6952,0
D20-KML,No active trips,0,[],0,[],6952,1
15-E,No active trips,0,[],0,[],1683,0
15-E,No active trips,0,[],0,[],1683,1
PPLO-VSP-KSLO,No active trips,0,[],0,[],1623,0
13-C,No active trips,0,[],0,[],999,0
13-C,No active trips,0,[],0,[],999,1
15-E VSD-KSLO,No active trips,0,[],0,[],1686,0
15-E VSD-KSLO,No active trips,0,[],0,[],1686,1
MF-36,No active trips,0,[],0,[],2543,0
MF-36,No active trips,0,[],0,[],2543,1
501-CH YTTMC-KMG,No active trips,0,[],0,[],3251,0
317-E,No active trips,0,[],0,[],3231,0
317-E,No active trips,0,[],0,[],3231,1
254-B,No active trips,0,[],0,[],2620,0
254-B,No active trips,0,[],0,[],2620,1
298-E KBS-KDN,No active trips,0,[],0,[],7628,1
298-E,No active trips,0,[],0,[],5084,0
298-E,No active trips,0,[],0,[],5084,1
317-K,No active trips,0,[],0,[],3233,0
317-K,No active trips,0,[],0,[],3233,1
79-K,No active trips,0,[],0,[],4954,0
79-K,No active trips,0,[],0,[],4954,1
242-K D31G-KPL,No active trips,0,[],0,[],8748,0
227-H,No active trips,0,[],0,[],1361,0
227-H,No active trips,0,[],0,[],1361,1
227-H KPL-KMT-KBS,No active trips,0,[],0,[],7793,0
227-HA,No active trips,0,[],0,[],1362,0
227-HA,No active trips,0,[],0,[],1362,1
242-K,No active trips,0,[],0,[],8747,0
242-K,No active trips,0,[],0,[],8747,1
323-D,No active trips,0,[],0,[],3338,0
323-D,No active trips,0,[],0,[],3338,1
323-J,No active trips,0,[],0,[],1076,0
323-J,No active trips,0,[],0,[],1076,1
342-WA,No active trips,0,[],0,[],1251,0
342-WA,No active trips,0,[],0,[],1251,1
MF-21,No active trips,0,[],0,[],6594,0
MF-21,No active trips,0,[],0,[],6594,1
24,No active trips,0,[],0,[],1256,0
24,No active trips,0,[],0,[],1256,1
60-E CLO-BTM,No active trips,0,[],0,[],2936,0
60-E CLO-BTM,No active trips,0,[],0,[],2936,1
500-D D10G-BTM,No active trips,0,[],0,[],7989,0
500-D HBLB-BTM,No active trips,0,[],0,[],7988,0
500-D HBLB-BTM,No active trips,0,[],0,[],7988,1
168-D KBS-KVN,No active trips,0,[],0,[],8297,0
168-D KBS-KVN,No active trips,0,[],0,[],8297,1
25,No active trips,0,[],0,[],4441,0
25,No active trips,0,[],0,[],4441,1
25-A,No active trips,0,[],0,[],1771,0
25-A,No active trips,0,[],0,[],1771,1
V-25A,No active trips,0,[],0,[],2262,0
V-25A,No active trips,0,[],0,[],2262,1
60-E,No active trips,0,[],0,[],2870,0
60-E,No active trips,0,[],0,[],2870,1
378 D34G-KSH,No active trips,0,[],0,[],9005,0
345-E,No active trips,0,[],0,[],3484,0
345-E,No active trips,0,[],0,[],3484,1
221-KGR-LVP,No active trips,0,[],0,[],7611,0
221-KGR-LVP,No active trips,0,[],0,[],7611,1
MF-32,No active trips,0,[],0,[],7142,0
MF-32,No active trips,0,[],0,[],7142,1
MF-28,No active trips,0,[],0,[],8212,0
MF-28,No active trips,0,[],0,[],8212,1
MF-28 JKLO-ISROQ-LGRNB,No active trips,0,[],0,[],8213,0
MF-28 JKLO-ISROQ-LGRNB,No active trips,0,[],0,[],8213,1
248-A,No active trips,0,[],0,[],3849,0
248-A,No active trips,0,[],0,[],3849,1
MF-24,No active trips,0,[],0,[],3981,0
MF-24,No active trips,0,[],0,[],3981,1
251-D,No active trips,0,[],0,[],1618,0
251-D,No active trips,0,[],0,[],1618,1
251-D KMT-VSD-LGR,No active trips,0,[],0,[],8127,0
251-D KMT-VSD-LGR,No active trips,0,[],0,[],8127,1
251-E,No active trips,0,[],0,[],2792,0
251-E,No active trips,0,[],0,[],2792,1
252-E,No active trips,0,[],0,[],1608,0
252-E,No active trips,0,[],0,[],1608,1
252-H,No active trips,0,[],0,[],1625,0
252-H,No active trips,0,[],0,[],1625,1
MF-29 MNH-LGR,No active trips,0,[],0,[],6875,0
MF-29 MNH-LGR,No active trips,0,[],0,[],6875,1
251-C PSS-RPS-LGR,No active trips,0,[],0,[],2787,0
251-C PSS-RPS-LGR,No active trips,0,[],0,[],2787,1
PSS-LGR,No active trips,0,[],0,[],3916,0
PSS-LGR,No active trips,0,[],0,[],3916,1
251-C,No active trips,0,[],0,[],2496,0
251-C,No active trips,0,[],0,[],2496,1
252-G,No active trips,0,[],0,[],8864,0
252-G,No active trips,0,[],0,[],8864,1
252-G YTTMC-LGRNB,No active trips,0,[],0,[],8865,0
252-G YTTMC-LGRNB,No active trips,0,[],0,[],8865,1
317-L,No active trips,0,[],0,[],3566,0
317-L,No active trips,0,[],0,[],3566,1
399-C ANK-LKR,No active trips,0,[],0,[],8710,0
399-C ANK-LKR,No active trips,0,[],0,[],8710,1
328-H HSK -LKR,No active trips,0,[],0,[],8711,1
241-E D35G-LKMB,No active trips,0,[],0,[],1931,0
241-E,No active trips,0,[],0,[],1929,0
241-E,No active trips,0,[],0,[],1929,1
163-C,No active trips,0,[],0,[],6476,0
163-C,No active trips,0,[],0,[],6476,1
163-C SBS-ILC,No active trips,0,[],0,[],7977,0
217-D,No active trips,0,[],0,[],2229,0
217-D,No active trips,0,[],0,[],2229,1
367-D,No active trips,0,[],0,[],2258,0
367-D,No active trips,0,[],0,[],2258,1
266-T D45-LXP,No active trips,0,[],0,[],4232,0
266-T D45-LXP,No active trips,0,[],0,[],4232,1
266-Q KMT-LXP,No active trips,0,[],0,[],5136,0
266-Q KMT-LXP,No active trips,0,[],0,[],5136,1
242-U,No active trips,0,[],0,[],2860,0
242-U,No active trips,0,[],0,[],2860,1
242-U KBS-LKSMP,No active trips,0,[],0,[],1589,0
242-U KBS-LKSMP,No active trips,0,[],0,[],1589,1
266-T,No active trips,0,[],0,[],2194,0
266-T,No active trips,0,[],0,[],2194,1
215-HA D34G-LBN,No active trips,0,[],0,[],8807,0
215-HA D34G-LBN,No active trips,0,[],0,[],8807,1
335-C,No active trips,0,[],0,[],3739,0
335-C,No active trips,0,[],0,[],3739,1
215-HA,No active trips,0,[],0,[],8806,0
215-HA,No active trips,0,[],0,[],8806,1
306-A D24G-LDMS,No active trips,0,[],0,[],3014,0
306-A,No active trips,0,[],0,[],3013,1
D09G-LDH,No active trips,0,[],0,[],8730,0
D09G-LDH,No active trips,0,[],0,[],8730,1
243-L D31-LDH,No active trips,0,[],0,[],5994,0
D35G-LDH,No active trips,0,[],0,[],7710,0
D35G-LDH,No active trips,0,[],0,[],7710,1
240-H KMT-LDH,No active trips,0,[],0,[],5731,1
240-HA,No active trips,0,[],0,[],8756,0
240-HA,No active trips,0,[],0,[],8756,1
240-H,No active trips,0,[],0,[],1867,0
240-H,No active trips,0,[],0,[],1867,1
243-L,No active trips,0,[],0,[],2950,0
243-L,No active trips,0,[],0,[],2950,1
243-L SBS-VSD-KBS-LDH,No active trips,0,[],0,[],8290,0
243-L SBS-VSD-KBS-LDH,No active trips,0,[],0,[],8290,1
285-D,No active trips,0,[],0,[],2051,0
285-D,No active trips,0,[],0,[],2051,1
366-T,No active trips,0,[],0,[],5123,0
366-T,No active trips,0,[],0,[],5123,1
293 KLN-LHIC,No active trips,0,[],0,[],8035,0
276-C,No active trips,0,[],0,[],2533,0
276-C,No active trips,0,[],0,[],2533,1
226-VA,No active trips,0,[],0,[],1323,0
226-VA,No active trips,0,[],0,[],1323,1
226-P,No active trips,0,[],0,[],1315,0
226-P,No active trips,0,[],0,[],1315,1
365-Z BGT-MMDH,No active trips,0,[],0,[],6521,1
KBS-SBS-MEG,No active trips,0,[],0,[],7259,0
KBS-SBS-MEG,No active trips,0,[],0,[],7259,1
250-M,No active trips,0,[],0,[],2360,0
250-M,No active trips,0,[],0,[],2360,1
250-N,No active trips,0,[],0,[],2365,0
250-N,No active trips,0,[],0,[],2365,1
CHMS-MGRM,No active trips,0,[],0,[],5146,0
G-9 PTH-MGRMS,No active trips,0,[],0,[],4612,0
364-A,No active trips,0,[],0,[],2293,0
364-A,No active trips,0,[],0,[],2293,1
D45-MSP,No active trips,0,[],0,[],6158,1
401AM DVH-MSP,No active trips,0,[],0,[],7398,0
289-L PTH-MVJ,No active trips,0,[],0,[],6727,1
380 SBS-MVJ,No active trips,0,[],0,[],7751,0
380 SBS-MVJ,No active trips,0,[],0,[],7751,1
317-MJ,No active trips,0,[],0,[],7322,0
317-MJ,No active trips,0,[],0,[],7322,1
289-L,No active trips,0,[],0,[],3764,0
289-L,No active trips,0,[],0,[],3764,1
258-DM,No active trips,0,[],0,[],8828,0
258-DM,No active trips,0,[],0,[],8828,1
240-A D35G-MCH,No active trips,0,[],0,[],5549,0
240-A D35G-MCH,No active trips,0,[],0,[],5549,1
240,No active trips,0,[],0,[],1856,0
240,No active trips,0,[],0,[],1856,1
240 KBS-MCH,No active trips,0,[],0,[],6336,0
240 KBS-MCH,No active trips,0,[],0,[],6336,1
240-A,No active trips,0,[],0,[],1858,0
240-A,No active trips,0,[],0,[],1858,1
258-A,No active trips,0,[],0,[],1986,0
253-H,No active trips,0,[],0,[],6953,0
253-H,No active trips,0,[],0,[],6953,1
MF-29,No active trips,0,[],0,[],6874,0
MF-29,No active trips,0,[],0,[],6874,1
245-M KBS-BMTCTC-MDH,No active trips,0,[],0,[],4387,0
245-M KBS-BMTCTC-MDH,No active trips,0,[],0,[],4387,1
MF-29 PSS-MNH,No active trips,0,[],0,[],6876,0
MF-29 PSS-MNH,No active trips,0,[],0,[],6876,1
227-NA,No active trips,0,[],0,[],1368,0
227-NA,No active trips,0,[],0,[],1368,1
242-H,No active trips,0,[],0,[],2374,0
242-H,No active trips,0,[],0,[],2374,1
329 D41G-MPH,No active trips,0,[],0,[],3473,1
266-K D45-MDPH,No active trips,0,[],0,[],4154,1
266-K,No active trips,0,[],0,[],4155,0
266-K,No active trips,0,[],0,[],4155,1
329-A,No active trips,0,[],0,[],3469,0
329-A,No active trips,0,[],0,[],3469,1
257-B DSP-MDVR,No active trips,0,[],0,[],3309,0
257-B,No active trips,0,[],0,[],2657,0
257-B,No active trips,0,[],0,[],2657,1
13 MDP-BSK,No active trips,0,[],0,[],6112,0
253 D45-JHC-MGH,No active trips,0,[],0,[],4171,0
253 D45-JHC-MGH,No active trips,0,[],0,[],4171,1
266-E KBS-MGH,No active trips,0,[],0,[],4360,1
329-K,No active trips,0,[],0,[],3811,0
329-K,No active trips,0,[],0,[],3811,1
328-K,No active trips,0,[],0,[],6822,0
328-K,No active trips,0,[],0,[],6822,1
258-KM,No active trips,0,[],0,[],8690,0
258-KM,No active trips,0,[],0,[],8690,1
266-E,No active trips,0,[],0,[],4169,0
266-E,No active trips,0,[],0,[],4169,1
240-MA DPJN-MGD,No active trips,0,[],0,[],8731,1
240-MB G31G-MGD,No active trips,0,[],0,[],8957,0
256-MB,No active trips,0,[],0,[],3305,0
256-MB,No active trips,0,[],0,[],3305,1
240-M,No active trips,0,[],0,[],1885,0
240-M,No active trips,0,[],0,[],1885,1
240-MA,No active trips,0,[],0,[],6638,0
240-MA,No active trips,0,[],0,[],6638,1
V-240M,No active trips,0,[],0,[],2187,0
V-240M,No active trips,0,[],0,[],2187,1
240-MB,No active trips,0,[],0,[],1129,0
240-MB,No active trips,0,[],0,[],1129,1
V-240M KBS-MGD,No active trips,0,[],0,[],2363,0
V-240M KBS-MGD,No active trips,0,[],0,[],2363,1
221-KM,No active trips,0,[],0,[],8478,0
221-KM,No active trips,0,[],0,[],8478,1
256-MD,No active trips,0,[],0,[],8077,0
256-MD,No active trips,0,[],0,[],8077,1
374-M  NMG-TVK-MGD,No active trips,0,[],0,[],8934,0
374-M  NMG-TVK-MGD,No active trips,0,[],0,[],8934,1
240-MT,No active trips,0,[],0,[],8933,0
240-MT,No active trips,0,[],0,[],8933,1
240-MD,No active trips,0,[],0,[],7902,0
240-MD,No active trips,0,[],0,[],7902,1
352-B D38G-MSMB,No active trips,0,[],0,[],8476,0
352-B D38G-MSMB,No active trips,0,[],0,[],8476,1
352-E,No active trips,0,[],0,[],4918,0
352-E,No active trips,0,[],0,[],4918,1
352-B,No active trips,0,[],0,[],5310,0
352-B,No active trips,0,[],0,[],5310,1
352-E KBS-MHDB,No active trips,0,[],0,[],4925,1
24-A,No active trips,0,[],0,[],1908,0
24-A,No active trips,0,[],0,[],1908,1
27,No active trips,0,[],0,[],1165,0
27,No active trips,0,[],0,[],1165,1
77,No active trips,0,[],0,[],4992,0
77,No active trips,0,[],0,[],4992,1
335-M,No active trips,0,[],0,[],2595,1
80,No active trips,0,[],0,[],2145,0
80,No active trips,0,[],0,[],2145,1
79-D,No active trips,0,[],0,[],4986,0
79-D,No active trips,0,[],0,[],4986,1
77 YTTMC-MLO,No active trips,0,[],0,[],5044,0
77 YTTMC-MLO,No active trips,0,[],0,[],5044,1
366-D,No active trips,0,[],0,[],8145,0
366-D,No active trips,0,[],0,[],8145,1
399 KDG-MVM,No active trips,0,[],0,[],5947,0
399 KDG-MVM,No active trips,0,[],0,[],5947,1
MF-27,No active trips,0,[],0,[],6670,0
MF-27,No active trips,0,[],0,[],6670,1
MF-27 PSS-MKL,No active trips,0,[],0,[],6673,0
MF-27 PSS-MKL,No active trips,0,[],0,[],6673,1
MF-27 PSBS-MKL,No active trips,0,[],0,[],7856,0
MF-27 PSBS-MKL,No active trips,0,[],0,[],7856,1
305-B,No active trips,0,[],0,[],2965,0
305-B,No active trips,0,[],0,[],2965,1
365-B,No active trips,0,[],0,[],2005,0
365-B,No active trips,0,[],0,[],2005,1
227-J,No active trips,0,[],0,[],1363,0
227-J,No active trips,0,[],0,[],1363,1
248 KMT-JHC-MLS,No active trips,0,[],0,[],7795,0
248 KMT-JHC-MLS,No active trips,0,[],0,[],7795,1
253-J MLS-BNM,No active trips,0,[],0,[],8069,0
253-J CBK-MLS,No active trips,0,[],0,[],8068,0
248-B KMT-MLS,No active trips,0,[],0,[],8355,0
248-B KMT-MLS,No active trips,0,[],0,[],8355,1
502-H KGR-PSS-MLS,No active trips,0,[],0,[],7889,0
502-H KGR-PSS-MLS,No active trips,0,[],0,[],7889,1
515 KGR-MLS,No active trips,0,[],0,[],8744,0
515 KGR-MLS,No active trips,0,[],0,[],8744,1
250-L,No active trips,0,[],0,[],2352,0
250-L,No active trips,0,[],0,[],2352,1
401-BJ PTML-MHC,No active trips,0,[],0,[],7206,0
211-AA,No active trips,0,[],0,[],4396,0
211-AA,No active trips,0,[],0,[],4396,1
201-V,No active trips,0,[],0,[],8012,0
201-V,No active trips,0,[],0,[],8012,1
314-FA D06G-MLP,No active trips,0,[],0,[],3148,0
314-FA D06G-MLP,No active trips,0,[],0,[],3148,1
D6G-MNBS,No active trips,0,[],0,[],5435,1
314-FA,No active trips,0,[],0,[],3146,0
314-FA,No active trips,0,[],0,[],3146,1
314-D,No active trips,0,[],0,[],1127,0
314-D,No active trips,0,[],0,[],1127,1
314-H,No active trips,0,[],0,[],5801,0
314-H,No active trips,0,[],0,[],5801,1
314-P,No active trips,0,[],0,[],3157,0
314-P,No active trips,0,[],0,[],3157,1
401-N MBS-BEML5,No active trips,0,[],0,[],7389,0
75-B CLO-MBS,No active trips,0,[],0,[],1570,0
75-B CLO-MBS,No active trips,0,[],0,[],1570,1
75-B,No active trips,0,[],0,[],1569,0
75-B,No active trips,0,[],0,[],1569,1
75-H,No active trips,0,[],0,[],2815,0
211-DA,No active trips,0,[],0,[],1850,0
211-DA,No active trips,0,[],0,[],1850,1
253-HA DSP-MLHP,No active trips,0,[],0,[],7649,0
253-K KMT- MLHP,No active trips,0,[],0,[],3118,1
MADT-ALS,No active trips,0,[],0,[],3705,0
ADT-ATR,No active trips,0,[],0,[],8385,0
D11-MADT,No active trips,0,[],0,[],3723,0
285-M MADT-DBP,No active trips,0,[],0,[],7424,0
402-D KBS-MADT,No active trips,0,[],0,[],4557,1
PTH-MADT,No active trips,0,[],0,[],4578,0
PTH-MAS,No active trips,0,[],0,[],4480,0
285 SBS-MKC-MADT,No active trips,0,[],0,[],4654,1
290-E SBS-MADT,No active trips,0,[],0,[],6907,1
G-9 SBS-MADT,No active trips,0,[],0,[],6217,0
227VA-KMT-MCBC,No active trips,0,[],0,[],7434,0
227-VA KBS-MCBC,No active trips,0,[],0,[],8250,1
226-MB,No active trips,0,[],0,[],1245,0
226-MB,No active trips,0,[],0,[],1245,1
227-U,No active trips,0,[],0,[],7895,0
227-U,No active trips,0,[],0,[],7895,1
360-D D38G-MNH,No active trips,0,[],0,[],8455,0
360-D D38G-MNH,No active trips,0,[],0,[],8455,1
360-D,No active trips,0,[],0,[],2702,0
360-D,No active trips,0,[],0,[],2702,1
242-L,No active trips,0,[],0,[],2381,0
242-L,No active trips,0,[],0,[],2381,1
328-HE D41G-MDR,No active trips,0,[],0,[],6836,1
D47-MDR,No active trips,0,[],0,[],2476,0
D47-MDR,No active trips,0,[],0,[],2476,1
316-G,No active trips,0,[],0,[],3198,0
316-G,No active trips,0,[],0,[],3198,1
234 BEML5-MGH,No active trips,0,[],0,[],5749,1
234,No active trips,0,[],0,[],1454,0
234,No active trips,0,[],0,[],1454,1
234-C,No active trips,0,[],0,[],1469,0
234-C,No active trips,0,[],0,[],1469,1
D31G-MGH,No active trips,0,[],0,[],1511,0
D31G-MGH,No active trips,0,[],0,[],1511,1
176-CA,No active trips,0,[],0,[],1767,0
114-G,No active trips,0,[],0,[],1586,0
114-G,No active trips,0,[],0,[],1586,1
114-B,No active trips,0,[],0,[],1583,0
114-B,No active trips,0,[],0,[],1583,1
114 SBS-MRP,No active trips,0,[],0,[],7690,1
289-SB,No active trips,0,[],0,[],7992,0
289-SB,No active trips,0,[],0,[],7992,1
258-SB BNH-MNTK,No active trips,0,[],0,[],3497,0
258-SB BNH-MNTK,No active trips,0,[],0,[],3497,1
242 D43G-SDKC-MTK,No active trips,0,[],0,[],7959,0
242 D43G-SDKC-MTK,No active trips,0,[],0,[],7959,1
242-TA,No active trips,0,[],0,[],2851,1
242-TA KBS-MTK,No active trips,0,[],0,[],2855,0
258-QA,No active trips,0,[],0,[],2020,0
258-QA,No active trips,0,[],0,[],2020,1
90-E KBS-MTS,No active trips,0,[],0,[],6145,1
90-E YTTMC-MTS,No active trips,0,[],0,[],6140,0
90-E KBS-MMS,No active trips,0,[],0,[],8138,0
MF-8A,No active trips,0,[],0,[],8135,0
MF-8A,No active trips,0,[],0,[],8135,1
301,No active trips,0,[],0,[],2790,0
301,No active trips,0,[],0,[],2790,1
301 SBS-MRG,No active trips,0,[],0,[],2796,0
301 SBS-MRG,No active trips,0,[],0,[],2796,1
312-A,No active trips,0,[],0,[],3425,0
312-A,No active trips,0,[],0,[],3425,1
289-F YHKOT-MRC,No active trips,0,[],0,[],6269,0
289-F YHKOT-MRC,No active trips,0,[],0,[],6269,1
D52G-MRN,No active trips,0,[],0,[],7457,1
282-F HBLB-MNH,No active trips,0,[],0,[],7463,0
282-F,No active trips,0,[],0,[],3646,0
282-F,No active trips,0,[],0,[],3646,1
D14G-MRPG,No active trips,0,[],0,[],4653,1
119-B,No active trips,0,[],0,[],1594,0
119-B,No active trips,0,[],0,[],1594,1
119,No active trips,0,[],0,[],1591,0
119,No active trips,0,[],0,[],1591,1
306-L D41G-MSD,No active trips,0,[],0,[],3043,0
306-L D41G-MSD,No active trips,0,[],0,[],3043,1
D47G-MRSD,No active trips,0,[],0,[],6030,0
D47G-MRSD,No active trips,0,[],0,[],6030,1
D47-MRS,No active trips,0,[],0,[],3096,0
D47-MRS,No active trips,0,[],0,[],3096,1
289-G,No active trips,0,[],0,[],3727,0
289-G,No active trips,0,[],0,[],3727,1
293-J,No active trips,0,[],0,[],5037,0
293-J,No active trips,0,[],0,[],5037,1
306-L,No active trips,0,[],0,[],3037,0
306-L,No active trips,0,[],0,[],3037,1
308-B,No active trips,0,[],0,[],3093,0
308-B,No active trips,0,[],0,[],3093,1
289-GA,No active trips,0,[],0,[],3735,0
289-GA,No active trips,0,[],0,[],3735,1
296-F,No active trips,0,[],0,[],4819,0
296-F,No active trips,0,[],0,[],4819,1
306-L KBS-MSD,No active trips,0,[],0,[],3040,0
306-L KBS-MSD,No active trips,0,[],0,[],3040,1
289-GS,No active trips,0,[],0,[],7851,0
289-GS,No active trips,0,[],0,[],7851,1
296-F SBS-MRS,No active trips,0,[],0,[],5040,0
296-F SBS-MRS,No active trips,0,[],0,[],5040,1
289-G YHK-MRS,No active trips,0,[],0,[],3734,0
289-G YHK-MRS,No active trips,0,[],0,[],3734,1
357-A,No active trips,0,[],0,[],5296,0
357-A,No active trips,0,[],0,[],5296,1
411-D,No active trips,0,[],0,[],3303,0
334-EH,No active trips,0,[],0,[],4092,0
334-EH,No active trips,0,[],0,[],4092,1
MBS-17,No active trips,0,[],0,[],1073,1
MBS-17 MHB-HBL-JHV-PSS,No active trips,0,[],0,[],8842,0
500-BA,No active trips,0,[],0,[],1718,0
500-BA,No active trips,0,[],0,[],1718,1
293-P,No active trips,0,[],0,[],4785,0
293-P,No active trips,0,[],0,[],4785,1
291 KBS-MNP,No active trips,0,[],0,[],8668,0
291 KBS-MNP,No active trips,0,[],0,[],8668,1
291 SBS-MNP,No active trips,0,[],0,[],7689,0
291 SBS-MNP,No active trips,0,[],0,[],7689,1
354-C CSB-MRS,No active trips,0,[],0,[],6611,0
354-C CSB-MRS,No active trips,0,[],0,[],6611,1
354-C D38G-MSR,No active trips,0,[],0,[],8459,0
354-A,No active trips,0,[],0,[],5324,0
354-A,No active trips,0,[],0,[],5324,1
354-C,No active trips,0,[],0,[],4904,0
354-C,No active trips,0,[],0,[],4904,1
240-BA D31G-MMN,No active trips,0,[],0,[],1860,0
240-BA,No active trips,0,[],0,[],1859,0
240-BA,No active trips,0,[],0,[],1859,1
KLN-UTM,No active trips,0,[],0,[],4343,0
255 MTH-DSP,No active trips,0,[],0,[],3175,1
255-AA DSP-MTH,No active trips,0,[],0,[],4141,0
255,No active trips,0,[],0,[],2623,0
255,No active trips,0,[],0,[],2623,1
255-AA,No active trips,0,[],0,[],4084,0
255-AA,No active trips,0,[],0,[],4084,1
265-E,No active trips,0,[],0,[],3640,0
254,No active trips,0,[],0,[],2615,0
254 MVP-KBS,No active trips,0,[],0,[],8277,0
226-MA,No active trips,0,[],0,[],7949,0
226-MA,No active trips,0,[],0,[],7949,1
226-MA KBS-MYGH,No active trips,0,[],0,[],8964,0
226-MA KBS-MYGH,No active trips,0,[],0,[],8964,1
227-A BEML5-MYS,No active trips,0,[],0,[],1384,0
227-A,No active trips,0,[],0,[],1350,0
227-A,No active trips,0,[],0,[],1350,1
358,No active trips,0,[],0,[],5298,0
358,No active trips,0,[],0,[],5298,1
298-M KBS-BMVG-MYS,No active trips,0,[],0,[],7945,0
298-M KBS-BMVG-MYS,No active trips,0,[],0,[],7945,1
358 KBS-MYS,No active trips,0,[],0,[],5304,0
358 KBS-MYS,No active trips,0,[],0,[],5304,1
227-A SBS-MYS,No active trips,0,[],0,[],1383,1
APS-MYH,No active trips,0,[],0,[],7292,0
APS-MYH,No active trips,0,[],0,[],7292,1
MGR-APS,No active trips,0,[],0,[],7276,0
79-E MYH-SBS-NLO,No active trips,0,[],0,[],4984,0
311-J D24G-MDH,No active trips,0,[],0,[],6935,0
311-J,No active trips,0,[],0,[],6934,0
311-J,No active trips,0,[],0,[],6934,1
304-D,No active trips,0,[],0,[],2417,0
304-D,No active trips,0,[],0,[],2417,1
282B KBS-MSGH,No active trips,0,[],0,[],7483,0
356-ZB,No active trips,0,[],0,[],6612,0
356-ZB,No active trips,0,[],0,[],6612,1
290-J,No active trips,0,[],0,[],3931,0
290-J,No active trips,0,[],0,[],3931,1
217-E,No active trips,0,[],0,[],7150,0
217-E,No active trips,0,[],0,[],7150,1
13-K,No active trips,0,[],0,[],1638,0
13-K,No active trips,0,[],0,[],1638,1
D06G-MRS,No active trips,0,[],0,[],6583,0
280-K,No active trips,0,[],0,[],2637,0
280-K,No active trips,0,[],0,[],2637,1
280-K YHK-MTH,No active trips,0,[],0,[],2640,0
280-K YHK-MTH,No active trips,0,[],0,[],2640,1
99-A,No active trips,0,[],0,[],5075,0
99-A,No active trips,0,[],0,[],5075,1
94-C,No active trips,0,[],0,[],6152,0
94-C,No active trips,0,[],0,[],6152,1
99-A YTTMC-MKN,No active trips,0,[],0,[],2890,1
242-ZA,No active trips,0,[],0,[],8515,0
242-ZA,No active trips,0,[],0,[],8515,1
D31G-MCCVN,No active trips,0,[],0,[],5472,1
238-U CLO-MDPC,No active trips,0,[],0,[],5685,1
238-U,No active trips,0,[],0,[],5664,0
238-U,No active trips,0,[],0,[],5664,1
238-U SBS-MDPC,No active trips,0,[],0,[],5686,0
238-U SBS-MDPC,No active trips,0,[],0,[],5686,1
238-VA,No active trips,0,[],0,[],4017,0
238-VA,No active trips,0,[],0,[],4017,1
238-V,No active trips,0,[],0,[],6740,0
238-V,No active trips,0,[],0,[],6740,1
195 SBS-CLO-MDPC,No active trips,0,[],0,[],8173,0
211-H,No active trips,0,[],0,[],1869,0
211-H,No active trips,0,[],0,[],1869,1
214-C,No active trips,0,[],0,[],1896,0
214-C,No active trips,0,[],0,[],1896,1
214-C KBS-MKD,No active trips,0,[],0,[],2291,0
214-C KBS-MKD,No active trips,0,[],0,[],2291,1
227-Y,No active trips,0,[],0,[],1392,0
227-Y,No active trips,0,[],0,[],1392,1
36-D,No active trips,0,[],0,[],2139,0
36-D,No active trips,0,[],0,[],2139,1
214-E,No active trips,0,[],0,[],1807,0
214-E,No active trips,0,[],0,[],1807,1
250-CC,No active trips,0,[],0,[],2329,0
250-CC,No active trips,0,[],0,[],2329,1
330-M,No active trips,0,[],0,[],2224,0
330-M,No active trips,0,[],0,[],2224,1
D06G-MNK,No active trips,0,[],0,[],6580,1
333-H D41G-MKO,No active trips,0,[],0,[],3858,0
338,No active trips,0,[],0,[],4905,0
338,No active trips,0,[],0,[],4905,1
333-H,No active trips,0,[],0,[],2227,0
333-H,No active trips,0,[],0,[],2227,1
330-H,No active trips,0,[],0,[],3674,0
330-H,No active trips,0,[],0,[],3674,1
266-A D45G-MKTR,No active trips,0,[],0,[],4149,0
266-A D45G-MKTR,No active trips,0,[],0,[],4149,1
266-A,No active trips,0,[],0,[],4146,0
266-A,No active trips,0,[],0,[],4146,1
321,No active trips,0,[],0,[],1053,0
321,No active trips,0,[],0,[],1053,1
251-G,No active trips,0,[],0,[],2503,0
251-G,No active trips,0,[],0,[],2503,1
251-G KBS-MTKR,No active trips,0,[],0,[],2616,0
251-G KBS-MTKR,No active trips,0,[],0,[],2616,1
266-J,No active trips,0,[],0,[],4212,0
266-J,No active trips,0,[],0,[],4212,1
321-E,No active trips,0,[],0,[],3295,0
321-E,No active trips,0,[],0,[],3295,1
304-F,No active trips,0,[],0,[],8584,0
304-F,No active trips,0,[],0,[],8584,1
329 D41G-MTS,No active trips,0,[],0,[],3466,0
329 D41G-MTS,No active trips,0,[],0,[],3466,1
329-M,No active trips,0,[],0,[],3814,0
329-M,No active trips,0,[],0,[],3814,1
329,No active trips,0,[],0,[],3464,0
329,No active trips,0,[],0,[],3464,1
329-D,No active trips,0,[],0,[],3482,0
329-D,No active trips,0,[],0,[],3482,1
266-G D45-MTGHL,No active trips,0,[],0,[],4207,1
266-G,No active trips,0,[],0,[],4196,0
266-G,No active trips,0,[],0,[],4196,1
266-G YTTMC-MTGH,No active trips,0,[],0,[],4211,0
266-G YTTMC-MTGH,No active trips,0,[],0,[],4211,1
293-E,No active trips,0,[],0,[],5271,0
293-E,No active trips,0,[],0,[],5271,1
322,No active trips,0,[],0,[],3312,0
322,No active trips,0,[],0,[],3312,1
293-E SBS-MTH,No active trips,0,[],0,[],5274,1
231-C,No active trips,0,[],0,[],1442,0
231-C,No active trips,0,[],0,[],1442,1
231-C MRGP-KMT-KBS,No active trips,0,[],0,[],1443,0
271-K,No active trips,0,[],0,[],3459,0
271-K,No active trips,0,[],0,[],3459,1
271-K MTK-VSD-KBS,No active trips,0,[],0,[],6618,0
271-K VSD,No active trips,0,[],0,[],3462,0
342-Z,No active trips,0,[],0,[],2098,0
342-Z,No active trips,0,[],0,[],2098,1
342-B,No active trips,0,[],0,[],2081,0
342-B,No active trips,0,[],0,[],2081,1
350-B,No active trips,0,[],0,[],5445,0
350-B,No active trips,0,[],0,[],5445,1
350-B KBS-MTN,No active trips,0,[],0,[],7664,0
350-B KBS-MTN,No active trips,0,[],0,[],7664,1
351-M,No active trips,0,[],0,[],5307,0
351-M,No active trips,0,[],0,[],5307,1
213-Q HRH-MTRPR,No active trips,0,[],0,[],6479,0
366-KA D34G-MRD,No active trips,0,[],0,[],7589,0
366-KA D34G-MRD,No active trips,0,[],0,[],7589,1
365-S,No active trips,0,[],0,[],1997,0
365-S,No active trips,0,[],0,[],1997,1
366-KA KBS-MRD,No active trips,0,[],0,[],8327,1
293-K CTHS-MYNH,No active trips,0,[],0,[],8365,0
293-K CTHS-MYNH,No active trips,0,[],0,[],8365,1
258-E D43G-MYLH,No active trips,0,[],0,[],7912,0
258-E D43G-MYLH,No active trips,0,[],0,[],7912,1
293-K,No active trips,0,[],0,[],1596,0
293-K,No active trips,0,[],0,[],1596,1
258-E KBS-MYH,No active trips,0,[],0,[],8314,1
281-H MYLH-KBS,No active trips,0,[],0,[],3756,0
293-KA,No active trips,0,[],0,[],4515,0
293-KA,No active trips,0,[],0,[],4515,1
290-Z,No active trips,0,[],0,[],1326,0
290-Z,No active trips,0,[],0,[],1326,1
281-F YHKOT-MLH,No active trips,0,[],0,[],5503,0
281-F YHKOT-MLH,No active trips,0,[],0,[],5503,1
266-B,No active trips,0,[],0,[],4152,0
266-B,No active trips,0,[],0,[],4152,1
266-N KMT-MLPH,No active trips,0,[],0,[],4365,1
266-N KBS-MLP,No active trips,0,[],0,[],8302,0
266-N KBS-MLP,No active trips,0,[],0,[],8302,1
343-M,No active trips,0,[],0,[],3370,0
343-M,No active trips,0,[],0,[],3370,1
346-E,No active trips,0,[],0,[],8309,0
346-E,No active trips,0,[],0,[],8309,1
K-2 BSN-MRBS,No active trips,0,[],0,[],7805,0
K-2 BSN-MRBS,No active trips,0,[],0,[],7805,1
DPJN-MCTC,No active trips,0,[],0,[],6929,1
241-G MRBS-D35G,No active trips,0,[],0,[],7871,0
241-G MRBS-D35G,No active trips,0,[],0,[],7871,1
401-NY,No active trips,0,[],0,[],7133,0
401-NY,No active trips,0,[],0,[],7133,1
K-2B HBL-MRBS,No active trips,0,[],0,[],8488,0
180-A,No active trips,0,[],0,[],8450,0
180-A,No active trips,0,[],0,[],8450,1
K-2A,No active trips,0,[],0,[],4627,0
MF-47,No active trips,0,[],0,[],7149,0
MF-47A,No active trips,0,[],0,[],7148,0
K-2 MRBS-RMV 2,No active trips,0,[],0,[],8275,0
K-2 MRBS-RMV 2,No active trips,0,[],0,[],8275,1
248-P,No active trips,0,[],0,[],2292,0
248-P,No active trips,0,[],0,[],2292,1
401-NY YTTMC-MRBS,No active trips,0,[],0,[],7134,0
401-NY YTTMC-MRBS,No active trips,0,[],0,[],7134,1
410-FA YTTMC-MRBS,No active trips,0,[],0,[],4235,0
410-K JHC-NDHMF,No active trips,0,[],0,[],4462,1
500-QN,No active trips,0,[],0,[],2948,0
500-QN,No active trips,0,[],0,[],2948,1
301-A KMT-NRIL,No active trips,0,[],0,[],5848,1
D45G-NCBS,No active trips,0,[],0,[],7478,0
288-J MGRMS-NCBS,No active trips,0,[],0,[],7477,0
288-J MGRMS-NCBS,No active trips,0,[],0,[],7477,1
D30-NES,No active trips,0,[],0,[],7009,0
D30-NES,No active trips,0,[],0,[],7009,1
407-B,No active trips,0,[],0,[],8675,0
407-C,No active trips,0,[],0,[],8676,0
CHAKRA-17,No active trips,0,[],0,[],4584,0
CHAKRA-17A,No active trips,0,[],0,[],4585,0
NICE-10E D38-MDV,No active trips,0,[],0,[],8161,0
NICE-8C D38G-MDV,No active trips,0,[],0,[],6682,0
NICE-8C D38G-MDV,No active trips,0,[],0,[],6682,1
KMT-YHK-NITTE,No active trips,0,[],0,[],4511,1
G-9 SBS-NITTE,No active trips,0,[],0,[],6453,0
BSK-NRC,No active trips,0,[],0,[],5858,0
BSK-NRC,No active trips,0,[],0,[],5858,1
31 KMT-NRC,No active trips,0,[],0,[],4408,0
31,No active trips,0,[],0,[],4430,0
31,No active trips,0,[],0,[],4430,1
31 NRC-VSD-KBS,No active trips,0,[],0,[],4963,0
77-B,No active trips,0,[],0,[],5094,0
77-B,No active trips,0,[],0,[],5094,1
32,No active trips,0,[],0,[],3286,0
32,No active trips,0,[],0,[],3286,1
25-H,No active trips,0,[],0,[],2217,0
25-H,No active trips,0,[],0,[],2217,1
305-F D24G-NDVC,No active trips,0,[],0,[],2972,0
305-F D24G-NDVC,No active trips,0,[],0,[],2972,1
305-F,No active trips,0,[],0,[],8885,0
305-F,No active trips,0,[],0,[],8885,1
305-H,No active trips,0,[],0,[],2975,0
305-H,No active trips,0,[],0,[],2975,1
305,No active trips,0,[],0,[],2959,0
305,No active trips,0,[],0,[],2959,1
305-S,No active trips,0,[],0,[],7132,0
305-S,No active trips,0,[],0,[],7132,1
317-V,No active trips,0,[],0,[],3250,0
317-V,No active trips,0,[],0,[],3250,1
285-A,No active trips,0,[],0,[],2044,0
285-A,No active trips,0,[],0,[],2044,1
285-A KBS-NGDH,No active trips,0,[],0,[],3993,0
285-A KBS-NGDH,No active trips,0,[],0,[],3993,1
211-D,No active trips,0,[],0,[],1848,0
211-D,No active trips,0,[],0,[],1848,1
361-K KMT-NGKH,No active trips,0,[],0,[],5463,0
361-K KMT-NGKH,No active trips,0,[],0,[],5463,1
321-D,No active trips,0,[],0,[],3294,0
321-D,No active trips,0,[],0,[],3294,1
VTTMC-MDP-NBC,No active trips,0,[],0,[],7474,0
VTTMC-MDP-NBC,No active trips,0,[],0,[],7474,1
292-D SBS-NNHD,No active trips,0,[],0,[],5009,1
241-H,No active trips,0,[],0,[],1952,0
241-H,No active trips,0,[],0,[],1952,1
241-Q,No active trips,0,[],0,[],1965,0
241-Q,No active trips,0,[],0,[],1965,1
NNH-BLR,No active trips,0,[],0,[],7011,0
D48G-KNP-NNH,No active trips,0,[],0,[],7626,0
292,No active trips,0,[],0,[],4353,0
292,No active trips,0,[],0,[],4353,1
292-B,No active trips,0,[],0,[],3940,0
292-B,No active trips,0,[],0,[],3940,1
292-D,No active trips,0,[],0,[],4629,0
MF-24 LGR-NGMS,No active trips,0,[],0,[],5406,0
314 KBS-NGWP,No active trips,0,[],0,[],7246,1
314,No active trips,0,[],0,[],1117,0
501-D,No active trips,0,[],0,[],2276,1
290-EN,No active trips,0,[],0,[],2635,0
290-EN,No active trips,0,[],0,[],2635,1
TR-4,No active trips,0,[],0,[],2791,0
TR-4,No active trips,0,[],0,[],2791,1
TR-4 VTTMC-NGV,No active trips,0,[],0,[],8194,0
TR-4 VTTMC-NGV,No active trips,0,[],0,[],8194,1
212-C D44-NGP,No active trips,0,[],0,[],7598,0
212-C D44-NGP,No active trips,0,[],0,[],7598,1
212-CA,No active trips,0,[],0,[],8441,0
212-CA,No active trips,0,[],0,[],8441,1
212-C,No active trips,0,[],0,[],7155,0
212-C,No active trips,0,[],0,[],7155,1
258-TC,No active trips,0,[],0,[],2028,0
258-TC,No active trips,0,[],0,[],2028,1
324 NGH-D41G,No active trips,0,[],0,[],3362,0
324 NGH-D41G,No active trips,0,[],0,[],3362,1
324-A,No active trips,0,[],0,[],3365,0
324-A,No active trips,0,[],0,[],3365,1
214-J,No active trips,0,[],0,[],1948,0
214-J,No active trips,0,[],0,[],1948,1
316-U,No active trips,0,[],0,[],3214,0
333-G,No active trips,0,[],0,[],3855,0
333-G,No active trips,0,[],0,[],3855,1
77-E,No active trips,0,[],0,[],4988,0
77-E,No active trips,0,[],0,[],4988,1
80-A,No active trips,0,[],0,[],3598,0
80-A,No active trips,0,[],0,[],3598,1
79-E NLO-VSD-SBS-MYH,No active trips,0,[],0,[],4982,0
MF-48,No active trips,0,[],0,[],8090,0
MF-48,No active trips,0,[],0,[],8090,1
79-E,No active trips,0,[],0,[],4980,0
79-E,No active trips,0,[],0,[],4980,1
79E VSD-NLO,No active trips,0,[],0,[],4985,0
79E VSD-NLO,No active trips,0,[],0,[],4985,1
80-A YTTMC-NLO,No active trips,0,[],0,[],3600,0
80-A YTTMC-NLO,No active trips,0,[],0,[],3600,1
350-E D38G-NJP,No active trips,0,[],0,[],8424,0
350-E D38G-NJP,No active trips,0,[],0,[],8424,1
345-C,No active trips,0,[],0,[],3465,0
345-C,No active trips,0,[],0,[],3465,1
350-E KBS-NJP,No active trips,0,[],0,[],5192,0
350-E KBS-NJP,No active trips,0,[],0,[],5192,1
345-C SNBS-NJP,No active trips,0,[],0,[],7092,1
285-MP KBS-NAGH,No active trips,0,[],0,[],2459,1
238-W D31G-NRP,No active trips,0,[],0,[],1854,0
238-UN,No active trips,0,[],0,[],8300,0
238-UN,No active trips,0,[],0,[],8300,1
238-W,No active trips,0,[],0,[],1852,0
238-W,No active trips,0,[],0,[],1852,1
360-N,No active trips,0,[],0,[],2811,0
360-N,No active trips,0,[],0,[],2811,1
360-N KBS-NSP,No active trips,0,[],0,[],8960,0
255-E,No active trips,0,[],0,[],2628,0
255-E,No active trips,0,[],0,[],2628,1
255-E KBS-NSP,No active trips,0,[],0,[],3184,0
351,No active trips,0,[],0,[],5199,0
351,No active trips,0,[],0,[],5199,1
351-A,No active trips,0,[],0,[],4932,0
351-A,No active trips,0,[],0,[],4932,1
306-E,No active trips,0,[],0,[],3022,0
306-E,No active trips,0,[],0,[],3022,1
306-E KBS-NYK,No active trips,0,[],0,[],3026,0
306-E KBS-NYK,No active trips,0,[],0,[],3026,1
215-NG,No active trips,0,[],0,[],2325,0
215-NG,No active trips,0,[],0,[],2325,1
212-B,No active trips,0,[],0,[],1895,0
212-B,No active trips,0,[],0,[],1895,1
KLN-NTKH,No active trips,0,[],0,[],7080,0
KLN-NTKH,No active trips,0,[],0,[],7080,1
KMT-NLS,No active trips,0,[],0,[],8495,0
KMT-NLS,No active trips,0,[],0,[],8495,1
225-C KBS-NLS,No active trips,0,[],0,[],8498,0
225-C KBS-NLS,No active trips,0,[],0,[],8498,1
328-H NPTS-ATB,No active trips,0,[],0,[],7641,0
213-C,No active trips,0,[],0,[],1907,0
213-C,No active trips,0,[],0,[],1907,1
K-2B,No active trips,0,[],0,[],8486,0
K-2B,No active trips,0,[],0,[],8486,1
143-A,No active trips,0,[],0,[],1660,0
143-A,No active trips,0,[],0,[],1660,1
143,No active trips,0,[],0,[],1030,0
143,No active trips,0,[],0,[],1030,1
144,No active trips,0,[],0,[],1247,0
144,No active trips,0,[],0,[],1247,1
144-G ARMPS-NRG,No active trips,0,[],0,[],7298,0
144-G ARMPS-NRG,No active trips,0,[],0,[],7298,1
144-E D6G-KFC-NRG,No active trips,0,[],0,[],6124,1
D6G-NRG,No active trips,0,[],0,[],1643,0
144-E,No active trips,0,[],0,[],1043,0
144-E,No active trips,0,[],0,[],1043,1
298-ME KMT-AGO-NLR,No active trips,0,[],0,[],6272,0
298-ME KMT-NLR,No active trips,0,[],0,[],5933,1
298-ME YHK-NLR,No active trips,0,[],0,[],5934,1
323-H,No active trips,0,[],0,[],3349,0
323-H,No active trips,0,[],0,[],3349,1
377-A,No active trips,0,[],0,[],3955,0
377-A,No active trips,0,[],0,[],3955,1
374-N D35G-TVK-NML,No active trips,0,[],0,[],4314,0
374-N D35G-TVK-NML,No active trips,0,[],0,[],4314,1
258 D43G-VNC-NMG,No active trips,0,[],0,[],7908,0
258 D43G-VNC-NMG,No active trips,0,[],0,[],7908,1
406 HBLB-NMG,No active trips,0,[],0,[],7218,0
255-F,No active trips,0,[],0,[],7439,0
255-F,No active trips,0,[],0,[],7439,1
258,No active trips,0,[],0,[],1633,0
258,No active trips,0,[],0,[],1633,1
240-F,No active trips,0,[],0,[],3357,0
240-F,No active trips,0,[],0,[],3357,1
242-TC,No active trips,0,[],0,[],1834,0
242-TC,No active trips,0,[],0,[],1834,1
245-A,No active trips,0,[],0,[],3562,0
245-A,No active trips,0,[],0,[],3562,1
245-H,No active trips,0,[],0,[],3648,0
245-H,No active trips,0,[],0,[],3648,1
245-KN,No active trips,0,[],0,[],8635,0
245-KN,No active trips,0,[],0,[],8635,1
BC-7A KDBGC-MNKH-NMG,No active trips,0,[],0,[],7638,0
BC-7A KDBGC-MNKH-NMG,No active trips,0,[],0,[],7638,1
242-B KBS-TVK-NML,No active trips,0,[],0,[],4318,1
245-HA,No active trips,0,[],0,[],3658,0
245-HA,No active trips,0,[],0,[],3658,1
258-B,No active trips,0,[],0,[],1990,0
258-C,No active trips,0,[],0,[],1164,0
258-C,No active trips,0,[],0,[],1164,1
258-CC,No active trips,0,[],0,[],1967,0
258-CC,No active trips,0,[],0,[],1967,1
EXP-258C,No active trips,0,[],0,[],8437,0
EXP-258C,No active trips,0,[],0,[],8437,1
374-M,No active trips,0,[],0,[],3977,0
374-M,No active trips,0,[],0,[],3977,1
374-MA,No active trips,0,[],0,[],2618,0
374-MA,No active trips,0,[],0,[],2618,1
G-8,No active trips,0,[],0,[],2759,0
G-8,No active trips,0,[],0,[],2759,1
248-G MRTG-JHC-NMG,No active trips,0,[],0,[],4688,0
248-G MRTG-JHC-NMG,No active trips,0,[],0,[],4688,1
406,No active trips,0,[],0,[],7169,0
406,No active trips,0,[],0,[],7169,1
406 NES-CKNH-NMG,No active trips,0,[],0,[],7186,0
248-HA NMG-NMG,No active trips,0,[],0,[],3308,0
CHAKRA-1,No active trips,0,[],0,[],7438,0
CHAKRA-1 NMG-BTNG-NMG,No active trips,0,[],0,[],8654,0
CHAKRA-1A,No active trips,0,[],0,[],7437,0
CHAKRA-1A NMG-BTNR-NMG,No active trips,0,[],0,[],8655,0
256-F,No active trips,0,[],0,[],2644,0
401-AN PTH-NMG,No active trips,0,[],0,[],7997,0
401-AN PTH-NMG,No active trips,0,[],0,[],7997,1
258 SNBS-NMG,No active trips,0,[],0,[],6081,0
258-N,No active trips,0,[],0,[],2008,0
258-N,No active trips,0,[],0,[],2008,1
258-C VSD FLY,No active trips,0,[],0,[],1646,0
258-C VSD FLY,No active trips,0,[],0,[],1646,1
401-AN,No active trips,0,[],0,[],1512,0
401-AN,No active trips,0,[],0,[],1512,1
406 YHKOT-NMG,No active trips,0,[],0,[],7191,1
407,No active trips,0,[],0,[],3523,0
407,No active trips,0,[],0,[],3523,1
407-F,No active trips,0,[],0,[],3541,0
407-F,No active trips,0,[],0,[],3541,1
253-B,No active trips,0,[],0,[],2514,0
253-B,No active trips,0,[],0,[],2514,1
258-CB,No active trips,0,[],0,[],1636,0
258-CB,No active trips,0,[],0,[],1636,1
EXP-258C YBS-NGM,No active trips,0,[],0,[],8442,0
EXP-258C YBS-NGM,No active trips,0,[],0,[],8442,1
258-C KBS-NMGRS,No active trips,0,[],0,[],1975,0
258-C KBS-NMGRS,No active trips,0,[],0,[],1975,1
297,No active trips,0,[],0,[],3708,0
323-F D41G-NRG,No active trips,0,[],0,[],5797,0
323-E,No active trips,0,[],0,[],3345,0
323-E,No active trips,0,[],0,[],3345,1
323-F,No active trips,0,[],0,[],2741,0
323-F,No active trips,0,[],0,[],2741,1
323-L,No active trips,0,[],0,[],3351,0
323-L,No active trips,0,[],0,[],3351,1
143-E NTVB5-KMT,No active trips,0,[],0,[],7273,0
213-A,No active trips,0,[],0,[],1906,0
213-A,No active trips,0,[],0,[],1906,1
213-N,No active trips,0,[],0,[],1928,0
213-N,No active trips,0,[],0,[],1928,1
317-NG,No active trips,0,[],0,[],3606,0
317-NG,No active trips,0,[],0,[],3606,1
372-C D34G-NSB,No active trips,0,[],0,[],4464,0
372-C D34G-NSB,No active trips,0,[],0,[],4464,1
372-C,No active trips,0,[],0,[],2505,0
372-C,No active trips,0,[],0,[],2505,1
372-F,No active trips,0,[],0,[],2510,0
372-F,No active trips,0,[],0,[],2510,1
228-D,No active trips,0,[],0,[],8902,0
228-D,No active trips,0,[],0,[],8902,1
G-9 HBL-YST5NA,No active trips,0,[],0,[],8637,0
366 D34-NSR,No active trips,0,[],0,[],7593,0
366-F,No active trips,0,[],0,[],5109,0
366-F,No active trips,0,[],0,[],5109,1
366-QA,No active trips,0,[],0,[],5119,0
366-QA,No active trips,0,[],0,[],5119,1
CLO-NTR,No active trips,0,[],0,[],8189,0
NDC-SNBS-KBS,No active trips,0,[],0,[],4417,0
211-T,No active trips,0,[],0,[],1887,0
211-T,No active trips,0,[],0,[],1887,1
302 KLN-OBH,No active trips,0,[],0,[],7081,0
302 KLN-OBH,No active trips,0,[],0,[],7081,1
122,No active trips,0,[],0,[],1756,0
122,No active trips,0,[],0,[],1756,1
123,No active trips,0,[],0,[],1755,0
BEML5-OHJC,No active trips,0,[],0,[],8834,0
303-G KLN-OST,No active trips,0,[],0,[],2880,0
303-G KLN-OST,No active trips,0,[],0,[],2880,1
303-G,No active trips,0,[],0,[],2879,0
303-G,No active trips,0,[],0,[],2879,1
600-F BSK-OMC,No active trips,0,[],0,[],2695,0
600-F BSK-OMC,No active trips,0,[],0,[],2695,1
D38-PESCE,No active trips,0,[],0,[],6536,0
D38-PESCE,No active trips,0,[],0,[],6536,1
D38G-ELC-PESK,No active trips,0,[],0,[],7662,0
D42G-PESK,No active trips,0,[],0,[],6833,0
D42G-PESK,No active trips,0,[],0,[],6833,1
342-F KBS-PESCK,No active trips,0,[],0,[],5970,0
15-A,No active trips,0,[],0,[],1681,0
15-A,No active trips,0,[],0,[],1681,1
13-B,No active trips,0,[],0,[],1163,0
13-B,No active trips,0,[],0,[],1163,1
12-B,No active trips,0,[],0,[],3912,0
12-B,No active trips,0,[],0,[],3912,1
327-B D41G-PND,No active trips,0,[],0,[],3419,1
327-B,No active trips,0,[],0,[],3418,0
327-B,No active trips,0,[],0,[],3418,1
336,No active trips,0,[],0,[],1266,1
333-Q KBS-PTR,No active trips,0,[],0,[],8900,0
333-Q KBS-PTR,No active trips,0,[],0,[],8900,1
237-J,No active trips,0,[],0,[],1102,0
237-J,No active trips,0,[],0,[],1102,1
342-U,No active trips,0,[],0,[],3317,0
342-U,No active trips,0,[],0,[],3317,1
SBS-PRTC,No active trips,0,[],0,[],7286,1
346-G,No active trips,0,[],0,[],5451,0
346-G,No active trips,0,[],0,[],5451,1
PESCE-PAH,No active trips,0,[],0,[],6518,0
D36G-PRSP,No active trips,0,[],0,[],5643,0
D36G-PRSP,No active trips,0,[],0,[],5643,1
226-K KMT-PRSP,No active trips,0,[],0,[],6869,0
226-K KMT-PRSP,No active trips,0,[],0,[],6869,1
228-A,No active trips,0,[],0,[],1397,0
228-A,No active trips,0,[],0,[],1397,1
285-F PTML-BRPR,No active trips,0,[],0,[],4000,0
D46-PTML,No active trips,0,[],0,[],2470,0
D46-PTML,No active trips,0,[],0,[],2470,1
285-M PTML-DVH,No active trips,0,[],0,[],2445,0
285 HBLB-PTML,No active trips,0,[],0,[],7181,0
285 HBLB-PTML,No active trips,0,[],0,[],7181,1
285-J PTML-JLG,No active trips,0,[],0,[],4015,0
285-MK KMT-PTML,No active trips,0,[],0,[],7192,1
G-10 KMT-THS-PTML,No active trips,0,[],0,[],7213,0
G-10 KMT-THS-PTML,No active trips,0,[],0,[],7213,1
285-K PTMT-CVB-KBS,No active trips,0,[],0,[],7336,0
KLRH-PTML,No active trips,0,[],0,[],5592,1
KDGC-PTML,No active trips,0,[],0,[],6734,1
285-MP PTML-NAGH,No active trips,0,[],0,[],2458,0
290-E SBS-PTLM,No active trips,0,[],0,[],7210,0
401-AK PSS-ABG,No active trips,0,[],0,[],3878,0
252-L,No active trips,0,[],0,[],2826,0
252-L,No active trips,0,[],0,[],2826,1
BC-7B BDYH-PSS,No active trips,0,[],0,[],8276,0
D22-PSS,No active trips,0,[],0,[],1548,0
D22-PSS,No active trips,0,[],0,[],1548,1
401-AM,No active trips,0,[],0,[],1427,0
401-AM,No active trips,0,[],0,[],1427,1
507,No active trips,0,[],0,[],8543,0
507,No active trips,0,[],0,[],8543,1
252,No active trips,0,[],0,[],1553,0
252,No active trips,0,[],0,[],1553,1
252-F,No active trips,0,[],0,[],1621,0
252-F,No active trips,0,[],0,[],1621,1
273,No active trips,0,[],0,[],2559,0
273,No active trips,0,[],0,[],2559,1
G-252 KBS D9 D22-PSS,No active trips,0,[],0,[],8178,0
252 LGR-PSS,No active trips,0,[],0,[],1610,0
252 LGR-PSS,No active trips,0,[],0,[],1610,1
401-AM PTH-PSS,No active trips,0,[],0,[],1428,0
401-AM PTH-PSS,No active trips,0,[],0,[],1428,1
252-A,No active trips,0,[],0,[],1612,0
252-A,No active trips,0,[],0,[],1612,1
401-A,No active trips,0,[],0,[],1367,0
401-A,No active trips,0,[],0,[],1367,1
D9-PSS,No active trips,0,[],0,[],1549,0
D9-PSS,No active trips,0,[],0,[],1549,1
MBS-17 MRHB-HBL-PSS,No active trips,0,[],0,[],7632,1
BC-7B BDH-PSBS,No active trips,0,[],0,[],3889,0
BC-7B BDH-PSBS,No active trips,0,[],0,[],3889,1
270-A SBS-PSBS,No active trips,0,[],0,[],8590,0
270-A SBS-PSBS,No active trips,0,[],0,[],8590,1
248-PS,No active trips,0,[],0,[],1564,0
248-PS,No active trips,0,[],0,[],1564,1
273-PS,No active trips,0,[],0,[],2577,0
273-PS,No active trips,0,[],0,[],2577,1
502-PS,No active trips,0,[],0,[],2516,0
502-PS,No active trips,0,[],0,[],2516,1
POWA-KBS,No active trips,0,[],0,[],8378,0
255-C DSP-PLH,No active trips,0,[],0,[],3204,1
255-C,No active trips,0,[],0,[],2315,0
255-C,No active trips,0,[],0,[],2315,1
248-Y,No active trips,0,[],0,[],2313,0
255-C KBS-PLH,No active trips,0,[],0,[],3199,0
255-C KBS-PLH,No active trips,0,[],0,[],3199,1
305-Q,No active trips,0,[],0,[],2999,0
305-Q,No active trips,0,[],0,[],2999,1
305-Q SBS-PGH,No active trips,0,[],0,[],8735,0
YTTMC-GGP-PTCA,No active trips,0,[],0,[],4803,0
YTTMC-GGP-PTCA,No active trips,0,[],0,[],4803,1
344-F,No active trips,0,[],0,[],3394,0
344-F,No active trips,0,[],0,[],3394,1
317-C,No active trips,0,[],0,[],3224,0
317-C,No active trips,0,[],0,[],3224,1
317-CA,No active trips,0,[],0,[],3620,0
317-CA,No active trips,0,[],0,[],3620,1
D33-PPLO,No active trips,0,[],0,[],1575,0
D33-PPLO,No active trips,0,[],0,[],1575,1
45-K KMT-PPLO,No active trips,0,[],0,[],7195,0
45-K KMT-PPLO,No active trips,0,[],0,[],7195,1
15-E KBS-PPLO,No active trips,0,[],0,[],1684,0
15-E KBS-PPLO,No active trips,0,[],0,[],1684,1
210-KA KBS-PPLO,No active trips,0,[],0,[],2677,0
210-KA KBS-PPLO,No active trips,0,[],0,[],2677,1
210-NA,No active trips,0,[],0,[],2504,0
210-NA,No active trips,0,[],0,[],2504,1
210-ND KBS-PPLO,No active trips,0,[],0,[],3381,1
45-D KBS-PPLO,No active trips,0,[],0,[],2416,0
45-D KBS-PPLO,No active trips,0,[],0,[],2416,1
210-FA,No active trips,0,[],0,[],1945,0
210-FA,No active trips,0,[],0,[],1945,1
210-G SBS-ISRLO-PPLO,No active trips,0,[],0,[],2461,0
210-G SBS-ISRLO-PPLO,No active trips,0,[],0,[],2461,1
210-N PPLO-VSD-SBS,No active trips,0,[],0,[],8752,0
210-NP,No active trips,0,[],0,[],2401,0
210-NP,No active trips,0,[],0,[],2401,1
43-H,No active trips,0,[],0,[],1050,0
43-H,No active trips,0,[],0,[],1050,1
34-C SBS-PMLO,No active trips,0,[],0,[],5834,0
34-C SBS-PMLO,No active trips,0,[],0,[],5834,1
210-T,No active trips,0,[],0,[],2400,0
210-T,No active trips,0,[],0,[],2400,1
PTLMT-PRU,No active trips,0,[],0,[],8238,0
220-F,No active trips,0,[],0,[],1149,0
220-F,No active trips,0,[],0,[],1149,1
293-A,No active trips,0,[],0,[],5016,0
293-A,No active trips,0,[],0,[],5016,1
227-N,No active trips,0,[],0,[],1366,0
227-N,No active trips,0,[],0,[],1366,1
306-M,No active trips,0,[],0,[],3048,0
306-M,No active trips,0,[],0,[],3048,1
306-M PURA-KBS,No active trips,0,[],0,[],7573,0
306-M MDR-PURA,No active trips,0,[],0,[],5568,0
306-M MDR-PURA,No active trips,0,[],0,[],5568,1
306-S,No active trips,0,[],0,[],2433,0
306-S,No active trips,0,[],0,[],2433,1
ALS-PTH,No active trips,0,[],0,[],3706,0
ATR-PTH,No active trips,0,[],0,[],1531,0
ATR-PTH,No active trips,0,[],0,[],1531,1
401-R BEML5-PTH,No active trips,0,[],0,[],8163,0
D11-PTH,No active trips,0,[],0,[],1188,0
D11-PTH,No active trips,0,[],0,[],1188,1
D30-PTN,No active trips,0,[],0,[],1556,0
D30-PTN,No active trips,0,[],0,[],1556,1
285 KBS-YST-PTH,No active trips,0,[],0,[],1185,0
285 KBS-YST-PTH,No active trips,0,[],0,[],1185,1
285 KBS-YSTF-PTH,No active trips,0,[],0,[],1187,0
291-L PTN-MYLH,No active trips,0,[],0,[],3751,0
407 NMG-NES-PTH,No active trips,0,[],0,[],6942,0
284-B,No active trips,0,[],0,[],1414,0
290-E SBS-PTH,No active trips,0,[],0,[],1325,0
290-E SBS-PTH,No active trips,0,[],0,[],1325,1
290-EB SBS-PTH,No active trips,0,[],0,[],6326,0
290-EB SBS-PTH,No active trips,0,[],0,[],6326,1
TR-4A,No active trips,0,[],0,[],2801,0
TR-4A,No active trips,0,[],0,[],2801,1
290-Y,No active trips,0,[],0,[],4919,0
290-Y,No active trips,0,[],0,[],4919,1
D12-RRMC,No active trips,0,[],0,[],5373,0
223-D RRMC-DBT,No active trips,0,[],0,[],5755,0
RRC-KST,No active trips,0,[],0,[],8154,0
D14-RTN,No active trips,0,[],0,[],1568,0
D14-RTN,No active trips,0,[],0,[],1568,1
284 RTNP-YHK-OASIS,No active trips,0,[],0,[],4745,0
BSGK-KWS,No active trips,0,[],0,[],5690,0
356-M CPR-ANK-RMH,No active trips,0,[],0,[],5346,0
356-M CPR-ANK-RMH,No active trips,0,[],0,[],5346,1
360-S D38G-ANK-RMH,No active trips,0,[],0,[],5984,0
290-A,No active trips,0,[],0,[],4096,0
290-A,No active trips,0,[],0,[],4096,1
258 DSP-RGH,No active trips,0,[],0,[],8312,0
253-E,No active trips,0,[],0,[],1502,0
253-E,No active trips,0,[],0,[],1502,1
253-R,No active trips,0,[],0,[],2564,1
253-V,No active trips,0,[],0,[],2609,1
255-R,No active trips,0,[],0,[],7736,0
255-R,No active trips,0,[],0,[],7736,1
285-AA,No active trips,0,[],0,[],2043,0
285-AA,No active trips,0,[],0,[],2043,1
290-EK,No active trips,0,[],0,[],4041,0
290-EK,No active trips,0,[],0,[],4041,1
353-A,No active trips,0,[],0,[],5097,0
353-A,No active trips,0,[],0,[],5097,1
353,No active trips,0,[],0,[],8912,0
353,No active trips,0,[],0,[],8912,1
MF-14 BEML5-RRMS,No active trips,0,[],0,[],7140,0
MF-14 BEML5-RRMS,No active trips,0,[],0,[],7140,1
MF-38,No active trips,0,[],0,[],7904,0
80-R,No active trips,0,[],0,[],4666,0
80-R,No active trips,0,[],0,[],4666,1
269,No active trips,0,[],0,[],4248,0
269,No active trips,0,[],0,[],4248,1
D42G-RDM,No active trips,0,[],0,[],8394,0
253-FA,No active trips,0,[],0,[],8939,0
253-FA,No active trips,0,[],0,[],8939,1
253-FA KBS-RDH,No active trips,0,[],0,[],8940,0
253-FA KBS-RDH,No active trips,0,[],0,[],8940,1
258-S KBS-RDH,No active trips,0,[],0,[],1808,1
285-B RMGH-KBS,No active trips,0,[],0,[],1334,0
V-EXP RMN-1,No active trips,0,[],0,[],8996,0
V-EXP RMN-1,No active trips,0,[],0,[],8996,1
V-EXP RMN-1 MRBS-RMN,No active trips,0,[],0,[],9000,1
370-E D34G-RND,No active trips,0,[],0,[],7595,0
370-E D34G-RND,No active trips,0,[],0,[],7595,1
370-E,No active trips,0,[],0,[],6322,0
370-E,No active trips,0,[],0,[],6322,1
323-G D41G-RMN,No active trips,0,[],0,[],5798,1
323-G,No active trips,0,[],0,[],3347,0
323-G,No active trips,0,[],0,[],3347,1
210-Z BSK-RMLO,No active trips,0,[],0,[],4617,1
210-J,No active trips,0,[],0,[],2432,0
210-J,No active trips,0,[],0,[],2432,1
210-J VSD,No active trips,0,[],0,[],2434,1
351-C,No active trips,0,[],0,[],5202,1
351-C KBS-RMS,No active trips,0,[],0,[],5203,0
351-C KBS-RMS,No active trips,0,[],0,[],5203,1
367 BSK-RSD,No active trips,0,[],0,[],4388,0
367 BSK-RSD,No active trips,0,[],0,[],4388,1
MF-39,No active trips,0,[],0,[],5360,0
MF-39,No active trips,0,[],0,[],5360,1
223-E DPN-RMS,No active trips,0,[],0,[],8670,0
367 D34G-RSD,No active trips,0,[],0,[],4391,1
221-E,No active trips,0,[],0,[],1154,0
221-E,No active trips,0,[],0,[],1154,1
223-E,No active trips,0,[],0,[],1197,0
223-E,No active trips,0,[],0,[],1197,1
367,No active trips,0,[],0,[],4369,0
367,No active trips,0,[],0,[],4369,1
235-K KBS-RMS,No active trips,0,[],0,[],1538,0
235-K KBS-RMS,No active trips,0,[],0,[],1538,1
223-E RRMC-RMS,No active trips,0,[],0,[],7646,0
223-E SBS-RMS,No active trips,0,[],0,[],1829,0
223-E SBS-RMS,No active trips,0,[],0,[],1829,1
GGP-RMSP,No active trips,0,[],0,[],7202,0
GGP-RMSP,No active trips,0,[],0,[],7202,1
201-V CSB-RMN,No active trips,0,[],0,[],8011,0
201-V CSB-RMN,No active trips,0,[],0,[],8011,1
314-T D06G-VBP,No active trips,0,[],0,[],3498,1
MF-1F D06G-RMN,No active trips,0,[],0,[],6756,1
MF-1F D6G-RMN,No active trips,0,[],0,[],7567,0
MF-1F D6G-RMN,No active trips,0,[],0,[],7567,1
314-T RMN-VSD-KBS,No active trips,0,[],0,[],5425,1
MF-1F,No active trips,0,[],0,[],6755,0
MF-1F,No active trips,0,[],0,[],6755,1
314-T VSD-RMN,No active trips,0,[],0,[],4890,0
227 RMH-SBS,No active trips,0,[],0,[],6380,0
227 SBS-KMT FLY-RMH,No active trips,0,[],0,[],1340,1
307,No active trips,0,[],0,[],3076,0
307,No active trips,0,[],0,[],3076,1
313-F,No active trips,0,[],0,[],3117,0
313-F,No active trips,0,[],0,[],3117,1
294-F,No active trips,0,[],0,[],4878,0
294-F,No active trips,0,[],0,[],4878,1
315-J,No active trips,0,[],0,[],3163,0
315-J,No active trips,0,[],0,[],3163,1
MDR-AVLH-RMP,No active trips,0,[],0,[],7110,0
MDR-AVLH-RMP,No active trips,0,[],0,[],7110,1
294-H,No active trips,0,[],0,[],4881,0
294-H,No active trips,0,[],0,[],4881,1
307 SBS-RMP,No active trips,0,[],0,[],7111,0
307 SBS-RMP,No active trips,0,[],0,[],7111,1
306-MB,No active trips,0,[],0,[],3054,0
306-MB,No active trips,0,[],0,[],3054,1
258-C KBS-RGW,No active trips,0,[],0,[],7124,0
258-C KBS-RGW,No active trips,0,[],0,[],7124,1
213 GPO-VSD-LBWG-RGL,No active trips,0,[],0,[],8429,0
213 GPO-VSD-LBWG-RGL,No active trips,0,[],0,[],8429,1
213,No active trips,0,[],0,[],1873,0
213,No active trips,0,[],0,[],1873,1
213-S,No active trips,0,[],0,[],6764,0
213-S,No active trips,0,[],0,[],6764,1
80-D,No active trips,0,[],0,[],5092,0
80-D,No active trips,0,[],0,[],5092,1
80-D SBS-VSD-KBS-RBJN,No active trips,0,[],0,[],5235,0
80-D YTTMC-RBJN,No active trips,0,[],0,[],5236,0
80-D YTTMC-RBJN,No active trips,0,[],0,[],5236,1
257-C D43G-RVH,No active trips,0,[],0,[],7911,0
257-C D43G-RVH,No active trips,0,[],0,[],7911,1
245,No active trips,0,[],0,[],3449,0
245,No active trips,0,[],0,[],3449,1
257-C,No active trips,0,[],0,[],2661,0
257-C,No active trips,0,[],0,[],2661,1
346-C KMT-RYS,No active trips,0,[],0,[],3509,0
346-C KMT-RYS,No active trips,0,[],0,[],3509,1
346-C,No active trips,0,[],0,[],3505,0
346-C,No active trips,0,[],0,[],3505,1
RZP-D52G,No active trips,0,[],0,[],7683,0
282-C,No active trips,0,[],0,[],3635,0
282-C,No active trips,0,[],0,[],3635,1
290-R,No active trips,0,[],0,[],4999,0
290-R,No active trips,0,[],0,[],4999,1
290-RB,No active trips,0,[],0,[],7899,0
293,No active trips,0,[],0,[],2608,0
293,No active trips,0,[],0,[],2608,1
282-C KBS-RJP,No active trips,0,[],0,[],7827,1
289-A YHKOT-RZKP,No active trips,0,[],0,[],4733,0
289-A YHKOT-RZKP,No active trips,0,[],0,[],4733,1
D14G-RPA,No active trips,0,[],0,[],5609,0
RPA-SBS,No active trips,0,[],0,[],7372,0
V-BMT13-BSK-RMM,No active trips,0,[],0,[],2162,0
V-BMT13-BSK-RMM,No active trips,0,[],0,[],2162,1
V-365 KBS-RMM,No active trips,0,[],0,[],4834,1
KIA-14,No active trips,0,[],0,[],6463,0
KIA-14,No active trips,0,[],0,[],6463,1
298,No active trips,0,[],0,[],4570,0
298,No active trips,0,[],0,[],4570,1
298 SDHG-RMG-KRC-SNBS,No active trips,0,[],0,[],7027,0
104,No active trips,0,[],0,[],1492,0
104,No active trips,0,[],0,[],1492,1
285-K,No active trips,0,[],0,[],1179,0
285-K KBS-SDNH,No active trips,0,[],0,[],2326,0
285-K KBS-SDNH,No active trips,0,[],0,[],2326,1
213-R,No active trips,0,[],0,[],1934,0
213-R,No active trips,0,[],0,[],1934,1
250-CA,No active trips,0,[],0,[],2327,0
250-CA,No active trips,0,[],0,[],2327,1
80-K,No active trips,0,[],0,[],4933,0
80-K,No active trips,0,[],0,[],4933,1
360-S D38G-SMDR,No active trips,0,[],0,[],6135,0
360-S D38G-SMDR,No active trips,0,[],0,[],6135,1
360-S,No active trips,0,[],0,[],2842,0
360-S,No active trips,0,[],0,[],2842,1
321-C,No active trips,0,[],0,[],5550,0
321-C,No active trips,0,[],0,[],5550,1
304-M,No active trips,0,[],0,[],2420,0
304-M,No active trips,0,[],0,[],2420,1
350-D,No active trips,0,[],0,[],5476,0
350-D,No active trips,0,[],0,[],5476,1
350-D KBS-SPN,No active trips,0,[],0,[],5488,0
350-D KBS-SPN,No active trips,0,[],0,[],5488,1
J9THB-SGH,No active trips,0,[],0,[],8796,0
213-VD SGH-HRHD,No active trips,0,[],0,[],8552,0
213-VD SGH-HRHD,No active trips,0,[],0,[],8552,1
D4-SGH,No active trips,0,[],0,[],1675,0
D4-SGH,No active trips,0,[],0,[],1675,1
45-K,No active trips,0,[],0,[],5841,0
45-K,No active trips,0,[],0,[],5841,1
342-D SJP-SVM,No active trips,0,[],0,[],8403,0
342-D SJP-SVM,No active trips,0,[],0,[],8403,1
G-2 D06G-JN SJP,No active trips,0,[],0,[],8549,0
G-2 D06G-JN SJP,No active trips,0,[],0,[],8549,1
G-2 ATO-SJP,No active trips,0,[],0,[],8786,0
3F-1,No active trips,0,[],0,[],5340,1
3F-5,No active trips,0,[],0,[],5341,0
3F-5,No active trips,0,[],0,[],5341,1
328-HS,No active trips,0,[],0,[],8480,0
328-HS,No active trips,0,[],0,[],8480,1
500-CS,No active trips,0,[],0,[],7085,0
500-CS,No active trips,0,[],0,[],7085,1
CPR-1,No active trips,0,[],0,[],5368,0
CPR-1,No active trips,0,[],0,[],5368,1
G-2 CHM-SJP,No active trips,0,[],0,[],5540,0
342 D42G-SJP,No active trips,0,[],0,[],6825,0
342 D42G-SJP,No active trips,0,[],0,[],6825,1
342-F GGS-SJP,No active trips,0,[],0,[],5227,0
342-F GGS-SJP,No active trips,0,[],0,[],5227,1
342-A,No active trips,0,[],0,[],1039,0
342-A,No active trips,0,[],0,[],1039,1
500-C KRPGH-SJP,No active trips,0,[],0,[],8466,0
500-C KRPGH-SJP,No active trips,0,[],0,[],8466,1
342-F,No active trips,0,[],0,[],1013,0
342-F,No active trips,0,[],0,[],1013,1
G-2 KBS-MYH-SJP,No active trips,0,[],0,[],8901,0
G-2 KBS-MYH-SJP,No active trips,0,[],0,[],8901,1
V-342F,No active trips,0,[],0,[],2153,0
V-342F,No active trips,0,[],0,[],2153,1
342 KDTV-SJP,No active trips,0,[],0,[],8928,0
342-F KRMTTMC-STJN-SJP,No active trips,0,[],0,[],3219,1
G-2,No active trips,0,[],0,[],1221,0
G-2,No active trips,0,[],0,[],1221,1
342-H,No active trips,0,[],0,[],2093,0
342-H,No active trips,0,[],0,[],2093,1
342-F SJWA-SJP,No active trips,0,[],0,[],7502,1
342-F SJBHS-SJP,No active trips,0,[],0,[],8390,0
250-SB,No active trips,0,[],0,[],2486,0
250-SB,No active trips,0,[],0,[],2486,1
250-SB PSS-SVG,No active trips,0,[],0,[],2786,1
241-M,No active trips,0,[],0,[],1953,0
241-M,No active trips,0,[],0,[],1953,1
241-G KBS-SGH,No active trips,0,[],0,[],1951,0
241-G KBS-SGH,No active trips,0,[],0,[],1951,1
311-J SBS-SGH,No active trips,0,[],0,[],3104,0
311-J SBS-SGH,No active trips,0,[],0,[],3104,1
MF-9,No active trips,0,[],0,[],8819,0
MF-9,No active trips,0,[],0,[],8819,1
MF-9 TNF-SRM,No active trips,0,[],0,[],8820,0
MF-9 TNF-SRM,No active trips,0,[],0,[],8820,1
333-N D41G-SRP,No active trips,0,[],0,[],3760,0
333-N,No active trips,0,[],0,[],2583,0
333-N,No active trips,0,[],0,[],2583,1
KBS-13K SOQ-KDG,No active trips,0,[],0,[],6543,0
CLO-SKTG,No active trips,0,[],0,[],4177,0
D45-SMRP,No active trips,0,[],0,[],4225,1
266-N,No active trips,0,[],0,[],4221,0
266-N,No active trips,0,[],0,[],4221,1
415-D,No active trips,0,[],0,[],3325,0
415-D,No active trips,0,[],0,[],3325,1
CLO-SNB,No active trips,0,[],0,[],3495,0
96-G D31G-SNB,No active trips,0,[],0,[],3488,0
96-G D31G-SNB,No active trips,0,[],0,[],3488,1
96-B VSD,No active trips,0,[],0,[],3506,0
96-B VSD,No active trips,0,[],0,[],3506,1
96-C,No active trips,0,[],0,[],4892,0
96-C,No active trips,0,[],0,[],4892,1
96-G,No active trips,0,[],0,[],3486,0
96-G,No active trips,0,[],0,[],3486,1
95-G,No active trips,0,[],0,[],5126,0
95-G,No active trips,0,[],0,[],5126,1
95-B YTTMC-SNBS,No active trips,0,[],0,[],5130,1
96-G YTTMC-SNB,No active trips,0,[],0,[],3489,0
96-G YTTMC-SNB,No active trips,0,[],0,[],3489,1
CALLBUS-02 ANP-SNBS,No active trips,0,[],0,[],4427,1
G-6 BEML5-SNBS,No active trips,0,[],0,[],5387,0
G-6 BEML5-SNBS,No active trips,0,[],0,[],5387,1
G-6B,No active trips,0,[],0,[],8117,0
G-6B,No active trips,0,[],0,[],8117,1
226-M BDD-SNBS,No active trips,0,[],0,[],1301,0
226-M BDD-SNBS,No active trips,0,[],0,[],1301,1
CSB-SNBS,No active trips,0,[],0,[],7485,0
CSB-SNBS,No active trips,0,[],0,[],7485,1
G-6 D12G-SBT,No active trips,0,[],0,[],3988,1
G-6 SNBS-LMG-D12G,No active trips,0,[],0,[],8263,0
CALLBUS-7,No active trips,0,[],0,[],8289,0
CALLBUS-7,No active trips,0,[],0,[],8289,1
317-SB SNBS-HSMT-HSK,No active trips,0,[],0,[],7935,0
KMT-SNBS,No active trips,0,[],0,[],1006,0
KMT-SNBS,No active trips,0,[],0,[],1006,1
KRPGH-RBM-BMS-SNBS,No active trips,0,[],0,[],5460,0
KRPGH-RBM-BMS-SNBS,No active trips,0,[],0,[],5460,1
G-2 MH-SNBS,No active trips,0,[],0,[],5830,0
G-2 MH-SNBS,No active trips,0,[],0,[],5830,1
MYH-SNBS,No active trips,0,[],0,[],1250,0
MYH-SNBS,No active trips,0,[],0,[],1250,1
CALLBUS-03 PPLO-SNBS,No active trips,0,[],0,[],8666,0
MF-16A,No active trips,0,[],0,[],7117,0
G-6 FLYOVER,No active trips,0,[],0,[],3984,0
G-6 FLYOVER,No active trips,0,[],0,[],3984,1
27 KVN-SNBS,No active trips,0,[],0,[],8757,0
27 KVN-SNBS,No active trips,0,[],0,[],8757,1
D34G-SKL,No active trips,0,[],0,[],4458,0
D34G-SKL,No active trips,0,[],0,[],4458,1
369-B,No active trips,0,[],0,[],4376,0
369-B,No active trips,0,[],0,[],4376,1
369-D,No active trips,0,[],0,[],4377,0
369-D,No active trips,0,[],0,[],4377,1
366-C,No active trips,0,[],0,[],5108,0
366-C,No active trips,0,[],0,[],5108,1
365-E,No active trips,0,[],0,[],1168,0
365-E,No active trips,0,[],0,[],1168,1
273 JHC-SDN,No active trips,0,[],0,[],8591,0
273-H,No active trips,0,[],0,[],4812,0
273-H,No active trips,0,[],0,[],4812,1
273 SDN-PSS,No active trips,0,[],0,[],8592,0
273-H SBS-SDN,No active trips,0,[],0,[],4835,0
273-H SBS-SDN,No active trips,0,[],0,[],4835,1
329-J SNBS-SNH,No active trips,0,[],0,[],1081,0
329-J SNBS-SNH,No active trips,0,[],0,[],1081,1
329-J,No active trips,0,[],0,[],1079,0
329-J,No active trips,0,[],0,[],1079,1
248-L,No active trips,0,[],0,[],2284,0
248-L,No active trips,0,[],0,[],2284,1
354-A STH-D38G,No active trips,0,[],0,[],6256,0
354,No active trips,0,[],0,[],5306,0
354,No active trips,0,[],0,[],5306,1
354-B,No active trips,0,[],0,[],5326,0
354-B,No active trips,0,[],0,[],5326,1
354-B KBS-KMT-STH,No active trips,0,[],0,[],5327,1
248-V D35G-STH,No active trips,0,[],0,[],2571,0
248-V,No active trips,0,[],0,[],2295,0
248-V,No active trips,0,[],0,[],2295,1
346-A,No active trips,0,[],0,[],5443,0
346-A,No active trips,0,[],0,[],5443,1
293-N SBS-SPB,No active trips,0,[],0,[],4137,1
222-F,No active trips,0,[],0,[],1142,0
222-F,No active trips,0,[],0,[],1142,1
238-U KBS-KHBQ,No active trips,0,[],0,[],7393,0
G-6,No active trips,0,[],0,[],1083,0
G-6,No active trips,0,[],0,[],1083,1
402-B YSTF-VSD-SBS,No active trips,0,[],0,[],6304,0
G-9 SBS-YSTF,No active trips,0,[],0,[],8551,0
G-9 SBS-YSTF,No active trips,0,[],0,[],8551,1
290-F,No active trips,0,[],0,[],3795,0
290-F,No active trips,0,[],0,[],3795,1
215-N D44-SBS,No active trips,0,[],0,[],8278,1
63,No active trips,0,[],0,[],3820,0
63,No active trips,0,[],0,[],3820,1
225-B SBS-BEML5,No active trips,0,[],0,[],1468,0
291-LA BSF-SBS,No active trips,0,[],0,[],7340,0
347-G,No active trips,0,[],0,[],3565,0
347-G,No active trips,0,[],0,[],3565,1
330-B,No active trips,0,[],0,[],7982,0
330-B,No active trips,0,[],0,[],7982,1
BCGHS-GBC,No active trips,0,[],0,[],8096,0
362-C SBS-CSB,No active trips,0,[],0,[],7358,1
225-CA SBS-KMT-CNS,No active trips,0,[],0,[],8168,1
293 SBS-CHLS,No active trips,0,[],0,[],8057,0
293 D10G-SBS,No active trips,0,[],0,[],4255,0
293 D10G-SBS,No active trips,0,[],0,[],4255,1
228-E SBS-MGS-D12G,No active trips,0,[],0,[],7930,0
107-C D14G-SBS,No active trips,0,[],0,[],4589,0
107-C D14G-SBS,No active trips,0,[],0,[],4589,1
300-E D24G-SBS,No active trips,0,[],0,[],3828,0
311 D24G-SBS,No active trips,0,[],0,[],3058,0
G-7 D35G-KBS-SBS,No active trips,0,[],0,[],4283,1
258-N SBS-D43G,No active trips,0,[],0,[],7890,0
290-S D45G-TDL-SBS,No active trips,0,[],0,[],6327,0
293-G D48G-SBS,No active trips,0,[],0,[],4880,1
293-SB SBS-D52G,No active trips,0,[],0,[],8707,0
293-SB SBS-D52G,No active trips,0,[],0,[],8707,1
223-A FLY,No active trips,0,[],0,[],1281,0
223-A FLY,No active trips,0,[],0,[],1281,1
305-R DDH-SBS,No active trips,0,[],0,[],8493,0
330-G SBS-MRHB-DDNK,No active trips,0,[],0,[],6099,0
DMLMDA-SBS,No active trips,0,[],0,[],7256,0
63-B,No active trips,0,[],0,[],4274,0
266 HGV-MTK-SBS,No active trips,0,[],0,[],6839,0
V-150,No active trips,0,[],0,[],8891,0
331-A SBS-KDG,No active trips,0,[],0,[],7261,0
293 KLN-LGP-SBS,No active trips,0,[],0,[],5638,0
293 KLN-LGP-SBS,No active trips,0,[],0,[],5638,1
290-R KNR-THS-SBS,No active trips,0,[],0,[],3722,0
290-R KNR-THS-SBS,No active trips,0,[],0,[],3722,1
311 KHCQ-SBS,No active trips,0,[],0,[],7243,0
129,No active trips,0,[],0,[],996,0
129,No active trips,0,[],0,[],996,1
V-129,No active trips,0,[],0,[],2126,0
V-129,No active trips,0,[],0,[],2126,1
362-B,No active trips,0,[],0,[],8643,0
362-B,No active trips,0,[],0,[],8643,1
37 LBMS-SBS,No active trips,0,[],0,[],8968,0
293 LHIC-SBS,No active trips,0,[],0,[],8036,0
161-D SBS-BTMS,No active trips,0,[],0,[],5637,0
139-MRS-SBS,No active trips,0,[],0,[],6584,0
112-A SBS-MDG,No active trips,0,[],0,[],8573,0
112-A SBS-MDG,No active trips,0,[],0,[],8573,1
112A MDG-SBS,No active trips,0,[],0,[],7422,0
291-L,No active trips,0,[],0,[],3745,0
291-L,No active trips,0,[],0,[],3745,1
63 SBS-MRBS,No active trips,0,[],0,[],7101,0
298 NITTE-HBL-SBS,No active trips,0,[],0,[],8653,0
238-E NTR-SBS,No active trips,0,[],0,[],8188,0
285 SBS-MKC-PTLM,No active trips,0,[],0,[],7569,0
285 SBS-MKC-PTLM,No active trips,0,[],0,[],7569,1
13 PPLO-SBS,No active trips,0,[],0,[],3319,0
13 PPLO-SBS,No active trips,0,[],0,[],3319,1
13-C SBS-PPLO,No active trips,0,[],0,[],8920,0
80-D SBS-RBJM,No active trips,0,[],0,[],5233,0
80-D SBS-RBJM,No active trips,0,[],0,[],5233,1
G-2 SBS-SJP,No active trips,0,[],0,[],1223,0
G-2 SBS-SJP,No active trips,0,[],0,[],1223,1
285-V,No active trips,0,[],0,[],2046,0
285-V,No active trips,0,[],0,[],2046,1
BCSS-SBS,No active trips,0,[],0,[],4252,0
BCSS-SBS,No active trips,0,[],0,[],4252,1
SBS-SJHSTMS,No active trips,0,[],0,[],2955,0
13 SBS-SJBHS,No active trips,0,[],0,[],6782,0
13 SJHS-SBS,No active trips,0,[],0,[],5038,0
139 SBS-KFC-SVM,No active trips,0,[],0,[],8942,0
214-A SBS-JBS-TTG,No active trips,0,[],0,[],8775,0
214-A SBS-JBS-TTG,No active trips,0,[],0,[],8775,1
234-E SBS-KMT-UST,No active trips,0,[],0,[],8155,0
VJN-KMT FLy-VSD-SBS,No active trips,0,[],0,[],7769,0
362-CA,No active trips,0,[],0,[],3070,0
362-CA,No active trips,0,[],0,[],3070,1
144-E SBS-NLS-VVK,No active trips,0,[],0,[],8490,0
144-E SBS-NLS-VVK,No active trips,0,[],0,[],8490,1
79-A,No active trips,0,[],0,[],5086,0
79-A,No active trips,0,[],0,[],5086,1
251,No active trips,0,[],0,[],6592,0
251,No active trips,0,[],0,[],6592,1
251 KBS-SVK,No active trips,0,[],0,[],7732,1
317-SP,No active trips,0,[],0,[],3602,0
317-SP,No active trips,0,[],0,[],3602,1
317-QS,No active trips,0,[],0,[],8826,0
317-QS,No active trips,0,[],0,[],8826,1
370,No active trips,0,[],0,[],2469,0
370,No active trips,0,[],0,[],2469,1
258-F D43G-SVP,No active trips,0,[],0,[],7920,0
D43-SVP,No active trips,0,[],0,[],3398,0
D43-SVP,No active trips,0,[],0,[],3398,1
256 KMT-SVP,No active trips,0,[],0,[],3400,0
258-F KMT-SVP,No active trips,0,[],0,[],3454,0
258-F KMT-SVP,No active trips,0,[],0,[],3454,1
304-VA,No active trips,0,[],0,[],2423,0
304-VA,No active trips,0,[],0,[],2423,1
258-F,No active trips,0,[],0,[],1991,0
258-F,No active trips,0,[],0,[],1991,1
212-C KMT-SHVA,No active trips,0,[],0,[],1900,1
217-D KBS-SHV,No active trips,0,[],0,[],3911,0
43,No active trips,0,[],0,[],2943,0
43,No active trips,0,[],0,[],2943,1
43-E,No active trips,0,[],0,[],1072,0
43-E,No active trips,0,[],0,[],1072,1
D33G-BSK3,No active trips,0,[],0,[],3870,0
D33G-BSK3,No active trips,0,[],0,[],3870,1
13-E,No active trips,0,[],0,[],1090,0
13-E,No active trips,0,[],0,[],1090,1
34-A,No active trips,0,[],0,[],3866,0
34-A,No active trips,0,[],0,[],3866,1
140-A,No active trips,0,[],0,[],1744,1
PTH-SUAP,No active trips,0,[],0,[],3082,0
YHKOT-SUAP,No active trips,0,[],0,[],5978,1
226-K,No active trips,0,[],0,[],1242,0
226-K,No active trips,0,[],0,[],1242,1
361 KBS-SHK,No active trips,0,[],0,[],8898,0
361 KBS-SHK,No active trips,0,[],0,[],8898,1
272-B,No active trips,0,[],0,[],4309,0
272-B,No active trips,0,[],0,[],4309,1
258 KBS-SMP,No active trips,0,[],0,[],7146,0
258 KBS-SMP,No active trips,0,[],0,[],7146,1
500-D KRPRLY-SNCS,No active trips,0,[],0,[],8370,0
500-D KRPRLY-SNCS,No active trips,0,[],0,[],8370,1
293-D,No active trips,0,[],0,[],5026,0
293-D,No active trips,0,[],0,[],5026,1
316-M,No active trips,0,[],0,[],3205,0
316-M,No active trips,0,[],0,[],3205,1
293-D SBS-SGH,No active trips,0,[],0,[],5028,1
271-C,No active trips,0,[],0,[],4280,0
271-C,No active trips,0,[],0,[],4280,1
271-C KBS-VSD-SGP,No active trips,0,[],0,[],4282,1
272-E,No active trips,0,[],0,[],4285,0
272-E,No active trips,0,[],0,[],4285,1
351-H,No active trips,0,[],0,[],5288,0
351-H,No active trips,0,[],0,[],5288,1
351-H KBS-SGA,No active trips,0,[],0,[],5303,0
351-H KBS-SGA,No active trips,0,[],0,[],5303,1
238-UC D31G-VSL,No active trips,0,[],0,[],1849,0
238-UC,No active trips,0,[],0,[],1839,0
238-UC,No active trips,0,[],0,[],1839,1
ARMPS-SMVRS,No active trips,0,[],0,[],7253,0
ARMPS-SMVRS,No active trips,0,[],0,[],7253,1
V-500VA ATB-CSB-SVMR,No active trips,0,[],0,[],8663,0
MF-5,No active trips,0,[],0,[],1789,0
MF-5,No active trips,0,[],0,[],1789,1
V-MF5,No active trips,0,[],0,[],8913,0
V-MF5,No active trips,0,[],0,[],8913,1
V-MF5 ELC-SMVT,No active trips,0,[],0,[],8914,0
V-MF5 ELC-SMVT,No active trips,0,[],0,[],8914,1
V-MF5 ELC-SMVT Fly,No active trips,0,[],0,[],8915,0
V-MF5 ELC-SMVT Fly,No active trips,0,[],0,[],8915,1
300-MV,No active trips,0,[],0,[],2725,0
300-MV,No active trips,0,[],0,[],2725,1
V-300MV,No active trips,0,[],0,[],6545,0
V-300MV,No active trips,0,[],0,[],6545,1
290-MV PTH-SMVT,No active trips,0,[],0,[],8489,0
290-MV PTH-SMVT,No active trips,0,[],0,[],8489,1
300-MV SBS-SMVT,No active trips,0,[],0,[],6268,0
300-MV SBS-SMVT,No active trips,0,[],0,[],6268,1
290-MV,No active trips,0,[],0,[],8487,0
290-MV,No active trips,0,[],0,[],8487,1
300-R,No active trips,0,[],0,[],7715,0
300-R,No active trips,0,[],0,[],7715,1
300-R YRS-KBS-SMVR,No active trips,0,[],0,[],8199,0
300-R YRS-KBS-SMVR,No active trips,0,[],0,[],8199,1
SBS-TOC,No active trips,0,[],0,[],7267,1
350-A D38G-SMA,No active trips,0,[],0,[],8453,0
350-A D38G-SMA,No active trips,0,[],0,[],8453,1
350-A,No active trips,0,[],0,[],8235,0
350-A,No active trips,0,[],0,[],8235,1
342-T,No active trips,0,[],0,[],3277,0
342-T,No active trips,0,[],0,[],3277,1
242-SK,No active trips,0,[],0,[],8689,0
242-SK,No active trips,0,[],0,[],8689,1
258-C KBS-SLR,No active trips,0,[],0,[],3851,1
317-SR,No active trips,0,[],0,[],3551,0
317-SR,No active trips,0,[],0,[],3551,1
306-G,No active trips,0,[],0,[],3034,0
306-G,No active trips,0,[],0,[],3034,1
211-BA,No active trips,0,[],0,[],1845,0
211-BA,No active trips,0,[],0,[],1845,1
211,No active trips,0,[],0,[],1840,0
211,No active trips,0,[],0,[],1840,1
211-B,No active trips,0,[],0,[],1844,1
348-C,No active trips,0,[],0,[],1824,0
250-F,No active trips,0,[],0,[],2346,0
250-F,No active trips,0,[],0,[],2346,1
250-F PSS-SSHL,No active trips,0,[],0,[],2770,0
250-F PSS-SSHL,No active trips,0,[],0,[],2770,1
316-T,No active trips,0,[],0,[],3213,0
316-T,No active trips,0,[],0,[],3213,1
217-D SMP-VSD-KBS,No active trips,0,[],0,[],7096,0
252-G SBS-VSD-SNG,No active trips,0,[],0,[],8866,1
222-H,No active trips,0,[],0,[],1143,0
222-H,No active trips,0,[],0,[],1143,1
298-MG KBS-SNH,No active trips,0,[],0,[],5183,0
PTML-SNH,No active trips,0,[],0,[],7209,0
222-H SBS-KMT Fly-SNH,No active trips,0,[],0,[],8339,1
290-E SBS-SNH,No active trips,0,[],0,[],7208,1
298-MG YHKOT-SNH,No active trips,0,[],0,[],5181,1
238-U SPHS-MDPC,No active trips,0,[],0,[],5996,0
144-E SNBS-SPHS,No active trips,0,[],0,[],5777,0
SBS-SPHSL,No active trips,0,[],0,[],3715,0
SBS-SPHSL,No active trips,0,[],0,[],3715,1
245-M,No active trips,0,[],0,[],6337,0
245-M,No active trips,0,[],0,[],6337,1
286-D,No active trips,0,[],0,[],1513,0
286-D,No active trips,0,[],0,[],1513,1
286-D SRP-KBS,No active trips,0,[],0,[],1543,0
286-L,No active trips,0,[],0,[],8883,0
286-L,No active trips,0,[],0,[],8883,1
286-D PTH-SRP,No active trips,0,[],0,[],1514,0
286-D PTH-SRP,No active trips,0,[],0,[],1514,1
286-C,No active trips,0,[],0,[],7125,0
286-C,No active trips,0,[],0,[],7125,1
291 SBS-SDH,No active trips,0,[],0,[],8144,0
291 SBS-SDH,No active trips,0,[],0,[],8144,1
291,No active trips,0,[],0,[],4312,0
343-R,No active trips,0,[],0,[],8878,0
343-R,No active trips,0,[],0,[],8878,1
369-NR,No active trips,0,[],0,[],8876,0
369-NR,No active trips,0,[],0,[],8876,1
362-CR,No active trips,0,[],0,[],8877,0
362-CR,No active trips,0,[],0,[],8877,1
410-F BSK-SSPC,No active trips,0,[],0,[],4704,1
286-E,No active trips,0,[],0,[],1515,0
286-E,No active trips,0,[],0,[],1515,1
286-E SVKTN-KBS,No active trips,0,[],0,[],1517,0
286-E PTH-SVKTN,No active trips,0,[],0,[],1516,0
286-E PTH-SVKTN,No active trips,0,[],0,[],1516,1
248-F,No active trips,0,[],0,[],2275,0
248-F,No active trips,0,[],0,[],2275,1
36,No active trips,0,[],0,[],6378,0
36,No active trips,0,[],0,[],6378,1
36 KBS-VSD-SNR,No active trips,0,[],0,[],6971,1
201 SGH-BSK-SNR,No active trips,0,[],0,[],7512,0
201 SGH-BSK-SNR,No active trips,0,[],0,[],7512,1
201 SGH-SRN,No active trips,0,[],0,[],1779,1
SGH-SNR,No active trips,0,[],0,[],3302,0
SGH-SNR,No active trips,0,[],0,[],3302,1
37,No active trips,0,[],0,[],1005,0
37,No active trips,0,[],0,[],1005,1
36 VSD-SNR,No active trips,0,[],0,[],7839,1
36 VSDH-SNR,No active trips,0,[],0,[],7840,0
201 VVK-SNR,No active trips,0,[],0,[],2863,0
201 VVK-SNR,No active trips,0,[],0,[],2863,1
227-RA,No active trips,0,[],0,[],1835,0
227-RA,No active trips,0,[],0,[],1835,1
228-J,No active trips,0,[],0,[],1407,0
228-J,No active trips,0,[],0,[],1407,1
258-J,No active trips,0,[],0,[],1644,1
355-A D38G-SRP,No active trips,0,[],0,[],8457,0
355-A,No active trips,0,[],0,[],4903,0
355-A,No active trips,0,[],0,[],4903,1
SRPS-SWK-AGS-KBS,No active trips,0,[],0,[],5116,0
501-A ST BEN-BSK,No active trips,0,[],0,[],7343,0
218 KBS-STBTS,No active trips,0,[],0,[],7858,0
218 KBS-STBTS,No active trips,0,[],0,[],7858,1
227-GA STBEN-KMT-KBS,No active trips,0,[],0,[],5218,0
401-KB STBEN-YTTMC,No active trips,0,[],0,[],4952,0
SCS-VSRL,No active trips,0,[],0,[],7537,0
302-D KMT- SJHST,No active trips,0,[],0,[],5959,0
302-D KMT- SJHST,No active trips,0,[],0,[],5959,1
342-D RDM-ST JOHN,No active trips,0,[],0,[],8402,0
STJHS-HBLB,No active trips,0,[],0,[],2954,0
290-E YHKOT-STJHS,No active trips,0,[],0,[],4599,1
168-D KBS-SJWA,No active trips,0,[],0,[],7504,1
342-H D42G-SJBHS,No active trips,0,[],0,[],8386,0
300-E SJBHS-KRP,No active trips,0,[],0,[],7308,0
227-G,No active trips,0,[],0,[],1358,0
227-G,No active trips,0,[],0,[],1358,1
347-M D38G-SBN,No active trips,0,[],0,[],8452,0
347-M D38G-SBN,No active trips,0,[],0,[],8452,1
347-M,No active trips,0,[],0,[],5492,0
347-M,No active trips,0,[],0,[],5492,1
227-Z SGH-KGR-D12G,No active trips,0,[],0,[],8252,0
227-Z,No active trips,0,[],0,[],1393,0
227-Z,No active trips,0,[],0,[],1393,1
283-A,No active trips,0,[],0,[],3668,0
283-A,No active trips,0,[],0,[],3668,1
283-A SGT-KBS,No active trips,0,[],0,[],3669,0
283 PTH-SGT,No active trips,0,[],0,[],3700,0
317-SH,No active trips,0,[],0,[],8892,0
317-SH,No active trips,0,[],0,[],8892,1
317-SH TNF-SLB,No active trips,0,[],0,[],8896,0
317-SH TNF-SLB,No active trips,0,[],0,[],8896,1
223-F,No active trips,0,[],0,[],1198,0
223-F,No active trips,0,[],0,[],1198,1
230-D,No active trips,0,[],0,[],8814,0
230-D,No active trips,0,[],0,[],8814,1
242-MA,No active trips,0,[],0,[],2672,0
242-MA,No active trips,0,[],0,[],2672,1
242-MA KBS-SLVR,No active trips,0,[],0,[],2673,0
242-MA KBS-SLVR,No active trips,0,[],0,[],2673,1
114,No active trips,0,[],0,[],1581,0
114,No active trips,0,[],0,[],1581,1
114-C,No active trips,0,[],0,[],1584,0
114-C,No active trips,0,[],0,[],1584,1
144-G KRM-STP,No active trips,0,[],0,[],6563,1
144-G,No active trips,0,[],0,[],1668,0
144-G,No active trips,0,[],0,[],1668,1
114-A,No active trips,0,[],0,[],1582,0
114-A,No active trips,0,[],0,[],1582,1
SJS-SBS-STP,No active trips,0,[],0,[],7396,0
SJS-SBS-STP,No active trips,0,[],0,[],7396,1
410-FA SNH-BSK,No active trips,0,[],0,[],7679,0
BC-8,No active trips,0,[],0,[],6877,0
BC-8,No active trips,0,[],0,[],6877,1
D31G-GDP,No active trips,0,[],0,[],7706,0
238-U KBS-SMH,No active trips,0,[],0,[],5992,0
80-G,No active trips,0,[],0,[],1595,0
80-G,No active trips,0,[],0,[],1595,1
374-S,No active trips,0,[],0,[],7726,0
374-S,No active trips,0,[],0,[],7726,1
80-G SNBS-KBS-SMH,No active trips,0,[],0,[],7846,0
171 KBS-SNCA,No active trips,0,[],0,[],5523,0
171 KBS-SNCA,No active trips,0,[],0,[],5523,1
361-K,No active trips,0,[],0,[],8281,0
361-K,No active trips,0,[],0,[],8281,1
D32-SRN,No active trips,0,[],0,[],1497,0
D32-SRN,No active trips,0,[],0,[],1497,1
KBS-3C FLYOVER,No active trips,0,[],0,[],1501,0
KBS-3C FLYOVER,No active trips,0,[],0,[],1501,1
288-DA D45G-SKB,No active trips,0,[],0,[],4167,0
288-DA D45G-SKB,No active trips,0,[],0,[],4167,1
288-DA,No active trips,0,[],0,[],4163,0
288-DA,No active trips,0,[],0,[],4163,1
MF-25A,No active trips,0,[],0,[],6880,0
MF-25A,No active trips,0,[],0,[],6880,1
BTP-SVM,No active trips,0,[],0,[],4947,0
BTP-SVM,No active trips,0,[],0,[],4947,1
MF-6,No active trips,0,[],0,[],2499,0
MF-6,No active trips,0,[],0,[],2499,1
V-MF6,No active trips,0,[],0,[],2252,0
V-MF6,No active trips,0,[],0,[],2252,1
MF-6 JBN-SVMS,No active trips,0,[],0,[],5831,0
MF-6 JBN-SVMS,No active trips,0,[],0,[],5831,1
MF-2,No active trips,0,[],0,[],7948,0
MF-2,No active trips,0,[],0,[],7948,1
500-C CSB-TCP,No active trips,0,[],0,[],7254,0
500-C CSB-TCP,No active trips,0,[],0,[],7254,1
301-E,No active trips,0,[],0,[],6894,0
301-E,No active trips,0,[],0,[],6894,1
226-T,No active trips,0,[],0,[],1320,0
226-T,No active trips,0,[],0,[],1320,1
255-D JHMS-TVHA,No active trips,0,[],0,[],3922,0
255-D JHMS-TVHA,No active trips,0,[],0,[],3922,1
258  KMT-TVHA,No active trips,0,[],0,[],8854,0
258-C KBS-VSD-TVHA,No active trips,0,[],0,[],8855,1
276-K,No active trips,0,[],0,[],8548,0
276-K,No active trips,0,[],0,[],8548,1
214,No active trips,0,[],0,[],1938,0
214,No active trips,0,[],0,[],1938,1
214-A,No active trips,0,[],0,[],1940,0
214-A,No active trips,0,[],0,[],1940,1
322-M,No active trips,0,[],0,[],1082,0
322-M,No active trips,0,[],0,[],1082,1
322-A,No active trips,0,[],0,[],3318,0
322-A,No active trips,0,[],0,[],3318,1
366-X,No active trips,0,[],0,[],5125,0
366-X,No active trips,0,[],0,[],5125,1
242 D35G-TVK,No active trips,0,[],0,[],1577,0
242 D35G-TVK,No active trips,0,[],0,[],1577,1
242-FA GDP-TVK,No active trips,0,[],0,[],6587,0
242-FA GDP-TVK,No active trips,0,[],0,[],6587,1
221-J,No active trips,0,[],0,[],1158,0
221-J,No active trips,0,[],0,[],1158,1
227-B,No active trips,0,[],0,[],1353,0
227-B,No active trips,0,[],0,[],1353,1
242,No active trips,0,[],0,[],1132,0
242,No active trips,0,[],0,[],1132,1
227-BA,No active trips,0,[],0,[],1352,0
227-BA,No active trips,0,[],0,[],1352,1
242-B,No active trips,0,[],0,[],1109,0
242-B,No active trips,0,[],0,[],1109,1
MF-42,No active trips,0,[],0,[],3112,0
MF-42,No active trips,0,[],0,[],3112,1
221-A,No active trips,0,[],0,[],8115,0
221-A,No active trips,0,[],0,[],8115,1
374-N,No active trips,0,[],0,[],3846,0
374-N,No active trips,0,[],0,[],3846,1
242-B SNBS-TVK (Calla Bus),No active trips,0,[],0,[],5747,0
241-S SBS-TVK,No active trips,0,[],0,[],6593,0
242-B SBS-TVK,No active trips,0,[],0,[],1719,0
THC-BLR,No active trips,0,[],0,[],7007,0
293-C KMT-THC,No active trips,0,[],0,[],7005,0
293 SBS-THC,No active trips,0,[],0,[],7008,1
KLN-TCL,No active trips,0,[],0,[],7052,1
290-M,No active trips,0,[],0,[],4284,0
290-M,No active trips,0,[],0,[],4284,1
290-M SPHS-TCL,No active trips,0,[],0,[],5671,0
211-AD,No active trips,0,[],0,[],4410,0
211-AD,No active trips,0,[],0,[],4410,1
D34-TGPM,No active trips,0,[],0,[],4475,0
D34-TGPM,No active trips,0,[],0,[],4475,1
MF-34,No active trips,0,[],0,[],2536,0
MF-34,No active trips,0,[],0,[],2536,1
MF-14A,No active trips,0,[],0,[],8180,0
MF-14A,No active trips,0,[],0,[],8180,1
372-M,No active trips,0,[],0,[],2522,0
372-M,No active trips,0,[],0,[],2522,1
253-W D40G-TMH,No active trips,0,[],0,[],7622,0
253-W,No active trips,0,[],0,[],2612,1
250-E,No active trips,0,[],0,[],2343,0
250-E,No active trips,0,[],0,[],2343,1
250-B,No active trips,0,[],0,[],2319,0
250-B,No active trips,0,[],0,[],2319,1
250-E PSS-TMH,No active trips,0,[],0,[],2767,0
290-B,No active trips,0,[],0,[],3975,0
290-B,No active trips,0,[],0,[],3975,1
290,No active trips,0,[],0,[],3925,0
290,No active trips,0,[],0,[],3925,1
290 SBS-RSL-TNS,No active trips,0,[],0,[],6148,0
290-B SJS-THS,No active trips,0,[],0,[],6550,0
290-B SJS-THS,No active trips,0,[],0,[],6550,1
317-TA D24G-TBH,No active trips,0,[],0,[],5475,0
305-M KMT-TBH,No active trips,0,[],0,[],3081,0
305-M KMT-TBH,No active trips,0,[],0,[],3081,1
317-TA,No active trips,0,[],0,[],3247,0
317-TA,No active trips,0,[],0,[],3247,1
299,No active trips,0,[],0,[],3761,0
299,No active trips,0,[],0,[],3761,1
305-M,No active trips,0,[],0,[],2983,0
285 HBLB-THS,No active trips,0,[],0,[],8417,0
401-AE,No active trips,0,[],0,[],3007,0
401-AE,No active trips,0,[],0,[],3007,1
283-E,No active trips,0,[],0,[],3726,0
283-E,No active trips,0,[],0,[],3726,1
285,No active trips,0,[],0,[],2038,0
285,No active trips,0,[],0,[],2038,1
285-N,No active trips,0,[],0,[],2099,0
285-N,No active trips,0,[],0,[],2099,1
401-T,No active trips,0,[],0,[],7865,0
401-T,No active trips,0,[],0,[],7865,1
214-D,No active trips,0,[],0,[],4413,0
214-D,No active trips,0,[],0,[],4413,1
214-D KMT-TRL,No active trips,0,[],0,[],1897,0
214-D KMT-TRL,No active trips,0,[],0,[],1897,1
600-CA BSK-TTH,No active trips,0,[],0,[],8613,0
600-CA BSK-TTH,No active trips,0,[],0,[],8613,1
356-A D38G-TTNH,No active trips,0,[],0,[],8124,0
356-A D38G-TTNH,No active trips,0,[],0,[],8124,1
356-AB,No active trips,0,[],0,[],8148,0
356-AB,No active trips,0,[],0,[],8148,1
356-A,No active trips,0,[],0,[],4970,0
356-A,No active trips,0,[],0,[],4970,1
317-TH,No active trips,0,[],0,[],3547,1
213-P,No active trips,0,[],0,[],1930,0
213-P,No active trips,0,[],0,[],1930,1
293 LHIA-BLS,No active trips,0,[],0,[],8873,0
293-R SBS-LHIA,No active trips,0,[],0,[],6180,0
293-R SBS-LHIA,No active trips,0,[],0,[],6180,1
D09G-TEPL,No active trips,0,[],0,[],8165,0
D09G-TEPL,No active trips,0,[],0,[],8165,1
265-A TEPL-KBS,No active trips,0,[],0,[],5713,0
265-A PSS-TEPL,No active trips,0,[],0,[],3951,0
D09G-TGP,No active trips,0,[],0,[],8307,0
D09G-TGP,No active trips,0,[],0,[],8307,1
243-B,No active trips,0,[],0,[],2925,0
243-B,No active trips,0,[],0,[],2925,1
243-C,No active trips,0,[],0,[],2930,0
243-C,No active trips,0,[],0,[],2930,1
243-D,No active trips,0,[],0,[],1590,0
243-D,No active trips,0,[],0,[],1590,1
252-FB,No active trips,0,[],0,[],2807,0
252-FB,No active trips,0,[],0,[],2807,1
252-FC,No active trips,0,[],0,[],2813,0
252-FC,No active trips,0,[],0,[],2813,1
265-B,No active trips,0,[],0,[],3619,0
265-B,No active trips,0,[],0,[],3619,1
258-SB,No active trips,0,[],0,[],6061,0
258-SB,No active trips,0,[],0,[],6061,1
226-C,No active trips,0,[],0,[],1235,0
226-C,No active trips,0,[],0,[],1235,1
317-TS,No active trips,0,[],0,[],3563,0
317-TS,No active trips,0,[],0,[],3563,1
342-E,No active trips,0,[],0,[],2088,0
342-E,No active trips,0,[],0,[],2088,1
288,No active trips,0,[],0,[],1274,0
288,No active trips,0,[],0,[],1274,1
306-B,No active trips,0,[],0,[],2439,0
306-B,No active trips,0,[],0,[],2439,1
288-H,No active trips,0,[],0,[],1522,0
288-H,No active trips,0,[],0,[],1522,1
288-H KBS-AGS-TDL,No active trips,0,[],0,[],1523,1
306-B TDL-MYH,No active trips,0,[],0,[],6881,0
PTH-VRP-TDL,No active trips,0,[],0,[],1526,0
PTH-VRP-TDL,No active trips,0,[],0,[],1526,1
242-Z,No active trips,0,[],0,[],2903,0
242-Z,No active trips,0,[],0,[],2903,1
215-X,No active trips,0,[],0,[],2311,0
215-X,No active trips,0,[],0,[],2311,1
MF-25,No active trips,0,[],0,[],6669,0
MF-25,No active trips,0,[],0,[],6669,1
263-A,No active trips,0,[],0,[],3526,0
263-A,No active trips,0,[],0,[],3526,1
228-E,No active trips,0,[],0,[],1403,0
228-E,No active trips,0,[],0,[],1403,1
228-H,No active trips,0,[],0,[],1406,0
228-H,No active trips,0,[],0,[],1406,1
228-H TPR-KMT-KBS,No active trips,0,[],0,[],1440,0
375-J,No active trips,0,[],0,[],1172,1
228-E SBS-TPR,No active trips,0,[],0,[],1410,1
227-ZA,No active trips,0,[],0,[],1394,0
227-ZA,No active trips,0,[],0,[],1394,1
227-ZA KMT-KLR-TMP,No active trips,0,[],0,[],7106,0
227-ZA KMT-KLR-TMP,No active trips,0,[],0,[],7106,1
318 KMT-THRM,No active trips,0,[],0,[],3181,0
342-Y,No active trips,0,[],0,[],2090,0
342-Y,No active trips,0,[],0,[],2090,1
228-B,No active trips,0,[],0,[],1398,0
228-B,No active trips,0,[],0,[],1398,1
377-B,No active trips,0,[],0,[],3748,1
256-MA D43G-TRHH,No active trips,0,[],0,[],7910,0
256-MA D43G-TRHH,No active trips,0,[],0,[],7910,1
256-MA,No active trips,0,[],0,[],2646,0
256-MA,No active trips,0,[],0,[],2646,1
253-D,No active trips,0,[],0,[],2525,0
253-D,No active trips,0,[],0,[],2525,1
253-D KBS-TNS,No active trips,0,[],0,[],2864,0
253-D KBS-TNS,No active trips,0,[],0,[],2864,1
253-D PSS-TRN,No active trips,0,[],0,[],2861,0
253-D PSS-TRN,No active trips,0,[],0,[],2861,1
226-V,No active trips,0,[],0,[],1322,0
226-V TRD-KBS,No active trips,0,[],0,[],6888,0
258-M D43G-TMG,No active trips,0,[],0,[],7913,1
258-M,No active trips,0,[],0,[],2004,0
258-M,No active trips,0,[],0,[],2004,1
258-M KMT-HIM-TMG,No active trips,0,[],0,[],8075,0
258-M KBS-TMG,No active trips,0,[],0,[],5754,0
500-L,No active trips,0,[],0,[],1774,0
500-L,No active trips,0,[],0,[],1774,1
317-BC,No active trips,0,[],0,[],8633,0
317-BC,No active trips,0,[],0,[],8633,1
D24G-TNFY,No active trips,0,[],0,[],7324,0
D24G-TNFY,No active trips,0,[],0,[],7324,1
D24-TNF,No active trips,0,[],0,[],6314,0
D24-TNF,No active trips,0,[],0,[],6314,1
500-CD D42-TNF,No active trips,0,[],0,[],8924,0
500-CD D42-TNF,No active trips,0,[],0,[],8924,1
500-CH D42G-TNF,No active trips,0,[],0,[],8959,1
500-EB,No active trips,0,[],0,[],8013,0
500-EB,No active trips,0,[],0,[],8013,1
EXP-317HT,No active trips,0,[],0,[],8503,0
EXP-317HT,No active trips,0,[],0,[],8503,1
500-CD,No active trips,0,[],0,[],8923,0
500-CD,No active trips,0,[],0,[],8923,1
500-CH,No active trips,0,[],0,[],2738,0
500-CH,No active trips,0,[],0,[],2738,1
285-MN,No active trips,0,[],0,[],6997,0
285-MN,No active trips,0,[],0,[],6997,1
D44-TLSP,No active trips,0,[],0,[],4479,0
215-T,No active trips,0,[],0,[],2320,0
215-T,No active trips,0,[],0,[],2320,1
210-TA,No active trips,0,[],0,[],6817,0
210-TA,No active trips,0,[],0,[],6817,1
210-WA,No active trips,0,[],0,[],2398,0
210-WA,No active trips,0,[],0,[],2398,1
258-VG,No active trips,0,[],0,[],6058,0
258-VG,No active trips,0,[],0,[],6058,1
MF-39 JBMS-UBD,No active trips,0,[],0,[],7927,0
MF-39 JBMS-UBD,No active trips,0,[],0,[],7927,1
234 KMT-UDB,No active trips,0,[],0,[],1455,0
234 KMT-UDB,No active trips,0,[],0,[],1455,1
227-D,No active trips,0,[],0,[],1355,0
227-D,No active trips,0,[],0,[],1355,1
221-J KGR-UDBVS,No active trips,0,[],0,[],7821,0
221-J KGR-UDBVS,No active trips,0,[],0,[],7821,1
298-A,No active trips,0,[],0,[],5070,1
298-A KMT-AGO-UNV,No active trips,0,[],0,[],6270,0
298-A KBS-UNV,No active trips,0,[],0,[],8198,0
298-A KBS-UNV,No active trips,0,[],0,[],8198,1
BGT-UJPD,No active trips,0,[],0,[],7619,0
BGT-UJPD,No active trips,0,[],0,[],7619,1
370-A,No active trips,0,[],0,[],2475,0
370-A,No active trips,0,[],0,[],2475,1
370-A KMT-JBS-UJPD,No active trips,0,[],0,[],3744,0
370-A KBS-UJPD,No active trips,0,[],0,[],3741,0
370-A KBS-UJPD,No active trips,0,[],0,[],3741,1
370-AA,No active trips,0,[],0,[],8326,1
MF-40,No active trips,0,[],0,[],2539,0
MF-40,No active trips,0,[],0,[],2539,1
238-UM CLO-UST,No active trips,0,[],0,[],8555,0
234-E DPJN-UST,No active trips,0,[],0,[],8817,0
238-UM DPN-VJN-UST,No active trips,0,[],0,[],7494,0
238-UM DPN-VJN-UST,No active trips,0,[],0,[],7494,1
241-S D31G-UST,No active trips,0,[],0,[],8956,0
234-A,No active trips,0,[],0,[],1456,0
234-A,No active trips,0,[],0,[],1456,1
234-A KMT-UPL-UST,No active trips,0,[],0,[],8808,1
241-A,No active trips,0,[],0,[],2148,0
234-E,No active trips,0,[],0,[],1460,0
234-E,No active trips,0,[],0,[],1460,1
234-E KBS-KMT-UPL-UST,No active trips,0,[],0,[],8809,1
234-E KBS-KMT-UST,No active trips,0,[],0,[],8810,1
234-EC,No active trips,0,[],0,[],1465,0
234-EC,No active trips,0,[],0,[],1465,1
238-UM,No active trips,0,[],0,[],7491,0
238-UM,No active trips,0,[],0,[],7491,1
238-VM,No active trips,0,[],0,[],7492,0
238-VM,No active trips,0,[],0,[],7492,1
241-S KBS-UST,No active trips,0,[],0,[],5548,0
241-S KBS-UST,No active trips,0,[],0,[],5548,1
234-A UST-MRBS,No active trips,0,[],0,[],5963,0
241-S,No active trips,0,[],0,[],5545,1
317-U,No active trips,0,[],0,[],3558,0
317-U,No active trips,0,[],0,[],3558,1
222-C,No active trips,0,[],0,[],1141,0
222-C,No active trips,0,[],0,[],1141,1
UPLO-MDP-CLO,No active trips,0,[],0,[],7771,0
238-J,No active trips,0,[],0,[],7770,0
238-J,No active trips,0,[],0,[],7770,1
238-VB,No active trips,0,[],0,[],8483,0
238-VB,No active trips,0,[],0,[],8483,1
243-A,No active trips,0,[],0,[],2922,0
243-A,No active trips,0,[],0,[],2922,1
210-N,No active trips,0,[],0,[],2116,0
210-N,No active trips,0,[],0,[],2116,1
210-NG,No active trips,0,[],0,[],2679,0
210-NG,No active trips,0,[],0,[],2679,1
210-NH,No active trips,0,[],0,[],2680,0
210-NH,No active trips,0,[],0,[],2680,1
32 SBS-NRC-UTH,No active trips,0,[],0,[],8778,0
32 SBS-NRC-UTH,No active trips,0,[],0,[],8778,1
MF-17,No active trips,0,[],0,[],4471,0
MF-17,No active trips,0,[],0,[],4471,1
366-R D27G-VDP,No active trips,0,[],0,[],7803,0
366-R D27G-VDP,No active trips,0,[],0,[],7803,1
366-R,No active trips,0,[],0,[],5121,0
366-R,No active trips,0,[],0,[],5121,1
211-C,No active trips,0,[],0,[],1846,0
211-C,No active trips,0,[],0,[],1846,1
211-J,No active trips,0,[],0,[],1871,0
211-J,No active trips,0,[],0,[],1871,1
VMH-D34G,No active trips,0,[],0,[],7618,0
366-W,No active trips,0,[],0,[],5124,0
366-W,No active trips,0,[],0,[],5124,1
365-W,No active trips,0,[],0,[],2021,0
365-W,No active trips,0,[],0,[],2021,1
317-VT,No active trips,0,[],0,[],3616,0
317-VT,No active trips,0,[],0,[],3616,1
305-L,No active trips,0,[],0,[],2980,0
305-L,No active trips,0,[],0,[],2980,1
YTTMC-VYKVLP,No active trips,0,[],0,[],4806,0
YTTMC-VYKVLP,No active trips,0,[],0,[],4806,1
226-D,No active trips,0,[],0,[],1237,0
226-D,No active trips,0,[],0,[],1237,1
258-SA,No active trips,0,[],0,[],2024,0
258-SA,No active trips,0,[],0,[],2024,1
258-SA VKP-KBS,No active trips,0,[],0,[],3536,0
342-J,No active trips,0,[],0,[],2095,0
342-J,No active trips,0,[],0,[],2095,1
328-E D41G-VLP,No active trips,0,[],0,[],3435,0
328-E D41G-VLP,No active trips,0,[],0,[],3435,1
328-E,No active trips,0,[],0,[],3432,0
328-E,No active trips,0,[],0,[],3432,1
328-F,No active trips,0,[],0,[],3439,0
328-F,No active trips,0,[],0,[],3439,1
211 BSK-VLS,No active trips,0,[],0,[],3045,0
211 BSK-VLS,No active trips,0,[],0,[],3045,1
211 KBS-VLS,No active trips,0,[],0,[],4433,0
211 KBS-VLS,No active trips,0,[],0,[],4433,1
258-H,No active trips,0,[],0,[],3458,1
224-A,No active trips,0,[],0,[],1205,0
224-A,No active trips,0,[],0,[],1205,1
224-A KBS-VRS,No active trips,0,[],0,[],5657,0
224-A KBS-VRS,No active trips,0,[],0,[],5657,1
505,No active trips,0,[],0,[],7083,1
505 TNF-KKH-VRK,No active trips,0,[],0,[],7785,0
WTTMC-KDLG-VRTKD,No active trips,0,[],0,[],6856,0
WTTMC-KDLG-VRTKD,No active trips,0,[],0,[],6856,1
328-HF,No active trips,0,[],0,[],6829,0
328-HF,No active trips,0,[],0,[],6829,1
D51G-VRKD,No active trips,0,[],0,[],6831,0
D51G-VRKD,No active trips,0,[],0,[],6831,1
317-DS DSH-HSK-VRKD,No active trips,0,[],0,[],7876,0
317-DS DSH-HSK-VRKD,No active trips,0,[],0,[],7876,1
328,No active trips,0,[],0,[],1264,0
328,No active trips,0,[],0,[],1264,1
282-D KBS-VVC,No active trips,0,[],0,[],3643,0
282-D KBS-VVC,No active trips,0,[],0,[],3643,1
VSE-SBS,No active trips,0,[],0,[],7290,0
210-E KBS-CEC,No active trips,0,[],0,[],2447,0
210-E KBS-CEC,No active trips,0,[],0,[],2447,1
210-D,No active trips,0,[],0,[],2444,0
210-D,No active trips,0,[],0,[],2444,1
210-E,No active trips,0,[],0,[],2450,0
210-E,No active trips,0,[],0,[],2450,1
210-R,No active trips,0,[],0,[],2114,0
210-R,No active trips,0,[],0,[],2114,1
210-G,No active trips,0,[],0,[],2113,0
210-G,No active trips,0,[],0,[],2113,1
43-D,No active trips,0,[],0,[],2358,0
43-D PPLO-VBN,No active trips,0,[],0,[],3149,0
43-D PPLO-VBN,No active trips,0,[],0,[],3149,1
307-A,No active trips,0,[],0,[],6470,0
307-A,No active trips,0,[],0,[],6470,1
307-A MDR-VRH,No active trips,0,[],0,[],6770,0
307-A MDR-VRH,No active trips,0,[],0,[],6770,1
227-M KBS-VGD,No active trips,0,[],0,[],8971,0
227-M,No active trips,0,[],0,[],6028,0
227-M,No active trips,0,[],0,[],6028,1
25-B AGL-VSD,No active trips,0,[],0,[],6863,1
225-C BEML5-BCH-VSD,No active trips,0,[],0,[],8932,0
225-C BEML5-BCH-VSD,No active trips,0,[],0,[],8932,1
342 D42G-CPWD-VSD,No active trips,0,[],0,[],8244,0
342 D42G-CPWD-VSD,No active trips,0,[],0,[],8244,1
2-E  JPN6-VSD,No active trips,0,[],0,[],3508,0
2-E  JPN6-VSD,No active trips,0,[],0,[],3508,1
211-UB JLO-KHCV,No active trips,0,[],0,[],1890,0
284-C VSD-JLOW,No active trips,0,[],0,[],4542,0
301-A VSD-NRIL,No active trips,0,[],0,[],5849,0
222-K KHBQ-VSD Flyover,No active trips,0,[],0,[],7558,0
36 VSD-KMTFLY-SRN,No active trips,0,[],0,[],6170,0
215-NE ANP11-KMT-VSD,No active trips,0,[],0,[],6094,0
215-NE ANP11-KMT-VSD,No active trips,0,[],0,[],6094,1
215-NE ANP11-MNRV-VSD,No active trips,0,[],0,[],5721,0
215-NE ANP11-MNRV-VSD,No active trips,0,[],0,[],5721,1
88-B BSN-VSD-KBS,No active trips,0,[],0,[],4265,0
88-B BSN-VSD-KBS,No active trips,0,[],0,[],4265,1
241-D BRTN-VSD,No active trips,0,[],0,[],6171,0
241-D BRTN-VSD,No active trips,0,[],0,[],6171,1
226-N VSD,No active trips,0,[],0,[],1311,0
226-N VSD,No active trips,0,[],0,[],1311,1
253-J VSD-HGV,No active trips,0,[],0,[],3917,0
288-G VSD-KDHCB,No active trips,0,[],0,[],4695,0
210-B KTNR-KMT-VSD,No active trips,0,[],0,[],1817,0
242-B TVK-KBS-VSD,No active trips,0,[],0,[],7707,0
242-B TVK-KBS-VSD,No active trips,0,[],0,[],7707,1
288 VSD-TDL,No active trips,0,[],0,[],4684,0
234-E VSD-KMT-UST,No active trips,0,[],0,[],8416,0
234-E VSD-KMT-UST,No active trips,0,[],0,[],8416,1
282 BLR-VNC,No active trips,0,[],0,[],8237,0
282 BLR-VNC,No active trips,0,[],0,[],8237,1
500-D CSB-VNS,No active trips,0,[],0,[],8754,0
500-D CSB-VNS,No active trips,0,[],0,[],8754,1
KMT-KBS-VNS,No active trips,0,[],0,[],4325,0
KMT-KBS-VNS,No active trips,0,[],0,[],4325,1
KMT-KRC-RTN-VNS,No active trips,0,[],0,[],6450,0
KMT-KRC-RTN-VNS,No active trips,0,[],0,[],6450,1
285 KBS-VPSH,No active trips,0,[],0,[],1192,0
285 KBS-VPSH,No active trips,0,[],0,[],1192,1
284 SBS-RTN-VNS,No active trips,0,[],0,[],4113,0
284 SBS-RTN-VNS,No active trips,0,[],0,[],4113,1
YBS-HBL-VNS,No active trips,0,[],0,[],8680,0
43-A VPC-VSD-KBS,No active trips,0,[],0,[],2953,0
D45G-VRP,No active trips,0,[],0,[],6284,0
D45G-VRP,No active trips,0,[],0,[],6284,1
JHC-CKB-VRP,No active trips,0,[],0,[],6724,0
JHC-CKB-VRP,No active trips,0,[],0,[],6724,1
269-A KMT-RCP-VRP,No active trips,0,[],0,[],4260,0
269-A KMT-RCP-VRP,No active trips,0,[],0,[],4260,1
276-E,No active trips,0,[],0,[],6275,0
276-E,No active trips,0,[],0,[],6275,1
269-B,No active trips,0,[],0,[],4253,0
269-B,No active trips,0,[],0,[],4253,1
276,No active trips,0,[],0,[],2105,0
276,No active trips,0,[],0,[],2105,1
276-A,No active trips,0,[],0,[],2527,0
276-A,No active trips,0,[],0,[],2527,1
265-D PSS-VGN,No active trips,0,[],0,[],3629,0
265-D SBS-VSD-VGN,No active trips,0,[],0,[],3638,1
401-RD KGR-VJN,No active trips,0,[],0,[],7789,0
MF-19,No active trips,0,[],0,[],8794,0
MF-19,No active trips,0,[],0,[],8794,1
63-C,No active trips,0,[],0,[],3765,0
63-C,No active trips,0,[],0,[],3765,1
MF-12A,No active trips,0,[],0,[],8999,0
MF-12A,No active trips,0,[],0,[],8999,1
121-BA,No active trips,0,[],0,[],1753,0
121-BA,No active trips,0,[],0,[],1753,1
121-BA SBS-KMTFLY-VJN,No active trips,0,[],0,[],8208,1
MF-13 VJN-VJN,No active trips,0,[],0,[],7100,0
298-M DVH-HRH-VJP,No active trips,0,[],0,[],6963,0
298-M DVH-HRH-VJP,No active trips,0,[],0,[],6963,1
298-MP HBLB-VJP,No active trips,0,[],0,[],7294,0
298-MP HBLB-VJP,No active trips,0,[],0,[],7294,1
298-PA,No active trips,0,[],0,[],3693,1
298-PB,No active trips,0,[],0,[],5163,0
298-PB,No active trips,0,[],0,[],5163,1
381-C,No active trips,0,[],0,[],3261,0
381-C,No active trips,0,[],0,[],3261,1
298-MV,No active trips,0,[],0,[],2639,0
298-MV,No active trips,0,[],0,[],2639,1
293-ZA,No active trips,0,[],0,[],4541,0
293-ZA,No active trips,0,[],0,[],4541,1
298-MC,No active trips,0,[],0,[],5154,0
298-MC,No active trips,0,[],0,[],5154,1
298-MP,No active trips,0,[],0,[],1348,0
298-MP,No active trips,0,[],0,[],1348,1
298-MP KBS-HRH-VJP,No active trips,0,[],0,[],7425,0
298-MP KBS-HRH-VJP,No active trips,0,[],0,[],7425,1
298-Y KBS-YLR-VJP,No active trips,0,[],0,[],6556,0
298-Z,No active trips,0,[],0,[],5172,0
298-Z,No active trips,0,[],0,[],5172,1
289-AV,No active trips,0,[],0,[],3779,0
289-AV,No active trips,0,[],0,[],3779,1
298-MC YHK-VJP,No active trips,0,[],0,[],5155,1
298-MP YHLOT-VJP,No active trips,0,[],0,[],7798,1
298-MV YHKOT-VJP,No active trips,0,[],0,[],6439,0
298-MV YHKOT-VJP,No active trips,0,[],0,[],6439,1
298-Y VJP-YLR-YHKOT,No active trips,0,[],0,[],6557,0
D43-VNC,No active trips,0,[],0,[],7884,0
D43-VNC,No active trips,0,[],0,[],7884,1
248-J,No active trips,0,[],0,[],2282,0
248-J,No active trips,0,[],0,[],2282,1
215-M,No active trips,0,[],0,[],6938,0
215-M,No active trips,0,[],0,[],6938,1
CLO-VNK,No active trips,0,[],0,[],7735,0
CLO-VNK,No active trips,0,[],0,[],7735,1
154,No active trips,0,[],0,[],7734,0
154,No active trips,0,[],0,[],7734,1
287-D,No active trips,0,[],0,[],3346,0
287-D,No active trips,0,[],0,[],3346,1
415-F,No active trips,0,[],0,[],3321,0
415-F,No active trips,0,[],0,[],3321,1
415-B,No active trips,0,[],0,[],3311,0
415-B,No active trips,0,[],0,[],3311,1
415-B KBS-VSD-VNH,No active trips,0,[],0,[],6192,1
415,No active trips,0,[],0,[],3306,0
415,No active trips,0,[],0,[],3306,1
297-K PTH-VNP,No active trips,0,[],0,[],6300,0
297-K,No active trips,0,[],0,[],4556,0
297-K,No active trips,0,[],0,[],4556,1
343-K,No active trips,0,[],0,[],3366,0
343-K,No active trips,0,[],0,[],3366,1
60-A JNN-VTN,No active trips,0,[],0,[],8085,0
60-A JNN-VTN,No active trips,0,[],0,[],8085,1
146,No active trips,0,[],0,[],3348,0
146,No active trips,0,[],0,[],3348,1
201 SRN-VVKN,No active trips,0,[],0,[],1778,0
43-A,No active trips,0,[],0,[],2303,0
43-A,No active trips,0,[],0,[],2303,1
34-B,No active trips,0,[],0,[],2557,0
34-B,No active trips,0,[],0,[],2557,1
43-A VSD-VKNN,No active trips,0,[],0,[],2958,0
279-E KBS-WMR,No active trips,0,[],0,[],6373,1
RTNP-WSPM,No active trips,0,[],0,[],4698,0
D18-WFTTMC,No active trips,0,[],0,[],1692,0
D18-WFTTMC,No active trips,0,[],0,[],1692,1
500-HC HBLB-WTTMC,No active trips,0,[],0,[],3487,0
MF-1G ITPLMS-WTTMC,No active trips,0,[],0,[],6396,0
MF-1G ITPLMS-WTTMC,No active trips,0,[],0,[],6396,1
210-N KBS-WPLS,No active trips,0,[],0,[],8734,0
210-N KBS-WPLS,No active trips,0,[],0,[],8734,1
37 SBS-WPLS,No active trips,0,[],0,[],8740,1
242-F,No active trips,0,[],0,[],3963,0
242-F,No active trips,0,[],0,[],3963,1
242-FB,No active trips,0,[],0,[],1135,0
D35G-YKH,No active trips,0,[],0,[],5315,0
D35G-YKH,No active trips,0,[],0,[],5315,1
241-C,No active trips,0,[],0,[],1899,0
241-C,No active trips,0,[],0,[],1899,1
241-CB,No active trips,0,[],0,[],1902,0
241-CB,No active trips,0,[],0,[],1902,1
226-YB,No active trips,0,[],0,[],7953,1
293-L,No active trips,0,[],0,[],5045,0
293-L,No active trips,0,[],0,[],5045,1
KMT-BLS-YPB,No active trips,0,[],0,[],4842,0
KMT-BLS-YPB,No active trips,0,[],0,[],4842,1
295-D KBS-YBD,No active trips,0,[],0,[],7624,0
295-D KBS-YBD,No active trips,0,[],0,[],7624,1
293-L SBS-YBD,No active trips,0,[],0,[],7627,0
293-L SBS-YBD,No active trips,0,[],0,[],7627,1
295-D,No active trips,0,[],0,[],4583,0
295-D,No active trips,0,[],0,[],4583,1
280-L,No active trips,0,[],0,[],2642,0
280-L,No active trips,0,[],0,[],2642,1
296-A,No active trips,0,[],0,[],5602,0
296-A,No active trips,0,[],0,[],5602,1
280-L YPH-PTH,No active trips,0,[],0,[],2643,1
258-VC,No active trips,0,[],0,[],2070,1
258-VC KMT-OBNH-YLG,No active trips,0,[],0,[],8508,0
401 ABDYNG-YHK,No active trips,0,[],0,[],7714,0
290-E ARMY-SBS-YHKOT,No active trips,0,[],0,[],7377,0
290-E ARMY-SBS-YHKOT,No active trips,0,[],0,[],7377,1
314 BEMLF-SBS-YHK,No active trips,0,[],0,[],7364,0
314 BEMLF-SBS-YHK,No active trips,0,[],0,[],7364,1
401-R,No active trips,0,[],0,[],1419,0
401-R,No active trips,0,[],0,[],1419,1
290-E BCGHS-SBS-YHKOT,No active trips,0,[],0,[],4031,0
290-E BCGHS-SBS-YHKOT,No active trips,0,[],0,[],4031,1
401-E,No active trips,0,[],0,[],1484,0
401-E,No active trips,0,[],0,[],1484,1
401-RA CKP-YHKOT,No active trips,0,[],0,[],8097,0
401-RA CKP-YHKOT,No active trips,0,[],0,[],8097,1
290-E D10G-YHKOT,No active trips,0,[],0,[],8718,0
290-E D10G-YHKOT,No active trips,0,[],0,[],8718,1
401-A D43G-YHKOT,No active trips,0,[],0,[],7923,1
289-P D52G-YHKOT,No active trips,0,[],0,[],7487,0
289-P D52G-YHKOT,No active trips,0,[],0,[],7487,1
282B D52G-VNC-YHKOT,No active trips,0,[],0,[],7481,0
282B D52G-VNC-YHKOT,No active trips,0,[],0,[],7481,1
298-MY DVH-YHKOT,No active trips,0,[],0,[],2596,0
298-MY DVH-YHKOT,No active trips,0,[],0,[],2596,1
401-B,No active trips,0,[],0,[],1483,0
401-B,No active trips,0,[],0,[],1483,1
JKLO-YHK,No active trips,0,[],0,[],8951,0
276-F KMT-YHKOT,No active trips,0,[],0,[],6288,0
280-A KMT-YHKOT,No active trips,0,[],0,[],1182,1
290-E KMT-YHKOT,No active trips,0,[],0,[],1546,0
290-E KMT-YHKOT,No active trips,0,[],0,[],1546,1
G-10,No active trips,0,[],0,[],1533,0
G-10,No active trips,0,[],0,[],1533,1
290-E KLN-YLKOT,No active trips,0,[],0,[],3970,0
290-E KLN-YLKOT,No active trips,0,[],0,[],3970,1
276-F,No active trips,0,[],0,[],2534,0
276-F,No active trips,0,[],0,[],2534,1
284,No active trips,0,[],0,[],1176,0
284,No active trips,0,[],0,[],1176,1
290-EY,No active trips,0,[],0,[],2584,0
290-EY,No active trips,0,[],0,[],2584,1
401-K,No active trips,0,[],0,[],1558,0
401-K,No active trips,0,[],0,[],1558,1
401-BB,No active trips,0,[],0,[],3089,0
401-BB,No active trips,0,[],0,[],3089,1
407-B NES-HGT-RJN-YHK,No active trips,0,[],0,[],8677,1
407-C NES-IAF-RJN-YHK,No active trips,0,[],0,[],8678,0
407-C NES-IAF-RJN-YHK,No active trips,0,[],0,[],8678,1
290-EJ NGWJN-GKVK-YHK,No active trips,0,[],0,[],7852,0
290-EJ NGWJN-GKVK-YHK,No active trips,0,[],0,[],7852,1
401-A NMG-YHKOT,No active trips,0,[],0,[],3576,1
409,No active trips,0,[],0,[],3560,0
401-A PSS-SGP-YHK,No active trips,0,[],0,[],8781,0
401-A PSS-SGP-YHK,No active trips,0,[],0,[],8781,1
401-PS,No active trips,0,[],0,[],1550,0
401-PS,No active trips,0,[],0,[],1550,1
PTH-YHKOT,No active trips,0,[],0,[],1177,0
PTH-YHKOT,No active trips,0,[],0,[],1177,1
401-KA,No active trips,0,[],0,[],1565,0
290-E RMC-SBS-YHKOT,No active trips,0,[],0,[],4605,0
290-E,No active trips,0,[],0,[],1324,0
290-E,No active trips,0,[],0,[],1324,1
290-S SBS-YHKOT,No active trips,0,[],0,[],8984,0
292-A,No active trips,0,[],0,[],7131,0
292-A,No active trips,0,[],0,[],7131,1
292-CA SBS-YHKOT,No active trips,0,[],0,[],7025,0
292-CA SBS-YHKOT,No active trips,0,[],0,[],7025,1
290-E SPHS-YHKOT,No active trips,0,[],0,[],7365,0
290-E STJHS-YHKOT,No active trips,0,[],0,[],5682,0
290-E STJHS-YHKOT,No active trips,0,[],0,[],5682,1
289-F YHKOT-LHAI,No active trips,0,[],0,[],7397,0
284 VNS-YHKOT,No active trips,0,[],0,[],3075,0
401,No active trips,0,[],0,[],1651,0
401,No active trips,0,[],0,[],1651,1
D45G-YST,No active trips,0,[],0,[],4271,0
284-A,No active trips,0,[],0,[],4331,0
284-D,No active trips,0,[],0,[],1175,0
284-D,No active trips,0,[],0,[],1175,1
290-EB,No active trips,0,[],0,[],6325,0
290-EB,No active trips,0,[],0,[],6325,1
D34G-YLH,No active trips,0,[],0,[],4460,0
369-N,No active trips,0,[],0,[],3797,0
369-N,No active trips,0,[],0,[],3797,1
362-C SBS-YLH,No active trips,0,[],0,[],3053,0
362-C SBS-YLH,No active trips,0,[],0,[],3053,1
298-Y,No active trips,0,[],0,[],5170,0
298-Y,No active trips,0,[],0,[],5170,1
258-VF,No active trips,0,[],0,[],2075,0
258-VF,No active trips,0,[],0,[],2075,1
314-B YBS-BEMLG,No active trips,0,[],0,[],4240,0
410-FB,No active trips,0,[],0,[],8116,0
410-FB,No active trips,0,[],0,[],8116,1
410-FA,No active trips,0,[],0,[],1659,0
410-FA,No active trips,0,[],0,[],1659,1
410-FB YBS-BCH,No active trips,0,[],0,[],8801,0
410-FB YBS-BCH,No active trips,0,[],0,[],8801,1
401-RA,No active trips,0,[],0,[],7743,0
401-RA,No active trips,0,[],0,[],7743,1
410-FA DPJN-YBS,No active trips,0,[],0,[],6622,0
D8-YBS,No active trips,0,[],0,[],1655,0
D8-YBS,No active trips,0,[],0,[],1655,1
401-KB YBS-D12G,No active trips,0,[],0,[],7790,0
D26-YBS,No active trips,0,[],0,[],1552,0
D26-YBS,No active trips,0,[],0,[],1552,1
NICE-7A ELCW-YBS,No active trips,0,[],0,[],6677,0
500-A ISROM-HBL-MTK-YBS,No active trips,0,[],0,[],8125,0
80-F JBN-YTTMC,No active trips,0,[],0,[],4940,0
80-F JBN-YTTMC,No active trips,0,[],0,[],4940,1
410-F,No active trips,0,[],0,[],3270,0
401-M KRB-YTTMC,No active trips,0,[],0,[],5673,0
401-M KRB-YTTMC,No active trips,0,[],0,[],5673,1
90-E KBS-YTTMC,No active trips,0,[],0,[],5128,0
90-E KBS-YTTMC,No active trips,0,[],0,[],5128,1
KBS-YTTMC,No active trips,0,[],0,[],7665,0
515-KY,No active trips,0,[],0,[],8513,0
515-KY,No active trips,0,[],0,[],8513,1
401-KC,No active trips,0,[],0,[],8451,0
401-KC,No active trips,0,[],0,[],8451,1
401-M,No active trips,0,[],0,[],1086,0
401-M,No active trips,0,[],0,[],1086,1
401-ZA,No active trips,0,[],0,[],3481,0
401-ZA,No active trips,0,[],0,[],3481,1
410-FA BTM-YTTMC,No active trips,0,[],0,[],7794,0
410-FA BTM-YTTMC,No active trips,0,[],0,[],7794,1
271-K MTNR-YTTMC,No active trips,0,[],0,[],6619,0
410-FG MRMS-YTTMC,No active trips,0,[],0,[],1672,0
410-FG MRMS-YTTMC,No active trips,0,[],0,[],1672,1
401-K NMIT-NES-MSP-YTTMC,No active trips,0,[],0,[],5031,0
401-K NMIT-NES-MSP-YTTMC,No active trips,0,[],0,[],5031,1
410-FB YBS-NLS,No active trips,0,[],0,[],8800,0
410-FB YBS-NLS,No active trips,0,[],0,[],8800,1
258-C YBS-NMTO,No active trips,0,[],0,[],8267,1
YBS-POWA,No active trips,0,[],0,[],8380,0
410-FA SGH-YTTMC,No active trips,0,[],0,[],7776,0
410-FA SGH-YTTMC,No active trips,0,[],0,[],7776,1
94,No active trips,0,[],0,[],1725,0
94,No active trips,0,[],0,[],1725,1
271-R,No active trips,0,[],0,[],4315,0
82-AR,No active trips,0,[],0,[],4841,0
82-AR,No active trips,0,[],0,[],4841,1
YTTMC-YPRS,No active trips,0,[],0,[],6313,0
YTTMC-YPRS,No active trips,0,[],0,[],6313,1
90-E,No active trips,0,[],0,[],3451,0
90-E,No active trips,0,[],0,[],3451,1
90E YBS-YRS,No active trips,0,[],0,[],6676,0
90E YBS-YRS,No active trips,0,[],0,[],6676,1
304-P,No active trips,0,[],0,[],2409,0
304-P,No active trips,0,[],0,[],2409,1
